timestamp,commit,profile,bench,metric,value_ms
1783550493,2d70d1d3a,release,list-scroll,build_ms,0.2032
1783550493,2d70d1d3a,release,list-scroll,frame_p50_ms,0.0100
1783550493,2d70d1d3a,release,list-scroll,frame_p95_ms,0.0114
1783550498,2d70d1d3a,release,documents-list,refresh_ms,42.0880
1783550498,2d70d1d3a,release,documents-list,scroll_p50_ms,0.0064
1783550498,2d70d1d3a,release,documents-list,mount_p50_ms,0.0085
1783550498,2d70d1d3a,release,documents-list,paint_p50_ms,0.2468
1783550503,2d70d1d3a,release,search-scroll,mount_p50_ms,0.0015
1783550503,2d70d1d3a,release,search-scroll,paint_p50_ms,0.3354
1783550503,2d70d1d3a,release,search-scroll,paint_p95_ms,0.4153
1783550531,2d70d1d3a,release,monster-scroll,mount_p50_ms,0.0869
1783550531,2d70d1d3a,release,monster-scroll,paint_p50_ms,0.7574
1783550531,2d70d1d3a,release,monster-scroll,paint_p95_ms,0.9757
1783550572,2d70d1d3a,release,monster-search-scroll,mount_p50_ms,0.0803
1783550572,2d70d1d3a,release,monster-search-scroll,mount_max_ms,0.1681
1783550572,2d70d1d3a,release,monster-search-scroll,paint_p50_ms,0.8548
1783550579,2d70d1d3a,release,render-scroll,avg_ms,0.8150
1783550579,2d70d1d3a,release,render-scroll,p50_ms,0.8044
1783550579,2d70d1d3a,release,render-scroll,p95_ms,0.9698
1783550586,2d70d1d3a,release,typing,monster_p50_ms,2.0295
1783550586,2d70d1d3a,release,typing,scratch_p50_ms,0.5660
1783550601,2d70d1d3a,release,monster-scroll,mount_p50_ms,0.0869
1783550601,2d70d1d3a,release,monster-scroll,paint_p50_ms,0.7512
1783550601,2d70d1d3a,release,monster-scroll,paint_p95_ms,0.9607
1783550609,2d70d1d3a,release,typing,monster_p50_ms,1.9669
1783550609,2d70d1d3a,release,typing,scratch_p50_ms,0.6430
1783550610,2d70d1d3a,release,list-scroll,build_ms,0.2199
1783550610,2d70d1d3a,release,list-scroll,frame_p50_ms,0.0071
1783550610,2d70d1d3a,release,list-scroll,frame_p95_ms,0.0075
1783550691,2d70d1d3a,debug,monster-search-scroll,mount_p50_ms,0.0000
1783550691,2d70d1d3a,debug,monster-search-scroll,mount_max_ms,0.0000
1783550691,2d70d1d3a,debug,monster-search-scroll,paint_p50_ms,0.0000
1783550692,2d70d1d3a,debug,typing,monster_p50_ms,13.0067
1783550692,2d70d1d3a,debug,typing,scratch_p50_ms,2.7419
1783550703,2d70d1d3a,debug,monster-scroll,mount_p50_ms,0.6715
1783550703,2d70d1d3a,debug,monster-scroll,paint_p50_ms,5.3299
1783550703,2d70d1d3a,debug,monster-scroll,paint_p95_ms,8.0153
1783550716,2d70d1d3a,debug,render-scroll,avg_ms,4.9135
1783550716,2d70d1d3a,debug,render-scroll,p50_ms,4.6672
1783550716,2d70d1d3a,debug,render-scroll,p95_ms,7.3456
1783550862,2d70d1d3a,debug,render-scroll,avg_ms,3.2628
1783550862,2d70d1d3a,debug,render-scroll,p50_ms,3.2052
1783550862,2d70d1d3a,debug,render-scroll,p95_ms,4.5768
1783550874,2d70d1d3a,debug,monster-scroll,mount_p50_ms,0.4367
1783550874,2d70d1d3a,debug,monster-scroll,paint_p50_ms,1.4737
1783550874,2d70d1d3a,debug,monster-scroll,paint_p95_ms,2.1274
1783550883,2d70d1d3a,debug,monster-search-scroll,mount_p50_ms,0.0000
1783550883,2d70d1d3a,debug,monster-search-scroll,mount_max_ms,0.0000
1783550883,2d70d1d3a,debug,monster-search-scroll,paint_p50_ms,0.0000
1783550921,2d70d1d3a,debug,typing,monster_p50_ms,2.2452
1783550921,2d70d1d3a,debug,typing,scratch_p50_ms,0.6151
1783551018,2d70d1d3a,debug,render-scroll,avg_ms,1.4707
1783551018,2d70d1d3a,debug,render-scroll,p50_ms,1.4885
1783551018,2d70d1d3a,debug,render-scroll,p95_ms,2.0085
1783551027,2d70d1d3a,debug,monster-search-scroll,mount_p50_ms,0.0000
1783551027,2d70d1d3a,debug,monster-search-scroll,mount_max_ms,0.0000
1783551027,2d70d1d3a,debug,monster-search-scroll,paint_p50_ms,0.0000
1783551038,2d70d1d3a,debug,monster-scroll,mount_p50_ms,0.4033
1783551038,2d70d1d3a,debug,monster-scroll,paint_p50_ms,1.0431
1783551038,2d70d1d3a,debug,monster-scroll,paint_p95_ms,1.3235
1783551048,2d70d1d3a,debug,typing,monster_p50_ms,1.8797
1783551048,2d70d1d3a,debug,typing,scratch_p50_ms,0.4325
1783551059,2d70d1d3a,debug,documents-list,refresh_ms,53.4460
1783551059,2d70d1d3a,debug,documents-list,scroll_p50_ms,0.0085
1783551059,2d70d1d3a,debug,documents-list,mount_p50_ms,0.0196
1783551059,2d70d1d3a,debug,documents-list,paint_p50_ms,0.2135
1783551074,2d70d1d3a,debug,plain-typing,keystroke_p50_ms,0.3586
1783551142,2d70d1d3a,debug,list-scroll,build_ms,5.5073
1783551142,2d70d1d3a,debug,list-scroll,frame_p50_ms,0.0523
1783551142,2d70d1d3a,debug,list-scroll,frame_p95_ms,0.0815
1783551166,2d70d1d3a,debug,search-landing,worst_ms,49.4124
1783551166,2d70d1d3a,debug,search-scroll,mount_p50_ms,0.0045
1783551166,2d70d1d3a,debug,search-scroll,paint_p50_ms,0.2791
1783551166,2d70d1d3a,debug,search-scroll,paint_p95_ms,0.4035
1783551580,2d70d1d3a,release,monster-scroll,mount_p50_ms,0.1967
1783551580,2d70d1d3a,release,monster-scroll,paint_p50_ms,2.5582
1783551580,2d70d1d3a,release,monster-scroll,paint_p95_ms,3.5360
1783551597,2d70d1d3a,release,monster-search-scroll,mount_p50_ms,0.0000
1783551597,2d70d1d3a,release,monster-search-scroll,mount_max_ms,0.0000
1783551597,2d70d1d3a,release,monster-search-scroll,paint_p50_ms,0.0000
1783551607,2d70d1d3a,release,render-scroll,avg_ms,0.6970
1783551607,2d70d1d3a,release,render-scroll,p50_ms,0.6895
1783551607,2d70d1d3a,release,render-scroll,p95_ms,0.8315
1783551625,2d70d1d3a,release,typing,monster_p50_ms,1.4945
1783551625,2d70d1d3a,release,typing,scratch_p50_ms,0.3565
1783551628,2d70d1d3a,release,documents-list,refresh_ms,58.6387
1783551628,2d70d1d3a,release,documents-list,scroll_p50_ms,0.0062
1783551628,2d70d1d3a,release,documents-list,mount_p50_ms,0.0078
1783551628,2d70d1d3a,release,documents-list,paint_p50_ms,0.1893
1783551629,2d70d1d3a,release,plain-typing,keystroke_p50_ms,0.0518
1783551677,2d70d1d3a,release,list-scroll,build_ms,0.4987
1783551677,2d70d1d3a,release,list-scroll,frame_p50_ms,0.0124
1783551677,2d70d1d3a,release,list-scroll,frame_p95_ms,0.0167
1783551680,2d70d1d3a,release,search-landing,worst_ms,37.3145
1783551680,2d70d1d3a,release,search-scroll,mount_p50_ms,0.0016
1783551680,2d70d1d3a,release,search-scroll,paint_p50_ms,0.2516
1783551680,2d70d1d3a,release,search-scroll,paint_p95_ms,0.3299
1783551905,2d70d1d3a,release,monster-search-scroll,mount_p50_ms,0.0000
1783551905,2d70d1d3a,release,monster-search-scroll,mount_max_ms,0.0000
1783551905,2d70d1d3a,release,monster-search-scroll,paint_p50_ms,0.0000
1783551934,2d70d1d3a,release,render-scroll,avg_ms,1.1777
1783551934,2d70d1d3a,release,render-scroll,p50_ms,0.9539
1783551934,2d70d1d3a,release,render-scroll,p95_ms,2.1963
1783551941,2d70d1d3a,release,monster-scroll,mount_p50_ms,0.0961
1783551941,2d70d1d3a,release,monster-scroll,paint_p50_ms,0.6894
1783551941,2d70d1d3a,release,monster-scroll,paint_p95_ms,0.9719
1783551960,2d70d1d3a,release,typing,monster_p50_ms,1.5416
1783551960,2d70d1d3a,release,typing,scratch_p50_ms,0.4652
1783551962,2d70d1d3a,release,documents-list,refresh_ms,57.9548
1783551962,2d70d1d3a,release,documents-list,scroll_p50_ms,0.0062
1783551962,2d70d1d3a,release,documents-list,mount_p50_ms,0.0079
1783551962,2d70d1d3a,release,documents-list,paint_p50_ms,0.1893
1783551963,2d70d1d3a,release,plain-typing,keystroke_p50_ms,0.0510
1783552008,2d70d1d3a,release,list-scroll,build_ms,0.2489
1783552008,2d70d1d3a,release,list-scroll,frame_p50_ms,0.0068
1783552008,2d70d1d3a,release,list-scroll,frame_p95_ms,0.0073
1783552009,2d70d1d3a,release,search-landing,worst_ms,18.1548
1783552009,2d70d1d3a,release,search-scroll,mount_p50_ms,0.0017
1783552009,2d70d1d3a,release,search-scroll,paint_p50_ms,0.2504
1783552009,2d70d1d3a,release,search-scroll,paint_p95_ms,0.3135
1783552145,2d70d1d3a,debug,monster-resize,sync_ms,15.2718
1783552146,2d70d1d3a,debug,monster-resize,repair_effect_ms,999.7815
1783552243,2d70d1d3a,debug,monster-scroll,mount_p50_ms,0.5568
1783552243,2d70d1d3a,debug,monster-scroll,paint_p50_ms,3.2291
1783552243,2d70d1d3a,debug,monster-scroll,paint_p95_ms,4.4286
1783552302,2d70d1d3a,debug,styled-typing,p50_ms,6.8818
1783552302,2d70d1d3a,debug,styled-typing,p95_ms,19.0786
1783552318,2d70d1d3a,debug,render-scroll,avg_ms,1.4759
1783552318,2d70d1d3a,debug,render-scroll,p50_ms,1.4866
1783552318,2d70d1d3a,debug,render-scroll,p95_ms,2.0190
1783552326,2d70d1d3a,debug,monster-search-scroll,mount_p50_ms,0.0000
1783552326,2d70d1d3a,debug,monster-search-scroll,mount_max_ms,0.0000
1783552326,2d70d1d3a,debug,monster-search-scroll,paint_p50_ms,0.0000
1783552337,2d70d1d3a,debug,burst-typing,p50_ms,7.0255
1783552337,2d70d1d3a,debug,burst-typing,p95_ms,20.2296
1783552363,2d70d1d3a,debug,typing,monster_p50_ms,2.1156
1783552363,2d70d1d3a,debug,typing,scratch_p50_ms,0.4747
1783552371,2d70d1d3a,debug,documents-list,refresh_ms,53.9273
1783552371,2d70d1d3a,debug,documents-list,scroll_p50_ms,0.0084
1783552371,2d70d1d3a,debug,documents-list,mount_p50_ms,0.0194
1783552371,2d70d1d3a,debug,documents-list,paint_p50_ms,0.2118
1783552384,2d70d1d3a,debug,plain-typing,keystroke_p50_ms,0.3535
1783552404,2d70d1d3a,debug,monster-resize,sync_ms,85.5071
1783552405,2d70d1d3a,debug,monster-resize,repair_effect_ms,1031.3346
1783552448,2d70d1d3a,debug,list-scroll,build_ms,3.9603
1783552448,2d70d1d3a,debug,list-scroll,frame_p50_ms,0.0482
1783552448,2d70d1d3a,debug,list-scroll,frame_p95_ms,0.0533
1783552469,2d70d1d3a,debug,search-landing,worst_ms,58.3340
1783552469,2d70d1d3a,debug,search-scroll,mount_p50_ms,0.0045
1783552469,2d70d1d3a,debug,search-scroll,paint_p50_ms,0.2705
1783552469,2d70d1d3a,debug,search-scroll,paint_p95_ms,0.4180
1783552515,2d70d1d3a,release,documents-list,refresh_ms,47.2927
1783552515,2d70d1d3a,release,documents-list,scroll_p50_ms,0.0063
1783552515,2d70d1d3a,release,documents-list,mount_p50_ms,0.0085
1783552515,2d70d1d3a,release,documents-list,paint_p50_ms,0.2428
1783553665,2d70d1d3a,release,styled-typing,p50_ms,5.9138
1783553665,2d70d1d3a,release,styled-typing,p95_ms,8.9043
1783553685,2d70d1d3a,release,render-scroll,avg_ms,0.7179
1783553685,2d70d1d3a,release,render-scroll,p50_ms,0.7095
1783553685,2d70d1d3a,release,render-scroll,p95_ms,0.8653
1783553691,2d70d1d3a,release,monster-scroll,mount_p50_ms,0.0896
1783553691,2d70d1d3a,release,monster-scroll,paint_p50_ms,0.6322
1783553691,2d70d1d3a,release,monster-scroll,paint_p95_ms,0.8041
1783553698,2d70d1d3a,release,monster-search-scroll,mount_p50_ms,0.0800
1783553698,2d70d1d3a,release,monster-search-scroll,mount_max_ms,0.2003
1783553698,2d70d1d3a,release,monster-search-scroll,paint_p50_ms,0.6046
1783553714,2d70d1d3a,release,burst-typing,p50_ms,1.8634
1783553714,2d70d1d3a,release,burst-typing,p95_ms,3.9778
1783553998,2d70d1d3a,debug,wall,open_ms,7716.4632
1783553998,2d70d1d3a,debug,wall,typing_p50_ms,1.1370
1783554394,2d70d1d3a,debug,wall,open_ms,7698.1323
1783554394,2d70d1d3a,debug,wall,typing_p50_ms,1.0835
1783554804,2d70d1d3a,debug,wall,open_ms,7979.9804
1783554804,2d70d1d3a,debug,wall,typing_p50_ms,1.1282
1783555214,2d70d1d3a,debug,wall,open_ms,7628.4260
1783555214,2d70d1d3a,debug,wall,typing_p50_ms,1.1711
1783555622,2d70d1d3a,debug,wall,open_ms,7663.3801
1783555622,2d70d1d3a,debug,wall,typing_p50_ms,1.1393
1783556051,2d70d1d3a,release,styled-typing,p50_ms,7.2836
1783556051,2d70d1d3a,release,styled-typing,p95_ms,8.8745
1783556069,2d70d1d3a,release,monster-search-scroll,mount_p50_ms,0.0000
1783556069,2d70d1d3a,release,monster-search-scroll,mount_max_ms,0.0000
1783556069,2d70d1d3a,release,monster-search-scroll,paint_p50_ms,0.0000
1783556076,2d70d1d3a,release,monster-scroll,mount_p50_ms,0.0960
1783556076,2d70d1d3a,release,monster-scroll,paint_p50_ms,0.6845
1783556076,2d70d1d3a,release,monster-scroll,paint_p95_ms,0.9776
1783556084,2d70d1d3a,release,render-scroll,avg_ms,0.6961
1783556084,2d70d1d3a,release,render-scroll,p50_ms,0.6844
1783556084,2d70d1d3a,release,render-scroll,p95_ms,0.8548
1783556099,2d70d1d3a,release,wall,open_ms,2625.1715
1783556099,2d70d1d3a,release,wall,typing_p50_ms,0.5663
1783556154,2d70d1d3a,debug,wall,open_ms,2660.8135
1783556154,2d70d1d3a,debug,wall,typing_p50_ms,1.1167
1783556254,2d70d1d3a,debug,wall,open_ms,611.5353
1783556254,2d70d1d3a,debug,wall,typing_p50_ms,1.0513
1783556257,2d70d1d3a,release,burst-typing,p50_ms,1.8442
1783556257,2d70d1d3a,release,burst-typing,p95_ms,4.0359
1783556274,2d70d1d3a,release,typing,monster_p50_ms,1.7413
1783556274,2d70d1d3a,release,typing,scratch_p50_ms,0.4632
1783556276,2d70d1d3a,release,documents-list,refresh_ms,60.9619
1783556276,2d70d1d3a,release,documents-list,scroll_p50_ms,0.0063
1783556276,2d70d1d3a,release,documents-list,mount_p50_ms,0.0084
1783556276,2d70d1d3a,release,documents-list,paint_p50_ms,0.1960
1783556277,2d70d1d3a,release,plain-typing,keystroke_p50_ms,0.0492
1783556283,2d70d1d3a,release,monster-resize,sync_ms,172.2165
1783556283,2d70d1d3a,release,monster-resize,repair_effect_ms,588.5630
1783556325,2d70d1d3a,debug,wall,open_ms,170.7687
1783556325,2d70d1d3a,debug,wall,typing_p50_ms,1.0568
1783556326,2d70d1d3a,release,list-scroll,build_ms,0.2216
1783556326,2d70d1d3a,release,list-scroll,frame_p50_ms,0.0070
1783556326,2d70d1d3a,release,list-scroll,frame_p95_ms,0.0073
1783556327,2d70d1d3a,release,search-landing,worst_ms,38.9386
1783556328,2d70d1d3a,release,search-scroll,mount_p50_ms,0.0017
1783556328,2d70d1d3a,release,search-scroll,paint_p50_ms,0.2558
1783556328,2d70d1d3a,release,search-scroll,paint_p95_ms,0.3599
1783556378,2d70d1d3a,debug,styled-typing,p50_ms,11.6684
1783556378,2d70d1d3a,debug,styled-typing,p95_ms,24.2821
1783556394,2d70d1d3a,debug,monster-scroll,mount_p50_ms,0.4255
1783556394,2d70d1d3a,debug,monster-scroll,paint_p50_ms,1.3559
1783556394,2d70d1d3a,debug,monster-scroll,paint_p95_ms,1.9388
1783556404,2d70d1d3a,debug,monster-search-scroll,mount_p50_ms,0.0000
1783556404,2d70d1d3a,debug,monster-search-scroll,mount_max_ms,0.0000
1783556404,2d70d1d3a,debug,monster-search-scroll,paint_p50_ms,0.0000
1783556420,2d70d1d3a,debug,render-scroll,avg_ms,1.6255
1783556420,2d70d1d3a,debug,render-scroll,p50_ms,1.6446
1783556420,2d70d1d3a,debug,render-scroll,p95_ms,2.1602
1783556446,2d70d1d3a,debug,wall,open_ms,142.5013
1783556446,2d70d1d3a,debug,wall,typing_p50_ms,1.0103
1783556465,2d70d1d3a,debug,burst-typing,p50_ms,7.3735
1783556465,2d70d1d3a,debug,burst-typing,p95_ms,20.6725
1783556492,2d70d1d3a,debug,typing,monster_p50_ms,2.3512
1783556492,2d70d1d3a,debug,typing,scratch_p50_ms,0.5877
1783562254,7db8f77ce,debug,plain-typing,keystroke_p50_ms,0.3794
1783562471,7db8f77ce,debug,plain-typing,keystroke_p50_ms,0.3790
1783563210,7db8f77ce,debug,documents-list,refresh_ms,63.0686
1783563210,7db8f77ce,debug,documents-list,scroll_p50_ms,0.0085
1783563210,7db8f77ce,debug,documents-list,mount_p50_ms,0.0199
1783563210,7db8f77ce,debug,documents-list,paint_p50_ms,0.2692
1783563226,7db8f77ce,debug,plain-typing,keystroke_p50_ms,0.3629
1783563246,7db8f77ce,debug,monster-resize,sync_ms,77.1272
1783563247,7db8f77ce,debug,monster-resize,repair_effect_ms,1047.0147
1783563293,7db8f77ce,debug,list-scroll,build_ms,12.4817
1783563293,7db8f77ce,debug,list-scroll,frame_p50_ms,0.0495
1783563293,7db8f77ce,debug,list-scroll,frame_p95_ms,0.0555
1783563299,7db8f77ce,debug,search-landing,worst_ms,51.0529
1783563299,7db8f77ce,debug,search-scroll,mount_p50_ms,0.0049
1783563299,7db8f77ce,debug,search-scroll,paint_p50_ms,0.3851
1783563299,7db8f77ce,debug,search-scroll,paint_p95_ms,0.6185
1783563384,7db8f77ce,debug,plain-typing,keystroke_p50_ms,0.3740
1783563394,7db8f77ce,debug,monster-resize,sync_ms,34.5897
1783563395,7db8f77ce,debug,monster-resize,repair_effect_ms,1045.3905
1783563483,7db8f77ce,debug,wall,open_ms,152.1029
1783563483,7db8f77ce,debug,wall,typing_p50_ms,1.0869
1783563502,7db8f77ce,debug,typing,monster_p50_ms,2.5182
1783563502,7db8f77ce,debug,typing,scratch_p50_ms,0.6756
1783563528,7db8f77ce,debug,typing,monster_p50_ms,2.4944
1783563528,7db8f77ce,debug,typing,scratch_p50_ms,0.7001
1783563591,7db8f77ce,debug,styled-typing,p50_ms,12.6851
1783563591,7db8f77ce,debug,styled-typing,p95_ms,23.7664
1783563609,7db8f77ce,debug,monster-scroll,mount_p50_ms,0.4228
1783563609,7db8f77ce,debug,monster-scroll,paint_p50_ms,1.3466
1783563609,7db8f77ce,debug,monster-scroll,paint_p95_ms,1.7469
1783563618,7db8f77ce,debug,monster-search-scroll,mount_p50_ms,0.0000
1783563618,7db8f77ce,debug,monster-search-scroll,mount_max_ms,0.0000
1783563618,7db8f77ce,debug,monster-search-scroll,paint_p50_ms,0.0000
1783563636,7db8f77ce,debug,render-scroll,avg_ms,1.7076
1783563636,7db8f77ce,debug,render-scroll,p50_ms,1.7129
1783563636,7db8f77ce,debug,render-scroll,p95_ms,2.3197
1783563663,7db8f77ce,debug,wall,open_ms,153.1540
1783563663,7db8f77ce,debug,wall,typing_p50_ms,1.0053
1783563682,7db8f77ce,debug,burst-typing,p50_ms,7.1418
1783563682,7db8f77ce,debug,burst-typing,p95_ms,20.3875
1783563709,7db8f77ce,debug,typing,monster_p50_ms,2.6135
1783563709,7db8f77ce,debug,typing,scratch_p50_ms,0.6629
1783564207,7db8f77ce,debug,documents-list,refresh_ms,57.5970
1783564207,7db8f77ce,debug,documents-list,scroll_p50_ms,0.0089
1783564207,7db8f77ce,debug,documents-list,mount_p50_ms,0.0205
1783564207,7db8f77ce,debug,documents-list,paint_p50_ms,0.2786
1783564223,7db8f77ce,debug,plain-typing,keystroke_p50_ms,0.3661
1783564244,7db8f77ce,debug,monster-resize,sync_ms,76.3043
1783564245,7db8f77ce,debug,monster-resize,repair_effect_ms,1034.0653
1783564290,7db8f77ce,debug,list-scroll,build_ms,4.0333
1783564290,7db8f77ce,debug,list-scroll,frame_p50_ms,0.0488
1783564290,7db8f77ce,debug,list-scroll,frame_p95_ms,0.0551
1783564296,7db8f77ce,debug,search-landing,worst_ms,64.0898
1783564296,7db8f77ce,debug,search-scroll,mount_p50_ms,0.0050
1783564296,7db8f77ce,debug,search-scroll,paint_p50_ms,0.3860
1783564296,7db8f77ce,debug,search-scroll,paint_p95_ms,0.5735
1783564361,7db8f77ce,debug,search-landing,worst_ms,45.2688
1783564462,7db8f77ce,debug,styled-typing,p50_ms,7.7324
1783564462,7db8f77ce,debug,styled-typing,p95_ms,20.1003
1783564475,7db8f77ce,debug,monster-scroll,mount_p50_ms,0.4169
1783564475,7db8f77ce,debug,monster-scroll,paint_p50_ms,1.2736
1783564475,7db8f77ce,debug,monster-scroll,paint_p95_ms,1.6539
1783564484,7db8f77ce,debug,monster-search-scroll,mount_p50_ms,0.0000
1783564484,7db8f77ce,debug,monster-search-scroll,mount_max_ms,0.0000
1783564484,7db8f77ce,debug,monster-search-scroll,paint_p50_ms,0.0000
1783564501,7db8f77ce,debug,render-scroll,avg_ms,1.6821
1783564501,7db8f77ce,debug,render-scroll,p50_ms,1.6943
1783564501,7db8f77ce,debug,render-scroll,p95_ms,2.2480
1783564570,7db8f77ce,debug,wall,open_ms,153.5164
1783564570,7db8f77ce,debug,wall,typing_p50_ms,1.0903
1783564589,7db8f77ce,debug,burst-typing,p50_ms,7.3144
1783564589,7db8f77ce,debug,burst-typing,p95_ms,21.0386
1783564616,7db8f77ce,debug,typing,monster_p50_ms,2.5602
1783564616,7db8f77ce,debug,typing,scratch_p50_ms,0.6476
1783564671,7db8f77ce,debug,wall,open_ms,147.2529
1783564672,7db8f77ce,debug,wall,typing_p50_ms,1.0669
1783564691,7db8f77ce,debug,typing,monster_p50_ms,2.6690
1783564691,7db8f77ce,debug,typing,scratch_p50_ms,0.6726
1783564752,7db8f77ce,debug,search-scroll,mount_p50_ms,0.0046
1783564752,7db8f77ce,debug,search-scroll,paint_p50_ms,0.3695
1783564752,7db8f77ce,debug,search-scroll,paint_p95_ms,0.5328
1783564769,7db8f77ce,debug,typing,monster_p50_ms,2.5530
1783564769,7db8f77ce,debug,typing,scratch_p50_ms,0.7019
1783564840,7db8f77ce,debug,search-scroll,mount_p50_ms,0.0047
1783564840,7db8f77ce,debug,search-scroll,paint_p50_ms,0.3725
1783564840,7db8f77ce,debug,search-scroll,paint_p95_ms,0.5465
1783564858,7db8f77ce,debug,typing,monster_p50_ms,2.7283
1783564858,7db8f77ce,debug,typing,scratch_p50_ms,0.6894
1783564900,7db8f77ce,debug,search-scroll,mount_p50_ms,0.0046
1783564900,7db8f77ce,debug,search-scroll,paint_p50_ms,0.3645
1783564900,7db8f77ce,debug,search-scroll,paint_p95_ms,0.5357
1783564908,7db8f77ce,release,search-scroll,mount_p50_ms,0.0018
1783564908,7db8f77ce,release,search-scroll,paint_p50_ms,0.3488
1783564908,7db8f77ce,release,search-scroll,paint_p95_ms,0.4741
1783564956,7db8f77ce,release,render-scroll,avg_ms,1.1217
1783564956,7db8f77ce,release,render-scroll,p50_ms,1.0922
1783564956,7db8f77ce,release,render-scroll,p95_ms,1.4013
1783565079,7db8f77ce,debug,styled-typing,p50_ms,12.5079
1783565079,7db8f77ce,debug,styled-typing,p95_ms,25.0739
1783565099,7db8f77ce,debug,monster-search-scroll,mount_p50_ms,0.0000
1783565099,7db8f77ce,debug,monster-search-scroll,mount_max_ms,0.0000
1783565099,7db8f77ce,debug,monster-search-scroll,paint_p50_ms,0.0000
1783565114,7db8f77ce,debug,monster-scroll,mount_p50_ms,0.4522
1783565114,7db8f77ce,debug,monster-scroll,paint_p50_ms,1.2973
1783565114,7db8f77ce,debug,monster-scroll,paint_p95_ms,1.8555
1783565156,7db8f77ce,debug,render-scroll,avg_ms,1.5317
1783565156,7db8f77ce,debug,render-scroll,p50_ms,1.5460
1783565156,7db8f77ce,debug,render-scroll,p95_ms,2.0997
1783565157,7db8f77ce,debug,wall,open_ms,145.2981
1783565157,7db8f77ce,debug,wall,typing_p50_ms,1.0115
1783565175,7db8f77ce,debug,burst-typing,p50_ms,7.1966
1783565175,7db8f77ce,debug,burst-typing,p95_ms,20.8888
1783565203,7db8f77ce,debug,typing,monster_p50_ms,2.2283
1783565203,7db8f77ce,debug,typing,scratch_p50_ms,0.5413
1783565216,7db8f77ce,debug,documents-list,refresh_ms,53.8993
1783565216,7db8f77ce,debug,documents-list,scroll_p50_ms,0.0088
1783565216,7db8f77ce,debug,documents-list,mount_p50_ms,0.0203
1783565216,7db8f77ce,debug,documents-list,paint_p50_ms,0.2211
1783565232,7db8f77ce,debug,plain-typing,keystroke_p50_ms,0.3833
1783565255,7db8f77ce,debug,monster-resize,sync_ms,80.0418
1783565256,7db8f77ce,debug,monster-resize,repair_effect_ms,1055.2512
1783565302,7db8f77ce,debug,list-scroll,build_ms,3.9615
1783565302,7db8f77ce,debug,list-scroll,frame_p50_ms,0.0494
1783565302,7db8f77ce,debug,list-scroll,frame_p95_ms,0.0555
1783565329,7db8f77ce,debug,search-landing,worst_ms,61.5126
1783565329,7db8f77ce,debug,search-scroll,mount_p50_ms,0.0051
1783565329,7db8f77ce,debug,search-scroll,paint_p50_ms,0.2867
1783565329,7db8f77ce,debug,search-scroll,paint_p95_ms,0.4138
1783565410,7db8f77ce,debug,monster-scroll,mount_p50_ms,0.5720
1783565410,7db8f77ce,debug,monster-scroll,paint_p50_ms,3.3726
1783565410,7db8f77ce,debug,monster-scroll,paint_p95_ms,4.8585
1783565427,7db8f77ce,debug,monster-search-scroll,mount_p50_ms,0.0000
1783565427,7db8f77ce,debug,monster-search-scroll,mount_max_ms,0.0000
1783565427,7db8f77ce,debug,monster-search-scroll,paint_p50_ms,0.0000
1783565455,7db8f77ce,debug,styled-typing,p50_ms,7.5328
1783565455,7db8f77ce,debug,styled-typing,p95_ms,19.9364
1783565471,7db8f77ce,debug,render-scroll,avg_ms,1.5316
1783565471,7db8f77ce,debug,render-scroll,p50_ms,1.5505
1783565471,7db8f77ce,debug,render-scroll,p95_ms,2.0964
1783565499,7db8f77ce,debug,wall,open_ms,144.4958
1783565499,7db8f77ce,debug,wall,typing_p50_ms,1.1158
1783565518,7db8f77ce,debug,burst-typing,p50_ms,7.2972
1783565518,7db8f77ce,debug,burst-typing,p95_ms,20.7158
1783565546,7db8f77ce,debug,typing,monster_p50_ms,2.2832
1783565546,7db8f77ce,debug,typing,scratch_p50_ms,0.6009
1783565555,7db8f77ce,debug,documents-list,refresh_ms,64.0065
1783565555,7db8f77ce,debug,documents-list,scroll_p50_ms,0.0087
1783565555,7db8f77ce,debug,documents-list,mount_p50_ms,0.0200
1783565555,7db8f77ce,debug,documents-list,paint_p50_ms,0.2175
1783565568,7db8f77ce,debug,plain-typing,keystroke_p50_ms,0.3703
1783565585,7db8f77ce,debug,monster-resize,sync_ms,78.1865
1783565586,7db8f77ce,debug,monster-resize,repair_effect_ms,1059.0760
1783565630,7db8f77ce,debug,list-scroll,build_ms,3.9164
1783565630,7db8f77ce,debug,list-scroll,frame_p50_ms,0.0485
1783565630,7db8f77ce,debug,list-scroll,frame_p95_ms,0.0541
1783565652,7db8f77ce,debug,search-landing,worst_ms,52.7644
1783565652,7db8f77ce,debug,search-scroll,mount_p50_ms,0.0051
1783565652,7db8f77ce,debug,search-scroll,paint_p50_ms,0.2864
1783565652,7db8f77ce,debug,search-scroll,paint_p95_ms,0.4620
1783565680,7db8f77ce,release,typing,monster_p50_ms,2.4793
1783565680,7db8f77ce,release,typing,scratch_p50_ms,0.6867
1783566570,7db8f77ce,debug,plain-typing,keystroke_p50_ms,0.3818
1783566726,7db8f77ce,debug,documents-list,refresh_ms,55.7393
1783566726,7db8f77ce,debug,documents-list,scroll_p50_ms,0.0086
1783566726,7db8f77ce,debug,documents-list,mount_p50_ms,0.0203
1783566726,7db8f77ce,debug,documents-list,paint_p50_ms,0.2724
1783566742,7db8f77ce,debug,plain-typing,keystroke_p50_ms,0.3836
1783566764,7db8f77ce,debug,monster-resize,sync_ms,77.6931
1783566766,7db8f77ce,debug,monster-resize,repair_effect_ms,1066.2463
1783566810,7db8f77ce,debug,list-scroll,build_ms,4.0707
1783566810,7db8f77ce,debug,list-scroll,frame_p50_ms,0.0485
1783566810,7db8f77ce,debug,list-scroll,frame_p95_ms,0.0545
1783566816,7db8f77ce,debug,search-landing,worst_ms,49.5988
1783566816,7db8f77ce,debug,search-scroll,mount_p50_ms,0.0054
1783566816,7db8f77ce,debug,search-scroll,paint_p50_ms,0.3995
1783566816,7db8f77ce,debug,search-scroll,paint_p95_ms,0.6018
1783566908,7db8f77ce,debug,styled-typing,p50_ms,7.4435
1783566908,7db8f77ce,debug,styled-typing,p95_ms,20.1472
1783566922,7db8f77ce,debug,monster-scroll,mount_p50_ms,0.4249
1783566922,7db8f77ce,debug,monster-scroll,paint_p50_ms,1.3062
1783566922,7db8f77ce,debug,monster-scroll,paint_p95_ms,1.6742
1783566931,7db8f77ce,debug,monster-search-scroll,mount_p50_ms,0.0000
1783566931,7db8f77ce,debug,monster-search-scroll,mount_max_ms,0.0000
1783566931,7db8f77ce,debug,monster-search-scroll,paint_p50_ms,0.0000
1783566957,7db8f77ce,debug,render-scroll,avg_ms,1.7091
1783566957,7db8f77ce,debug,render-scroll,p50_ms,1.7270
1783566957,7db8f77ce,debug,render-scroll,p95_ms,2.2681
1783567034,7db8f77ce,debug,wall,open_ms,143.7029
1783567034,7db8f77ce,debug,wall,typing_p50_ms,1.0640
1783567053,7db8f77ce,debug,burst-typing,p50_ms,7.3330
1783567053,7db8f77ce,debug,burst-typing,p95_ms,20.6113
1783567081,7db8f77ce,debug,typing,monster_p50_ms,2.5732
1783567081,7db8f77ce,debug,typing,scratch_p50_ms,0.7160
1783591426,d7c61216f,debug,monster-resize,sync_ms,69.6333
1783591427,d7c61216f,debug,monster-resize,repair_effect_ms,1019.4013
1783591475,d7c61216f,debug,search-landing,worst_ms,58.0366
1783591475,d7c61216f,debug,search-scroll,mount_p50_ms,0.0049
1783591475,d7c61216f,debug,search-scroll,paint_p50_ms,0.3825
1783591475,d7c61216f,debug,search-scroll,paint_p95_ms,0.5495
1783591552,d7c61216f,debug,styled-typing,p50_ms,7.1765
1783591552,d7c61216f,debug,styled-typing,p95_ms,19.8160
1783591564,d7c61216f,debug,monster-scroll,mount_p50_ms,0.4052
1783591564,d7c61216f,debug,monster-scroll,paint_p50_ms,1.2182
1783591564,d7c61216f,debug,monster-scroll,paint_p95_ms,1.5353
1783591573,d7c61216f,debug,monster-search-scroll,mount_p50_ms,0.0000
1783591573,d7c61216f,debug,monster-search-scroll,mount_max_ms,0.0000
1783591573,d7c61216f,debug,monster-search-scroll,paint_p50_ms,0.0000
1783591589,d7c61216f,debug,render-scroll,avg_ms,1.5989
1783591589,d7c61216f,debug,render-scroll,p50_ms,1.6237
1783591589,d7c61216f,debug,render-scroll,p95_ms,2.1161
1783591656,d7c61216f,debug,wall,open_ms,140.3365
1783591656,d7c61216f,debug,wall,typing_p50_ms,0.9923
1783591674,d7c61216f,debug,burst-typing,p50_ms,7.4132
1783591674,d7c61216f,debug,burst-typing,p95_ms,21.1872
1783591701,d7c61216f,debug,typing,monster_p50_ms,2.3413
1783591701,d7c61216f,debug,typing,scratch_p50_ms,0.5945
1783591812,d7c61216f,debug,documents-list,refresh_ms,63.1220
1783591812,d7c61216f,debug,documents-list,scroll_p50_ms,0.0086
1783591812,d7c61216f,debug,documents-list,mount_p50_ms,0.0195
1783591812,d7c61216f,debug,documents-list,paint_p50_ms,0.2644
1783591826,d7c61216f,debug,plain-typing,keystroke_p50_ms,0.3690
1783591846,d7c61216f,debug,monster-resize,sync_ms,85.6275
1783591847,d7c61216f,debug,monster-resize,repair_effect_ms,1021.6324
1783591891,d7c61216f,debug,list-scroll,build_ms,6.7977
1783591891,d7c61216f,debug,list-scroll,frame_p50_ms,0.0511
1783591891,d7c61216f,debug,list-scroll,frame_p95_ms,0.0752
1783591896,d7c61216f,debug,search-landing,worst_ms,57.5302
1783591896,d7c61216f,debug,search-scroll,mount_p50_ms,0.0047
1783591896,d7c61216f,debug,search-scroll,paint_p50_ms,0.3756
1783591896,d7c61216f,debug,search-scroll,paint_p95_ms,0.5739
1783591917,d7c61216f,debug,typing,monster_p50_ms,2.2904
1783591917,d7c61216f,debug,typing,scratch_p50_ms,0.5636
1783593118,c906ae0de,debug,plain-typing,keystroke_p50_ms,0.3874
1783594138,c906ae0de,debug,plain-typing,keystroke_p50_ms,0.3721
1783594254,c906ae0de,debug,plain-typing,keystroke_p50_ms,0.3606
1783594308,c906ae0de,debug,documents-list,refresh_ms,58.6745
1783594308,c906ae0de,debug,documents-list,scroll_p50_ms,0.0084
1783594308,c906ae0de,debug,documents-list,mount_p50_ms,0.0201
1783594308,c906ae0de,debug,documents-list,paint_p50_ms,0.2685
1783594325,c906ae0de,debug,monster-resize,sync_ms,76.7155
1783594326,c906ae0de,debug,monster-resize,repair_effect_ms,1044.0377
1783594401,c906ae0de,debug,search-landing,worst_ms,51.8383
1783594401,c906ae0de,debug,search-scroll,mount_p50_ms,0.0054
1783594401,c906ae0de,debug,search-scroll,paint_p50_ms,0.3985
1783594401,c906ae0de,debug,search-scroll,paint_p95_ms,0.5876
1783594632,c906ae0de,debug,monster-resize,sync_ms,82.7364
1783594634,c906ae0de,debug,monster-resize,repair_effect_ms,1062.2746
1783594767,c906ae0de,debug,documents-list,refresh_ms,66.8118
1783594767,c906ae0de,debug,documents-list,scroll_p50_ms,0.0084
1783594767,c906ae0de,debug,documents-list,mount_p50_ms,0.0196
1783594767,c906ae0de,debug,documents-list,paint_p50_ms,0.2669
1783594783,c906ae0de,debug,plain-typing,keystroke_p50_ms,0.3725
1783594804,c906ae0de,debug,monster-resize,sync_ms,81.1144
1783594805,c906ae0de,debug,monster-resize,repair_effect_ms,1058.2053
1783594857,c906ae0de,debug,list-scroll,build_ms,7.8163
1783594857,c906ae0de,debug,list-scroll,frame_p50_ms,0.0509
1783594857,c906ae0de,debug,list-scroll,frame_p95_ms,0.0750
1783594862,c906ae0de,debug,search-landing,worst_ms,70.2752
1783594863,c906ae0de,debug,search-scroll,mount_p50_ms,0.0051
1783594863,c906ae0de,debug,search-scroll,paint_p50_ms,0.3958
1783594863,c906ae0de,debug,search-scroll,paint_p95_ms,0.5695
1783594955,c906ae0de,debug,styled-typing,p50_ms,7.4620
1783594955,c906ae0de,debug,styled-typing,p95_ms,19.8698
1783594968,c906ae0de,debug,monster-scroll,mount_p50_ms,0.4081
1783594968,c906ae0de,debug,monster-scroll,paint_p50_ms,1.2331
1783594968,c906ae0de,debug,monster-scroll,paint_p95_ms,1.5708
1783594978,c906ae0de,debug,monster-search-scroll,mount_p50_ms,0.0000
1783594978,c906ae0de,debug,monster-search-scroll,mount_max_ms,0.0000
1783594978,c906ae0de,debug,monster-search-scroll,paint_p50_ms,0.0000
1783594994,c906ae0de,debug,render-scroll,avg_ms,1.5901
1783594994,c906ae0de,debug,render-scroll,p50_ms,1.6089
1783594994,c906ae0de,debug,render-scroll,p95_ms,2.1101
1783595064,c906ae0de,debug,wall,open_ms,140.4322
1783595064,c906ae0de,debug,wall,typing_p50_ms,1.0687
1783595082,c906ae0de,debug,burst-typing,p50_ms,7.1137
1783595082,c906ae0de,debug,burst-typing,p95_ms,20.8673
1783595110,c906ae0de,debug,typing,monster_p50_ms,2.3483
1783595110,c906ae0de,debug,typing,scratch_p50_ms,0.5824
1783595191,c906ae0de,debug,list-scroll,build_ms,4.4580
1783595191,c906ae0de,debug,list-scroll,frame_p50_ms,0.0500
1783595191,c906ae0de,debug,list-scroll,frame_p95_ms,0.0562
1783595225,c906ae0de,debug,typing,monster_p50_ms,2.5852
1783595225,c906ae0de,debug,typing,scratch_p50_ms,0.6440
1783596299,e0fa63431,debug,search-landing,worst_ms,96.8060
1783596299,e0fa63431,debug,search-scroll,mount_p50_ms,0.0059
1783596299,e0fa63431,debug,search-scroll,paint_p50_ms,0.4492
1783596299,e0fa63431,debug,search-scroll,paint_p95_ms,1.4780
1783596347,e0fa63431,debug,search-landing,worst_ms,51.2992
1783596347,e0fa63431,debug,search-scroll,mount_p50_ms,0.0052
1783596347,e0fa63431,debug,search-scroll,paint_p50_ms,0.3948
1783596347,e0fa63431,debug,search-scroll,paint_p95_ms,0.5804
1783596385,e0fa63431,debug,documents-list,refresh_ms,70.2253
1783596385,e0fa63431,debug,documents-list,scroll_p50_ms,0.0087
1783596385,e0fa63431,debug,documents-list,mount_p50_ms,0.0204
1783596385,e0fa63431,debug,documents-list,paint_p50_ms,0.2773
1783596406,e0fa63431,debug,plain-typing,keystroke_p50_ms,0.3645
1783596455,e0fa63431,debug,monster-resize,sync_ms,77.4341
1783596457,e0fa63431,debug,monster-resize,repair_effect_ms,1215.7086
1783596533,e0fa63431,debug,list-scroll,build_ms,4.4763
1783596533,e0fa63431,debug,list-scroll,frame_p50_ms,0.0504
1783596533,e0fa63431,debug,list-scroll,frame_p95_ms,0.0560
1783596539,e0fa63431,debug,search-landing,worst_ms,51.5951
1783596539,e0fa63431,debug,search-scroll,mount_p50_ms,0.0053
1783596539,e0fa63431,debug,search-scroll,paint_p50_ms,0.4040
1783596539,e0fa63431,debug,search-scroll,paint_p95_ms,0.6192
1783597027,230d2e095,debug,documents-list,refresh_ms,60.0719
1783597027,230d2e095,debug,documents-list,scroll_p50_ms,0.0086
1783597027,230d2e095,debug,documents-list,mount_p50_ms,0.0201
1783597027,230d2e095,debug,documents-list,paint_p50_ms,0.2737
1783597043,230d2e095,debug,plain-typing,keystroke_p50_ms,0.3771
1783597065,230d2e095,debug,monster-resize,sync_ms,83.4643
1783597066,230d2e095,debug,monster-resize,repair_effect_ms,1088.0180
1783597125,230d2e095,debug,list-scroll,build_ms,4.0119
1783597125,230d2e095,debug,list-scroll,frame_p50_ms,0.0486
1783597125,230d2e095,debug,list-scroll,frame_p95_ms,0.0543
1783597131,230d2e095,debug,search-landing,worst_ms,50.2304
1783597131,230d2e095,debug,search-scroll,mount_p50_ms,0.0052
1783597131,230d2e095,debug,search-scroll,paint_p50_ms,0.3964
1783597131,230d2e095,debug,search-scroll,paint_p95_ms,0.5876
1783597217,230d2e095,debug,styled-typing,p50_ms,7.9581
1783597217,230d2e095,debug,styled-typing,p95_ms,20.2615
1783597231,230d2e095,debug,monster-scroll,mount_p50_ms,0.4142
1783597231,230d2e095,debug,monster-scroll,paint_p50_ms,1.2640
1783597231,230d2e095,debug,monster-scroll,paint_p95_ms,1.6163
1783597241,230d2e095,debug,monster-search-scroll,mount_p50_ms,0.0000
1783597241,230d2e095,debug,monster-search-scroll,mount_max_ms,0.0000
1783597241,230d2e095,debug,monster-search-scroll,paint_p50_ms,0.0000
1783597258,230d2e095,debug,render-scroll,avg_ms,1.6589
1783597258,230d2e095,debug,render-scroll,p50_ms,1.6791
1783597258,230d2e095,debug,render-scroll,p95_ms,2.2057
1783597337,230d2e095,debug,wall,open_ms,144.6442
1783597337,230d2e095,debug,wall,typing_p50_ms,1.1059
1783597356,230d2e095,debug,burst-typing,p50_ms,7.6485
1783597356,230d2e095,debug,burst-typing,p95_ms,21.3177
1783597385,230d2e095,debug,typing,monster_p50_ms,2.6186
1783597385,230d2e095,debug,typing,scratch_p50_ms,0.6646
1783599143,8d526afd5,debug,plain-typing,keystroke_p50_ms,0.3660
1783599177,8d526afd5,debug,documents-list,refresh_ms,62.4800
1783599177,8d526afd5,debug,documents-list,scroll_p50_ms,0.0096
1783599177,8d526afd5,debug,documents-list,mount_p50_ms,0.0212
1783599177,8d526afd5,debug,documents-list,paint_p50_ms,0.2907
1783599387,8d526afd5,debug,documents-list,refresh_ms,60.1591
1783599387,8d526afd5,debug,documents-list,scroll_p50_ms,0.0085
1783599387,8d526afd5,debug,documents-list,mount_p50_ms,0.0200
1783599387,8d526afd5,debug,documents-list,paint_p50_ms,0.2722
1783599402,8d526afd5,debug,plain-typing,keystroke_p50_ms,0.3758
1783599424,8d526afd5,debug,monster-resize,sync_ms,93.4507
1783599425,8d526afd5,debug,monster-resize,repair_effect_ms,1063.2814
1783599476,8d526afd5,debug,list-scroll,build_ms,6.9547
1783599476,8d526afd5,debug,list-scroll,frame_p50_ms,0.0515
1783599476,8d526afd5,debug,list-scroll,frame_p95_ms,0.0985
1783599482,8d526afd5,debug,search-landing,worst_ms,48.4339
1783599482,8d526afd5,debug,search-scroll,mount_p50_ms,0.0048
1783599482,8d526afd5,debug,search-scroll,paint_p50_ms,0.3820
1783599482,8d526afd5,debug,search-scroll,paint_p95_ms,0.5571
1783599560,8d526afd5,debug,styled-typing,p50_ms,2.5911
1783599560,8d526afd5,debug,styled-typing,p95_ms,3.2342
1783599570,8d526afd5,debug,monster-scroll,mount_p50_ms,0.4070
1783599570,8d526afd5,debug,monster-scroll,paint_p50_ms,1.2180
1783599570,8d526afd5,debug,monster-scroll,paint_p95_ms,1.5133
1783599579,8d526afd5,debug,monster-search-scroll,mount_p50_ms,0.0000
1783599579,8d526afd5,debug,monster-search-scroll,mount_max_ms,0.0000
1783599579,8d526afd5,debug,monster-search-scroll,paint_p50_ms,0.0000
1783599593,8d526afd5,debug,render-scroll,avg_ms,1.5823
1783599593,8d526afd5,debug,render-scroll,p50_ms,1.6064
1783599593,8d526afd5,debug,render-scroll,p95_ms,2.0943
1783599649,8d526afd5,debug,wall,open_ms,153.0112
1783599649,8d526afd5,debug,wall,typing_p50_ms,1.0371
1783599668,8d526afd5,debug,burst-typing,p50_ms,7.1588
1783599668,8d526afd5,debug,burst-typing,p95_ms,20.0905
1783599694,8d526afd5,debug,typing,monster_p50_ms,2.3415
1783599694,8d526afd5,debug,typing,scratch_p50_ms,0.6488
1783603030,8d526afd5,debug,plain-typing,keystroke_p50_ms,0.4375
1783603254,8d526afd5,debug,plain-typing,keystroke_p50_ms,0.3878
1783603410,8d526afd5,debug,documents-list,refresh_ms,60.3592
1783603410,8d526afd5,debug,documents-list,scroll_p50_ms,0.0086
1783603410,8d526afd5,debug,documents-list,mount_p50_ms,0.0201
1783603410,8d526afd5,debug,documents-list,paint_p50_ms,0.3446
1783603428,8d526afd5,debug,monster-resize,sync_ms,72.7838
1783603429,8d526afd5,debug,monster-resize,repair_effect_ms,1110.6591
1783603477,8d526afd5,debug,styled-typing,p50_ms,9.8084
1783603477,8d526afd5,debug,styled-typing,p95_ms,26.2528
1783603492,8d526afd5,debug,list-scroll,build_ms,4.6313
1783603492,8d526afd5,debug,list-scroll,frame_p50_ms,0.0523
1783603492,8d526afd5,debug,list-scroll,frame_p95_ms,0.0873
1783603498,8d526afd5,debug,search-landing,worst_ms,53.6854
1783603499,8d526afd5,debug,search-scroll,mount_p50_ms,0.0050
1783603499,8d526afd5,debug,search-scroll,paint_p50_ms,0.4515
1783603499,8d526afd5,debug,search-scroll,paint_p95_ms,0.6594
1783603504,8d526afd5,debug,monster-scroll,mount_p50_ms,0.4410
1783603504,8d526afd5,debug,monster-scroll,paint_p50_ms,1.4942
1783603504,8d526afd5,debug,monster-scroll,paint_p95_ms,20.8449
1783603515,8d526afd5,debug,monster-search-scroll,mount_p50_ms,0.0000
1783603515,8d526afd5,debug,monster-search-scroll,mount_max_ms,0.0000
1783603515,8d526afd5,debug,monster-search-scroll,paint_p50_ms,0.0000
1783603542,8d526afd5,debug,render-scroll,avg_ms,1.7443
1783603542,8d526afd5,debug,render-scroll,p50_ms,1.7554
1783603542,8d526afd5,debug,render-scroll,p95_ms,2.2851
1783603627,8d526afd5,debug,wall,open_ms,147.7861
1783603627,8d526afd5,debug,wall,typing_p50_ms,1.1154
1783603647,8d526afd5,debug,burst-typing,p50_ms,7.3303
1783603647,8d526afd5,debug,burst-typing,p95_ms,21.1092
1783603687,8d526afd5,debug,typing,monster_p50_ms,2.8438
1783603687,8d526afd5,debug,typing,scratch_p50_ms,0.7203
1783603752,8d526afd5,debug,plain-typing,keystroke_p50_ms,0.3834
1783604043,8d526afd5,debug,plain-typing,keystroke_p50_ms,0.3826
1783604050,8d526afd5,debug,monster-resize,sync_ms,80.5539
1783604052,8d526afd5,debug,monster-resize,repair_effect_ms,1126.1578
1783604159,8d526afd5,debug,monster-resize,sync_ms,78.0168
1783604160,8d526afd5,debug,monster-resize,repair_effect_ms,1139.8938
1783605632,8d526afd5,debug,documents-list,refresh_ms,69.4507
1783605632,8d526afd5,debug,documents-list,scroll_p50_ms,0.0085
1783605632,8d526afd5,debug,documents-list,mount_p50_ms,0.0205
1783605632,8d526afd5,debug,documents-list,paint_p50_ms,0.3395
1783605645,8d526afd5,debug,plain-typing,keystroke_p50_ms,0.3819
1783605658,8d526afd5,debug,monster-resize,sync_ms,80.5780
1783605659,8d526afd5,debug,monster-resize,repair_effect_ms,1108.2237
1783605703,8d526afd5,debug,styled-typing,p50_ms,8.0024
1783605703,8d526afd5,debug,styled-typing,p95_ms,20.3672
1783605717,8d526afd5,debug,search-landing,worst_ms,71.3569
1783605717,8d526afd5,debug,search-scroll,mount_p50_ms,0.0049
1783605717,8d526afd5,debug,search-scroll,paint_p50_ms,0.4432
1783605717,8d526afd5,debug,search-scroll,paint_p95_ms,0.7797
1783605732,8d526afd5,debug,monster-scroll,mount_p50_ms,0.4415
1783605732,8d526afd5,debug,monster-scroll,paint_p50_ms,1.5125
1783605732,8d526afd5,debug,monster-scroll,paint_p95_ms,22.9634
1783605742,8d526afd5,debug,monster-search-scroll,mount_p50_ms,0.0000
1783605742,8d526afd5,debug,monster-search-scroll,mount_max_ms,0.0000
1783605742,8d526afd5,debug,monster-search-scroll,paint_p50_ms,0.0000
1783605770,8d526afd5,debug,render-scroll,avg_ms,1.7522
1783605770,8d526afd5,debug,render-scroll,p50_ms,1.7603
1783605770,8d526afd5,debug,render-scroll,p95_ms,2.3252
1783605854,8d526afd5,debug,wall,open_ms,144.5935
1783605854,8d526afd5,debug,wall,typing_p50_ms,1.1599
1783605874,8d526afd5,debug,burst-typing,p50_ms,8.1330
1783605874,8d526afd5,debug,burst-typing,p95_ms,21.6933
1783605904,8d526afd5,debug,typing,monster_p50_ms,2.6812
1783605904,8d526afd5,debug,typing,scratch_p50_ms,0.7075
1783605996,8d526afd5,debug,monster-scroll,mount_p50_ms,0.4438
1783605996,8d526afd5,debug,monster-scroll,paint_p50_ms,1.5307
1783605996,8d526afd5,debug,monster-scroll,paint_p95_ms,20.8109
1783606046,8d526afd5,debug,monster-scroll,mount_p50_ms,0.4449
1783606046,8d526afd5,debug,monster-scroll,paint_p50_ms,1.5349
1783606046,8d526afd5,debug,monster-scroll,paint_p95_ms,20.9136
1783606130,8d526afd5,debug,monster-scroll,mount_p50_ms,0.4423
1783606130,8d526afd5,debug,monster-scroll,paint_p50_ms,1.5212
1783606130,8d526afd5,debug,monster-scroll,paint_p95_ms,20.5842
1783606201,8d526afd5,debug,monster-scroll,mount_p50_ms,0.4211
1783606201,8d526afd5,debug,monster-scroll,paint_p50_ms,1.3037
1783606201,8d526afd5,debug,monster-scroll,paint_p95_ms,1.7012
1783606299,8d526afd5,debug,monster-scroll,mount_p50_ms,0.4403
1783606299,8d526afd5,debug,monster-scroll,paint_p50_ms,1.4411
1783606299,8d526afd5,debug,monster-scroll,paint_p95_ms,21.2270
1783607889,8d526afd5,debug,monster-scroll,mount_p50_ms,0.4171
1783607889,8d526afd5,debug,monster-scroll,paint_p50_ms,1.2799
1783607889,8d526afd5,debug,monster-scroll,paint_p95_ms,1.6163
1783607918,8d526afd5,debug,documents-list,refresh_ms,58.3955
1783607918,8d526afd5,debug,documents-list,scroll_p50_ms,0.0087
1783607918,8d526afd5,debug,documents-list,mount_p50_ms,0.0197
1783607918,8d526afd5,debug,documents-list,paint_p50_ms,0.3432
1783608857,8d526afd5,debug,plain-typing,keystroke_p50_ms,0.4785
1783608873,8d526afd5,debug,monster-resize,sync_ms,77.8655
1783608874,8d526afd5,debug,monster-resize,repair_effect_ms,1136.6975
1783608908,8d526afd5,debug,styled-typing,p50_ms,7.9064
1783608908,8d526afd5,debug,styled-typing,p95_ms,20.1059
1783608922,8d526afd5,debug,monster-scroll,mount_p50_ms,0.4160
1783608922,8d526afd5,debug,monster-scroll,paint_p50_ms,1.2725
1783608922,8d526afd5,debug,monster-scroll,paint_p95_ms,1.5873
1783608933,8d526afd5,debug,monster-search-scroll,mount_p50_ms,0.0000
1783608933,8d526afd5,debug,monster-search-scroll,mount_max_ms,0.0000
1783608933,8d526afd5,debug,monster-search-scroll,paint_p50_ms,0.0000
1783608950,8d526afd5,debug,render-scroll,avg_ms,1.7366
1783608950,8d526afd5,debug,render-scroll,p50_ms,1.7543
1783608950,8d526afd5,debug,render-scroll,p95_ms,2.3238
1783609328,8d526afd5,debug,wall,open_ms,148.5185
1783609328,8d526afd5,debug,wall,typing_p50_ms,1.1268
1783609348,8d526afd5,debug,burst-typing,p50_ms,7.8507
1783609348,8d526afd5,debug,burst-typing,p95_ms,21.5290
1783609378,8d526afd5,debug,typing,monster_p50_ms,3.0575
1783609378,8d526afd5,debug,typing,scratch_p50_ms,0.8306
1783609420,8d526afd5,debug,documents-list,refresh_ms,61.2058
1783609420,8d526afd5,debug,documents-list,scroll_p50_ms,0.0087
1783609420,8d526afd5,debug,documents-list,mount_p50_ms,0.0201
1783609420,8d526afd5,debug,documents-list,paint_p50_ms,0.3482
1783609432,8d526afd5,debug,plain-typing,keystroke_p50_ms,0.3676
1783609445,8d526afd5,debug,monster-resize,sync_ms,80.0315
1783609447,8d526afd5,debug,monster-resize,repair_effect_ms,1121.4824
1783609503,8d526afd5,debug,list-scroll,build_ms,3.9730
1783609503,8d526afd5,debug,list-scroll,frame_p50_ms,0.0494
1783609503,8d526afd5,debug,list-scroll,frame_p95_ms,0.0554
1783609507,8d526afd5,debug,search-landing,worst_ms,71.9655
1783609507,8d526afd5,debug,search-scroll,mount_p50_ms,0.0050
1783609507,8d526afd5,debug,search-scroll,paint_p50_ms,0.4032
1783609507,8d526afd5,debug,search-scroll,paint_p95_ms,0.6647
1783609542,8d526afd5,debug,search-landing,worst_ms,46.9960
1783610333,8d526afd5,debug,list-scroll,build_ms,4.0861
1783610333,8d526afd5,debug,list-scroll,frame_p50_ms,0.0292
1783610333,8d526afd5,debug,list-scroll,frame_p95_ms,0.0320
1783610726,723c4cf2a,debug,documents-list,refresh_ms,59.7533
1783610726,723c4cf2a,debug,documents-list,scroll_p50_ms,0.0087
1783610726,723c4cf2a,debug,documents-list,paint_p50_ms,0.3469
1783610739,723c4cf2a,debug,plain-typing,keystroke_p50_ms,0.3773
1783610754,723c4cf2a,debug,monster-resize,sync_ms,72.7702
1783610755,723c4cf2a,debug,monster-resize,repair_effect_ms,1087.6725
1783610810,723c4cf2a,debug,list-scroll,build_ms,7.0206
1783610810,723c4cf2a,debug,list-scroll,frame_p50_ms,0.0325
1783610810,723c4cf2a,debug,list-scroll,frame_p95_ms,0.0439
1783610814,723c4cf2a,debug,search-landing,worst_ms,51.0187
1783610814,723c4cf2a,debug,search-scroll,paint_p50_ms,0.4005
1783610814,723c4cf2a,debug,search-scroll,paint_p95_ms,0.5745
1783610910,723c4cf2a,debug,styled-typing,p50_ms,7.7386
1783610910,723c4cf2a,debug,styled-typing,p95_ms,20.0571
1783610925,723c4cf2a,debug,monster-scroll,paint_p50_ms,1.2624
1783610925,723c4cf2a,debug,monster-scroll,paint_p95_ms,1.6094
1783610936,723c4cf2a,debug,monster-search-scroll,paint_p50_ms,0.0000
1783610936,723c4cf2a,debug,monster-search-scroll,paint_max_ms,0.0000
1783610951,723c4cf2a,debug,render-scroll,avg_ms,1.3083
1783610951,723c4cf2a,debug,render-scroll,p50_ms,1.3077
1783610951,723c4cf2a,debug,render-scroll,p95_ms,1.6653
1783611035,723c4cf2a,debug,wall,open_ms,144.1773
1783611035,723c4cf2a,debug,wall,typing_p50_ms,1.0985
1783611054,723c4cf2a,debug,burst-typing,p50_ms,7.4606
1783611054,723c4cf2a,debug,burst-typing,p95_ms,20.5917
1783611084,723c4cf2a,debug,typing,monster_p50_ms,2.4532
1783611084,723c4cf2a,debug,typing,scratch_p50_ms,0.6862
1783620045,daa25df00,debug,plain-typing,keystroke_p50_ms,0.3892
1783620463,daa25df00,debug,plain-typing,keystroke_p50_ms,0.3908
1783620953,daa25df00,debug,monster-resize,sync_ms,90.5695
1783620954,daa25df00,debug,monster-resize,repair_effect_ms,1130.4372
1783621129,daa25df00,debug,documents-list,refresh_ms,67.7791
1783621129,daa25df00,debug,documents-list,scroll_p50_ms,0.0093
1783621129,daa25df00,debug,documents-list,paint_p50_ms,0.3520
1783621143,daa25df00,debug,plain-typing,keystroke_p50_ms,0.3993
1783621158,daa25df00,debug,monster-resize,sync_ms,73.7966
1783621159,daa25df00,debug,monster-resize,repair_effect_ms,1108.9931
1783621215,daa25df00,debug,list-scroll,build_ms,10.5346
1783621215,daa25df00,debug,list-scroll,frame_p50_ms,0.0339
1783621215,daa25df00,debug,list-scroll,frame_p95_ms,0.0585
1783621219,daa25df00,debug,search-landing,worst_ms,51.5390
1783621219,daa25df00,debug,search-scroll,paint_p50_ms,0.3983
1783621219,daa25df00,debug,search-scroll,paint_p95_ms,0.6133
1783621330,daa25df00,debug,styled-typing,p50_ms,9.8709
1783621330,daa25df00,debug,styled-typing,p95_ms,48.7175
1783621355,daa25df00,debug,monster-scroll,paint_p50_ms,1.4090
1783621355,daa25df00,debug,monster-scroll,paint_p95_ms,27.5815
1783621368,daa25df00,debug,monster-search-scroll,paint_p50_ms,0.0000
1783621368,daa25df00,debug,monster-search-scroll,paint_max_ms,0.0000
1783621387,daa25df00,debug,render-scroll,avg_ms,1.6684
1783621387,daa25df00,debug,render-scroll,p50_ms,1.3662
1783621387,daa25df00,debug,render-scroll,p95_ms,2.7552
1783621501,daa25df00,debug,wall,open_ms,145.6431
1783621501,daa25df00,debug,wall,typing_p50_ms,1.1474
1783621520,daa25df00,debug,burst-typing,p50_ms,7.3176
1783621520,daa25df00,debug,burst-typing,p95_ms,20.8123
1783621551,daa25df00,debug,typing,monster_p50_ms,2.6403
1783621551,daa25df00,debug,typing,scratch_p50_ms,0.7083
1783621801,daa25df00,release,list-scroll,build_ms,0.2558
1783621801,daa25df00,release,list-scroll,frame_p50_ms,0.0055
1783621801,daa25df00,release,list-scroll,frame_p95_ms,0.0057
1783621819,daa25df00,debug,list-scroll,build_ms,4.1387
1783621819,daa25df00,debug,list-scroll,frame_p50_ms,0.0282
1783621819,daa25df00,debug,list-scroll,frame_p95_ms,0.0311
1783627572,5ce5bf17f,debug,monster-resize,sync_ms,23.2509
1783627573,5ce5bf17f,debug,monster-resize,repair_effect_ms,1098.1009
1783627731,5ce5bf17f,debug,monster-resize,sync_ms,25.8128
1783627732,5ce5bf17f,debug,monster-resize,repair_effect_ms,1101.5595
1783627984,5ce5bf17f,debug,documents-list,refresh_ms,69.9752
1783627984,5ce5bf17f,debug,documents-list,scroll_p50_ms,0.0090
1783627984,5ce5bf17f,debug,documents-list,paint_p50_ms,0.3414
1783627997,5ce5bf17f,debug,plain-typing,keystroke_p50_ms,0.4221
1783628013,5ce5bf17f,debug,monster-resize,sync_ms,27.6390
1783628014,5ce5bf17f,debug,monster-resize,repair_effect_ms,1090.8035
1783628068,5ce5bf17f,debug,list-scroll,build_ms,4.8094
1783628068,5ce5bf17f,debug,list-scroll,frame_p50_ms,0.0304
1783628068,5ce5bf17f,debug,list-scroll,frame_p95_ms,0.0415
1783628072,5ce5bf17f,debug,search-landing,worst_ms,50.9907
1783628072,5ce5bf17f,debug,search-scroll,paint_p50_ms,0.3957
1783628072,5ce5bf17f,debug,search-scroll,paint_p95_ms,0.5703
1783628163,5ce5bf17f,debug,styled-typing,p50_ms,7.6767
1783628163,5ce5bf17f,debug,styled-typing,p95_ms,20.0887
1783628178,5ce5bf17f,debug,monster-scroll,paint_p50_ms,1.2298
1783628178,5ce5bf17f,debug,monster-scroll,paint_p95_ms,1.5829
1783628189,5ce5bf17f,debug,monster-search-scroll,paint_p50_ms,0.0000
1783628189,5ce5bf17f,debug,monster-search-scroll,paint_max_ms,0.0000
1783628204,5ce5bf17f,debug,render-scroll,avg_ms,1.2859
1783628204,5ce5bf17f,debug,render-scroll,p50_ms,1.2738
1783628204,5ce5bf17f,debug,render-scroll,p95_ms,1.6573
1783628288,5ce5bf17f,debug,wall,open_ms,144.7282
1783628288,5ce5bf17f,debug,wall,typing_p50_ms,1.1668
1783628308,5ce5bf17f,debug,burst-typing,p50_ms,7.0942
1783628308,5ce5bf17f,debug,burst-typing,p95_ms,20.6358
1783628337,5ce5bf17f,debug,typing,monster_p50_ms,2.3440
1783628337,5ce5bf17f,debug,typing,scratch_p50_ms,0.6374
1783629331,5ce5bf17f,debug,documents-list,refresh_ms,175.9724
1783629331,5ce5bf17f,debug,documents-list,scroll_p50_ms,0.0265
1783629331,5ce5bf17f,debug,documents-list,paint_p50_ms,0.7821
1783629363,5ce5bf17f,debug,plain-typing,keystroke_p50_ms,0.9120
1783630175,5ce5bf17f,debug,monster-resize,sync_ms,81.6522
1783630178,5ce5bf17f,debug,monster-resize,repair_effect_ms,3368.0019
1783630284,5ce5bf17f,debug,list-scroll,build_ms,28.0868
1783630284,5ce5bf17f,debug,list-scroll,frame_p50_ms,0.0857
1783630284,5ce5bf17f,debug,list-scroll,frame_p95_ms,0.1829
1783630292,5ce5bf17f,debug,search-landing,worst_ms,49.6556
1783630292,5ce5bf17f,debug,search-scroll,paint_p50_ms,0.3074
1783630292,5ce5bf17f,debug,search-scroll,paint_p95_ms,0.4645
1783632073,5ce5bf17f,debug,styled-typing,p50_ms,12.9021
1783632073,5ce5bf17f,debug,styled-typing,p95_ms,40.6788
1783632090,5ce5bf17f,debug,monster-scroll,paint_p50_ms,1.0415
1783632090,5ce5bf17f,debug,monster-scroll,paint_p95_ms,1.3971
1783632102,5ce5bf17f,debug,monster-search-scroll,paint_p50_ms,0.0000
1783632102,5ce5bf17f,debug,monster-search-scroll,paint_max_ms,0.0000
1783632115,5ce5bf17f,debug,render-scroll,avg_ms,1.0893
1783632115,5ce5bf17f,debug,render-scroll,p50_ms,1.0850
1783632115,5ce5bf17f,debug,render-scroll,p95_ms,1.4655
1783632191,5ce5bf17f,debug,plain-typing,keystroke_p50_ms,0.3916
1783632212,5ce5bf17f,debug,wall,open_ms,147.4178
1783632212,5ce5bf17f,debug,wall,typing_p50_ms,1.0653
1783632231,5ce5bf17f,debug,burst-typing,p50_ms,7.0419
1783632231,5ce5bf17f,debug,burst-typing,p95_ms,21.0356
1783632262,5ce5bf17f,debug,typing,monster_p50_ms,1.8671
1783632262,5ce5bf17f,debug,typing,scratch_p50_ms,0.4667
1783632286,5ce5bf17f,debug,styled-typing,p50_ms,7.3330
1783632286,5ce5bf17f,debug,styled-typing,p95_ms,20.2778
1783632300,5ce5bf17f,debug,monster-scroll,paint_p50_ms,1.1765
1783632300,5ce5bf17f,debug,monster-scroll,paint_p95_ms,1.5467
1783632312,5ce5bf17f,debug,monster-search-scroll,paint_p50_ms,0.0000
1783632312,5ce5bf17f,debug,monster-search-scroll,paint_max_ms,0.0000
1783632327,5ce5bf17f,debug,render-scroll,avg_ms,1.2291
1783632327,5ce5bf17f,debug,render-scroll,p50_ms,1.2197
1783632327,5ce5bf17f,debug,render-scroll,p95_ms,1.6053
1783632412,5ce5bf17f,debug,wall,open_ms,145.3838
1783632412,5ce5bf17f,debug,wall,typing_p50_ms,1.0620
1783632431,5ce5bf17f,debug,burst-typing,p50_ms,7.1775
1783632431,5ce5bf17f,debug,burst-typing,p95_ms,20.8105
1783632461,5ce5bf17f,debug,typing,monster_p50_ms,2.3090
1783632461,5ce5bf17f,debug,typing,scratch_p50_ms,0.4566
1783633306,5ce5bf17f,debug,documents-list,refresh_ms,69.5197
1783633306,5ce5bf17f,debug,documents-list,scroll_p50_ms,0.0090
1783633306,5ce5bf17f,debug,documents-list,paint_p50_ms,0.2677
1783633320,5ce5bf17f,debug,plain-typing,keystroke_p50_ms,0.4124
1783633336,5ce5bf17f,debug,monster-resize,sync_ms,26.6430
1783633337,5ce5bf17f,debug,monster-resize,repair_effect_ms,1112.3436
1783633390,5ce5bf17f,debug,list-scroll,build_ms,3.8451
1783633390,5ce5bf17f,debug,list-scroll,frame_p50_ms,0.0280
1783633390,5ce5bf17f,debug,list-scroll,frame_p95_ms,0.0311
1783633394,5ce5bf17f,debug,search-landing,worst_ms,61.2329
1783633394,5ce5bf17f,debug,search-scroll,paint_p50_ms,0.3366
1783633394,5ce5bf17f,debug,search-scroll,paint_p95_ms,0.4803
1783633481,5ce5bf17f,debug,styled-typing,p50_ms,6.8382
1783633481,5ce5bf17f,debug,styled-typing,p95_ms,19.6219
1783633495,5ce5bf17f,debug,monster-scroll,paint_p50_ms,0.9888
1783633495,5ce5bf17f,debug,monster-scroll,paint_p95_ms,1.3625
1783633507,5ce5bf17f,debug,monster-search-scroll,paint_p50_ms,0.0000
1783633507,5ce5bf17f,debug,monster-search-scroll,paint_max_ms,0.0000
1783633520,5ce5bf17f,debug,render-scroll,avg_ms,1.0408
1783633520,5ce5bf17f,debug,render-scroll,p50_ms,1.0228
1783633520,5ce5bf17f,debug,render-scroll,p95_ms,1.4132
1783633604,5ce5bf17f,debug,wall,open_ms,144.1784
1783633604,5ce5bf17f,debug,wall,typing_p50_ms,1.0132
1783633622,5ce5bf17f,debug,burst-typing,p50_ms,6.9455
1783633622,5ce5bf17f,debug,burst-typing,p95_ms,20.2131
1783633652,5ce5bf17f,debug,typing,monster_p50_ms,1.7335
1783633652,5ce5bf17f,debug,typing,scratch_p50_ms,0.4360
1783634420,5ce5bf17f,debug,documents-list,refresh_ms,60.0755
1783634420,5ce5bf17f,debug,documents-list,scroll_p50_ms,0.0090
1783634420,5ce5bf17f,debug,documents-list,paint_p50_ms,0.2769
1783634433,5ce5bf17f,debug,plain-typing,keystroke_p50_ms,0.3878
1783634449,5ce5bf17f,debug,monster-resize,sync_ms,25.1982
1783634450,5ce5bf17f,debug,monster-resize,repair_effect_ms,1109.5837
1783634504,5ce5bf17f,debug,list-scroll,build_ms,8.7522
1783634504,5ce5bf17f,debug,list-scroll,frame_p50_ms,0.0336
1783634504,5ce5bf17f,debug,list-scroll,frame_p95_ms,0.0563
1783634508,5ce5bf17f,debug,search-landing,worst_ms,51.0458
1783634508,5ce5bf17f,debug,search-scroll,paint_p50_ms,0.3376
1783634508,5ce5bf17f,debug,search-scroll,paint_p95_ms,0.5333
1783634598,5ce5bf17f,debug,styled-typing,p50_ms,7.5163
1783634598,5ce5bf17f,debug,styled-typing,p95_ms,20.1118
1783634612,5ce5bf17f,debug,monster-scroll,paint_p50_ms,1.1871
1783634612,5ce5bf17f,debug,monster-scroll,paint_p95_ms,1.5723
1783634623,5ce5bf17f,debug,monster-search-scroll,paint_p50_ms,0.0000
1783634623,5ce5bf17f,debug,monster-search-scroll,paint_max_ms,0.0000
1783634638,5ce5bf17f,debug,render-scroll,avg_ms,1.2534
1783634638,5ce5bf17f,debug,render-scroll,p50_ms,1.2378
1783634638,5ce5bf17f,debug,render-scroll,p95_ms,1.6346
1783634729,5ce5bf17f,debug,wall,open_ms,146.0421
1783634729,5ce5bf17f,debug,wall,typing_p50_ms,0.9248
1783634748,5ce5bf17f,debug,burst-typing,p50_ms,7.2498
1783634748,5ce5bf17f,debug,burst-typing,p95_ms,20.6340
1783634778,5ce5bf17f,debug,typing,monster_p50_ms,2.2921
1783634778,5ce5bf17f,debug,typing,scratch_p50_ms,0.4732
1783634954,5ce5bf17f,debug,styled-typing,p50_ms,7.2377
1783634954,5ce5bf17f,debug,styled-typing,p95_ms,19.6515
1783634968,5ce5bf17f,debug,monster-scroll,paint_p50_ms,1.1884
1783634968,5ce5bf17f,debug,monster-scroll,paint_p95_ms,1.5697
1783634979,5ce5bf17f,debug,monster-search-scroll,paint_p50_ms,0.0000
1783634979,5ce5bf17f,debug,monster-search-scroll,paint_max_ms,0.0000
1783634993,5ce5bf17f,debug,render-scroll,avg_ms,1.2430
1783634993,5ce5bf17f,debug,render-scroll,p50_ms,1.2307
1783634993,5ce5bf17f,debug,render-scroll,p95_ms,1.6358
1783635085,5ce5bf17f,debug,wall,open_ms,145.0721
1783635085,5ce5bf17f,debug,wall,typing_p50_ms,0.9387
1783635104,5ce5bf17f,debug,burst-typing,p50_ms,7.2777
1783635104,5ce5bf17f,debug,burst-typing,p95_ms,20.9928
1783635134,5ce5bf17f,debug,typing,monster_p50_ms,2.3011
1783635134,5ce5bf17f,debug,typing,scratch_p50_ms,0.4570
1783636127,5ce5bf17f,debug,documents-list,refresh_ms,62.1014
1783636127,5ce5bf17f,debug,documents-list,scroll_p50_ms,0.0096
1783636127,5ce5bf17f,debug,documents-list,paint_p50_ms,0.2893
1783636141,5ce5bf17f,debug,plain-typing,keystroke_p50_ms,0.4183
1783636154,5ce5bf17f,debug,monster-resize,sync_ms,27.5966
1783636155,5ce5bf17f,debug,monster-resize,repair_effect_ms,1119.5311
1783636212,5ce5bf17f,debug,search-landing,worst_ms,51.8412
1783636212,5ce5bf17f,debug,search-scroll,paint_p50_ms,0.3405
1783636212,5ce5bf17f,debug,search-scroll,paint_p95_ms,0.5194
1783636302,5ce5bf17f,debug,styled-typing,p50_ms,7.7637
1783636302,5ce5bf17f,debug,styled-typing,p95_ms,20.3269
1783636317,5ce5bf17f,debug,monster-scroll,paint_p50_ms,1.1880
1783636317,5ce5bf17f,debug,monster-scroll,paint_p95_ms,1.5840
1783636328,5ce5bf17f,debug,monster-search-scroll,paint_p50_ms,0.0000
1783636328,5ce5bf17f,debug,monster-search-scroll,paint_max_ms,0.0000
1783636342,5ce5bf17f,debug,render-scroll,avg_ms,1.2328
1783636342,5ce5bf17f,debug,render-scroll,p50_ms,1.2308
1783636342,5ce5bf17f,debug,render-scroll,p95_ms,1.6048
1783636433,5ce5bf17f,debug,wall,open_ms,144.6462
1783636433,5ce5bf17f,debug,wall,typing_p50_ms,0.9730
1783636452,5ce5bf17f,debug,burst-typing,p50_ms,7.2455
1783636452,5ce5bf17f,debug,burst-typing,p95_ms,20.5963
1783636482,5ce5bf17f,debug,typing,monster_p50_ms,2.3345
1783636482,5ce5bf17f,debug,typing,scratch_p50_ms,0.4510
1783637611,5ce5bf17f,debug,documents-list,refresh_ms,58.7430
1783637611,5ce5bf17f,debug,documents-list,scroll_p50_ms,0.0090
1783637611,5ce5bf17f,debug,documents-list,paint_p50_ms,0.2748
1783637624,5ce5bf17f,debug,plain-typing,keystroke_p50_ms,0.4073
1783637640,5ce5bf17f,debug,monster-resize,sync_ms,30.1660
1783637641,5ce5bf17f,debug,monster-resize,repair_effect_ms,1099.4956
1783637698,5ce5bf17f,debug,search-landing,worst_ms,49.7088
1783637698,5ce5bf17f,debug,search-scroll,paint_p50_ms,0.3352
1783637698,5ce5bf17f,debug,search-scroll,paint_p95_ms,0.5120
1783637787,5ce5bf17f,debug,styled-typing,p50_ms,7.3920
1783637787,5ce5bf17f,debug,styled-typing,p95_ms,19.4471
1783637801,5ce5bf17f,debug,monster-scroll,paint_p50_ms,1.1923
1783637801,5ce5bf17f,debug,monster-scroll,paint_p95_ms,1.5746
1783637812,5ce5bf17f,debug,monster-search-scroll,paint_p50_ms,0.0000
1783637812,5ce5bf17f,debug,monster-search-scroll,paint_max_ms,0.0000
1783637827,5ce5bf17f,debug,render-scroll,avg_ms,1.2243
1783637827,5ce5bf17f,debug,render-scroll,p50_ms,1.2151
1783637827,5ce5bf17f,debug,render-scroll,p95_ms,1.5984
1783637922,5ce5bf17f,debug,wall,open_ms,143.0615
1783637922,5ce5bf17f,debug,wall,typing_p50_ms,0.9685
1783637941,5ce5bf17f,debug,burst-typing,p50_ms,7.0503
1783637941,5ce5bf17f,debug,burst-typing,p95_ms,20.1839
1783637971,9122f08c4,debug,typing,monster_p50_ms,2.4106
1783637971,9122f08c4,debug,typing,scratch_p50_ms,0.6529
1783638635,047e7c676,debug,plain-typing,keystroke_p50_ms,0.3876
1783638772,f34a25a79,debug,plain-typing,keystroke_p50_ms,0.3870
1783638842,0e922d6f4,debug,plain-typing,keystroke_p50_ms,0.3782
1783638846,0e922d6f4,debug,search-landing,worst_ms,47.7746
1783638846,0e922d6f4,debug,search-scroll,paint_p50_ms,0.3472
1783638846,0e922d6f4,debug,search-scroll,paint_p95_ms,0.5437
1783639198,16b809bfa,debug,search-landing,worst_ms,51.9004
1783639198,16b809bfa,debug,search-scroll,paint_p50_ms,0.3362
1783639198,16b809bfa,debug,search-scroll,paint_p95_ms,0.5341
1783639223,16b809bfa,debug,search-landing,worst_ms,52.4212
1783639224,16b809bfa,debug,search-scroll,paint_p50_ms,0.3375
1783639224,16b809bfa,debug,search-scroll,paint_p95_ms,0.5618
1783639262,16b809bfa,debug,plain-typing,keystroke_p50_ms,0.3725
1783639295,edb6c1d99,debug,plain-typing,keystroke_p50_ms,0.3745
1783639377,edb6c1d99,debug,plain-typing,keystroke_p50_ms,0.4005
1783639385,edb6c1d99,debug,search-landing,worst_ms,60.1545
1783639385,edb6c1d99,debug,search-scroll,paint_p50_ms,0.4088
1783639385,edb6c1d99,debug,search-scroll,paint_p95_ms,0.6037
1783639436,edb6c1d99,debug,documents-list,refresh_ms,59.0316
1783639436,edb6c1d99,debug,documents-list,scroll_p50_ms,0.0091
1783639436,edb6c1d99,debug,documents-list,paint_p50_ms,0.2783
1783639448,edb6c1d99,debug,monster-resize,sync_ms,25.2649
1783639449,edb6c1d99,debug,monster-resize,repair_effect_ms,1107.3322
1783639720,766822f18,debug,plain-typing,keystroke_p50_ms,0.3683
1783639728,766822f18,debug,monster-resize,sync_ms,29.3625
1783639729,766822f18,debug,monster-resize,repair_effect_ms,1098.9060
1783639808,766822f18,debug,documents-list,refresh_ms,59.7062
1783639808,766822f18,debug,documents-list,scroll_p50_ms,0.0091
1783639808,766822f18,debug,documents-list,paint_p50_ms,0.2789
1783639821,766822f18,debug,search-landing,worst_ms,52.7441
1783639821,766822f18,debug,search-scroll,paint_p50_ms,0.4101
1783639821,766822f18,debug,search-scroll,paint_p95_ms,0.6120
1783639968,747142ca5,debug,styled-typing,p50_ms,7.4136
1783639968,747142ca5,debug,styled-typing,p95_ms,19.7209
1783639983,747142ca5,debug,monster-scroll,paint_p50_ms,1.2312
1783639983,747142ca5,debug,monster-scroll,paint_p95_ms,1.7300
1783639994,747142ca5,debug,monster-search-scroll,paint_p50_ms,0.0000
1783639994,747142ca5,debug,monster-search-scroll,paint_max_ms,0.0000
1783640008,747142ca5,debug,render-scroll,avg_ms,1.2665
1783640008,747142ca5,debug,render-scroll,p50_ms,1.2545
1783640008,747142ca5,debug,render-scroll,p95_ms,1.7468
1783640127,747142ca5,debug,wall,open_ms,142.4952
1783640127,747142ca5,debug,wall,typing_p50_ms,0.9341
1783640146,747142ca5,debug,burst-typing,p50_ms,7.2592
1783640146,747142ca5,debug,burst-typing,p95_ms,20.8738
1783640172,747142ca5,debug,typing,monster_p50_ms,2.2436
1783640172,747142ca5,debug,typing,scratch_p50_ms,0.5973
1783672730,432b3c551,debug,plain-typing,keystroke_p50_ms,0.3854
1783672738,432b3c551,debug,monster-resize,sync_ms,26.7537
1783672739,432b3c551,debug,monster-resize,repair_effect_ms,1098.7025
1783681735,b50958117,debug,monster-resize,sync_ms,30.3752
1783681736,b50958117,debug,monster-resize,repair_effect_ms,1118.8346
1783681790,b50958117,debug,list-scroll,build_ms,9.4121
1783681790,b50958117,debug,list-scroll,frame_p50_ms,0.0334
1783681790,b50958117,debug,list-scroll,frame_p95_ms,0.0444
1783682507,2a4b1ddf0,debug,documents-list,refresh_ms,68.9760
1783682507,2a4b1ddf0,debug,documents-list,scroll_p50_ms,0.0089
1783682507,2a4b1ddf0,debug,documents-list,paint_p50_ms,0.2601
1783682520,2a4b1ddf0,debug,plain-typing,keystroke_p50_ms,0.3930
1783682537,2a4b1ddf0,debug,monster-resize,sync_ms,28.3718
1783682538,2a4b1ddf0,debug,monster-resize,repair_effect_ms,1100.5003
1783682592,2a4b1ddf0,debug,list-scroll,build_ms,10.4452
1783682592,2a4b1ddf0,debug,list-scroll,frame_p50_ms,0.0306
1783682592,2a4b1ddf0,debug,list-scroll,frame_p95_ms,0.0523
1783682596,2a4b1ddf0,debug,search-landing,worst_ms,59.5452
1783682596,2a4b1ddf0,debug,search-scroll,paint_p50_ms,0.4018
1783682596,2a4b1ddf0,debug,search-scroll,paint_p95_ms,0.5956
1783682613,2a4b1ddf0,debug,documents-list,refresh_ms,66.1058
1783682613,2a4b1ddf0,debug,documents-list,scroll_p50_ms,0.0087
1783682613,2a4b1ddf0,debug,documents-list,paint_p50_ms,0.2560
1783682625,2a4b1ddf0,debug,plain-typing,keystroke_p50_ms,0.3685
1783682637,2a4b1ddf0,debug,monster-resize,sync_ms,30.7129
1783682638,2a4b1ddf0,debug,monster-resize,repair_effect_ms,1113.5050
1783682691,2a4b1ddf0,debug,list-scroll,build_ms,3.8520
1783682691,2a4b1ddf0,debug,list-scroll,frame_p50_ms,0.0282
1783682691,2a4b1ddf0,debug,list-scroll,frame_p95_ms,0.0309
1783682693,2a4b1ddf0,debug,search-landing,worst_ms,52.6578
1783682693,2a4b1ddf0,debug,search-scroll,paint_p50_ms,0.4153
1783682693,2a4b1ddf0,debug,search-scroll,paint_p95_ms,0.5947
1783682791,2a4b1ddf0,debug,styled-typing,p50_ms,7.3794
1783682791,2a4b1ddf0,debug,styled-typing,p95_ms,20.0883
1783682805,2a4b1ddf0,debug,monster-scroll,paint_p50_ms,1.2125
1783682805,2a4b1ddf0,debug,monster-scroll,paint_p95_ms,1.6742
1783682816,2a4b1ddf0,debug,monster-search-scroll,paint_p50_ms,0.0000
1783682816,2a4b1ddf0,debug,monster-search-scroll,paint_max_ms,0.0000
1783682830,2a4b1ddf0,debug,render-scroll,avg_ms,1.2324
1783682830,2a4b1ddf0,debug,render-scroll,p50_ms,1.2221
1783682830,2a4b1ddf0,debug,render-scroll,p95_ms,1.6622
1783682951,2a4b1ddf0,debug,wall,open_ms,142.7320
1783682951,2a4b1ddf0,debug,wall,typing_p50_ms,0.9219
1783682970,2a4b1ddf0,debug,burst-typing,p50_ms,7.5394
1783682970,2a4b1ddf0,debug,burst-typing,p95_ms,21.2221
1783682999,2a4b1ddf0,debug,typing,monster_p50_ms,2.2925
1783682999,2a4b1ddf0,debug,typing,scratch_p50_ms,0.5540
1783686011,9e0f8c91e,debug,monster-resize,sync_ms,24.5103
1783686012,9e0f8c91e,debug,monster-resize,repair_effect_ms,1113.0313
1783686092,9e0f8c91e,debug,documents-list,refresh_ms,69.3405
1783686092,9e0f8c91e,debug,documents-list,scroll_p50_ms,0.0090
1783686092,9e0f8c91e,debug,documents-list,paint_p50_ms,0.2605
1783686105,9e0f8c91e,debug,plain-typing,keystroke_p50_ms,0.4332
1783686114,9e0f8c91e,debug,list-scroll,build_ms,3.8235
1783686114,9e0f8c91e,debug,list-scroll,frame_p50_ms,0.0283
1783686114,9e0f8c91e,debug,list-scroll,frame_p95_ms,0.0314
1783686118,9e0f8c91e,debug,search-landing,worst_ms,61.0542
1783686118,9e0f8c91e,debug,search-scroll,paint_p50_ms,0.4047
1783686118,9e0f8c91e,debug,search-scroll,paint_p95_ms,0.6291
1783686220,9e0f8c91e,debug,styled-typing,p50_ms,7.8250
1783686220,9e0f8c91e,debug,styled-typing,p95_ms,20.5758
1783686234,9e0f8c91e,debug,monster-scroll,paint_p50_ms,1.2662
1783686234,9e0f8c91e,debug,monster-scroll,paint_p95_ms,1.7553
1783686245,9e0f8c91e,debug,monster-search-scroll,paint_p50_ms,0.0000
1783686245,9e0f8c91e,debug,monster-search-scroll,paint_max_ms,0.0000
1783686261,9e0f8c91e,debug,render-scroll,avg_ms,1.2726
1783686261,9e0f8c91e,debug,render-scroll,p50_ms,1.2570
1783686261,9e0f8c91e,debug,render-scroll,p95_ms,1.7254
1783686380,9e0f8c91e,debug,wall,open_ms,156.4588
1783686380,9e0f8c91e,debug,wall,typing_p50_ms,0.8566
1783686399,9e0f8c91e,debug,burst-typing,p50_ms,7.4172
1783686399,9e0f8c91e,debug,burst-typing,p95_ms,21.0682
1783686430,9e0f8c91e,debug,typing,monster_p50_ms,2.3206
1783686430,9e0f8c91e,debug,typing,scratch_p50_ms,0.5901
1783688190,ffae04754,debug,plain-typing,keystroke_p50_ms,0.3979
1783688198,ffae04754,debug,monster-resize,sync_ms,23.9032
1783688199,ffae04754,debug,monster-resize,repair_effect_ms,1102.6755
1783688290,ffae04754,debug,documents-list,refresh_ms,62.5508
1783688290,ffae04754,debug,documents-list,scroll_p50_ms,0.0096
1783688290,ffae04754,debug,documents-list,paint_p50_ms,0.2781
1783688300,ffae04754,debug,search-landing,worst_ms,70.4025
1783688300,ffae04754,debug,search-scroll,paint_p50_ms,0.4148
1783688300,ffae04754,debug,search-scroll,paint_p95_ms,0.6079
1783688362,ffae04754,debug,styled-typing,p50_ms,7.6562
1783688362,ffae04754,debug,styled-typing,p95_ms,20.6818
1783688377,ffae04754,debug,monster-scroll,paint_p50_ms,1.2467
1783688377,ffae04754,debug,monster-scroll,paint_p95_ms,1.7215
1783688388,ffae04754,debug,monster-search-scroll,paint_p50_ms,0.0000
1783688388,ffae04754,debug,monster-search-scroll,paint_max_ms,0.0000
1783688403,ffae04754,debug,render-scroll,avg_ms,1.3249
1783688403,ffae04754,debug,render-scroll,p50_ms,1.3010
1783688403,ffae04754,debug,render-scroll,p95_ms,1.8121
1783688524,ffae04754,debug,wall,open_ms,151.5106
1783688525,ffae04754,debug,wall,typing_p50_ms,1.0420
1783688544,ffae04754,debug,burst-typing,p50_ms,7.4200
1783688544,ffae04754,debug,burst-typing,p95_ms,21.7215
1783688575,ffae04754,debug,typing,monster_p50_ms,2.4143
1783688575,ffae04754,debug,typing,scratch_p50_ms,0.6542
1783691037,10a3a4f9b,debug,monster-resize,sync_ms,25.8207
1783691038,10a3a4f9b,debug,monster-resize,repair_effect_ms,1093.4005
1783691182,10a3a4f9b,debug,styled-typing,p50_ms,7.2955
1783691182,10a3a4f9b,debug,styled-typing,p95_ms,19.7445
1783691196,10a3a4f9b,debug,monster-scroll,paint_p50_ms,1.2218
1783691196,10a3a4f9b,debug,monster-scroll,paint_p95_ms,1.6722
1783691207,10a3a4f9b,debug,monster-search-scroll,paint_p50_ms,0.0000
1783691207,10a3a4f9b,debug,monster-search-scroll,paint_max_ms,0.0000
1783691222,10a3a4f9b,debug,render-scroll,avg_ms,1.2427
1783691222,10a3a4f9b,debug,render-scroll,p50_ms,1.2314
1783691222,10a3a4f9b,debug,render-scroll,p95_ms,1.6754
1783691342,10a3a4f9b,debug,wall,open_ms,141.5663
1783691343,10a3a4f9b,debug,wall,typing_p50_ms,0.8730
1783691361,10a3a4f9b,debug,burst-typing,p50_ms,7.3533
1783691361,10a3a4f9b,debug,burst-typing,p95_ms,21.2104
1783691392,10a3a4f9b,debug,typing,monster_p50_ms,2.2910
1783691392,10a3a4f9b,debug,typing,scratch_p50_ms,0.5497
1783697758,a65266c7a,debug,plain-typing,keystroke_p50_ms,0.3845
1783697774,a65266c7a,debug,monster-resize,sync_ms,13.4667
1783697775,a65266c7a,debug,monster-resize,repair_effect_ms,924.9594
1783697818,a65266c7a,debug,monster-resize,sync_ms,16.1154
1783697819,a65266c7a,debug,monster-resize,repair_effect_ms,982.1599
1783697965,a65266c7a,debug,styled-typing,p50_ms,7.4267
1783697965,a65266c7a,debug,styled-typing,p95_ms,19.1909
1783697980,a65266c7a,debug,monster-scroll,paint_p50_ms,1.1900
1783697980,a65266c7a,debug,monster-scroll,paint_p95_ms,1.6251
1783697992,a65266c7a,debug,monster-search-scroll,paint_p50_ms,0.0000
1783697992,a65266c7a,debug,monster-search-scroll,paint_max_ms,0.0000
1783698007,a65266c7a,debug,render-scroll,avg_ms,1.2037
1783698007,a65266c7a,debug,render-scroll,p50_ms,1.1957
1783698007,a65266c7a,debug,render-scroll,p95_ms,1.6211
1783698120,a65266c7a,debug,wall,open_ms,141.4111
1783698120,a65266c7a,debug,wall,typing_p50_ms,0.8403
1783698140,a65266c7a,debug,burst-typing,p50_ms,7.1039
1783698140,a65266c7a,debug,burst-typing,p95_ms,20.5325
1783698175,a65266c7a,debug,typing,monster_p50_ms,2.0838
1783698175,a65266c7a,debug,typing,scratch_p50_ms,0.4570
1783699227,9be8e603f,debug,monster-resize,sync_ms,13.8384
1783699228,9be8e603f,debug,monster-resize,repair_effect_ms,1000.0817
1783699477,9be8e603f,debug,plain-typing,keystroke_p50_ms,0.3848
1783703284,ba1f05988,debug,plain-typing,keystroke_p50_ms,0.3776
1783703298,ba1f05988,debug,monster-resize,sync_ms,22.8114
1783703299,ba1f05988,debug,monster-resize,repair_effect_ms,947.7287
1783703453,ba1f05988,debug,styled-typing,p50_ms,7.5958
1783703453,ba1f05988,debug,styled-typing,p95_ms,19.6406
1783703468,ba1f05988,debug,monster-scroll,paint_p50_ms,1.2158
1783703468,ba1f05988,debug,monster-scroll,paint_p95_ms,1.6627
1783703480,ba1f05988,debug,monster-search-scroll,paint_p50_ms,0.0000
1783703480,ba1f05988,debug,monster-search-scroll,paint_max_ms,0.0000
1783703496,ba1f05988,debug,render-scroll,avg_ms,1.2287
1783703496,ba1f05988,debug,render-scroll,p50_ms,1.2170
1783703496,ba1f05988,debug,render-scroll,p95_ms,1.6733
1783703609,ba1f05988,debug,wall,open_ms,142.2560
1783703609,ba1f05988,debug,wall,typing_p50_ms,0.8544
1783703629,ba1f05988,debug,burst-typing,p50_ms,7.2787
1783703629,ba1f05988,debug,burst-typing,p95_ms,20.9345
1783703662,ba1f05988,debug,typing,monster_p50_ms,2.0643
1783703662,ba1f05988,debug,typing,scratch_p50_ms,0.5470
1783706040,11e5db1a0,debug,documents-list,refresh_ms,60.4647
1783706040,11e5db1a0,debug,documents-list,scroll_p50_ms,0.0093
1783706040,11e5db1a0,debug,documents-list,paint_p50_ms,0.2726
1783706054,11e5db1a0,debug,plain-typing,keystroke_p50_ms,0.3788
1783706072,11e5db1a0,debug,monster-resize,sync_ms,19.1103
1783706073,11e5db1a0,debug,monster-resize,repair_effect_ms,982.4723
1783706864,11e5db1a0,debug,documents-list,refresh_ms,60.0119
1783706864,11e5db1a0,debug,documents-list,scroll_p50_ms,0.0092
1783706864,11e5db1a0,debug,documents-list,paint_p50_ms,0.2697
1783706878,11e5db1a0,debug,plain-typing,keystroke_p50_ms,0.3887
1783706899,11e5db1a0,debug,monster-resize,sync_ms,22.4632
1783706900,11e5db1a0,debug,monster-resize,repair_effect_ms,998.8965
1783706959,11e5db1a0,debug,search-landing,worst_ms,50.8521
1783706960,11e5db1a0,debug,search-scroll,paint_p50_ms,0.4139
1783706960,11e5db1a0,debug,search-scroll,paint_p95_ms,0.6502
1783708075,11e5db1a0,debug,documents-list,refresh_ms,67.4545
1783708075,11e5db1a0,debug,documents-list,scroll_p50_ms,0.0094
1783708075,11e5db1a0,debug,documents-list,paint_p50_ms,0.2748
1783708098,11e5db1a0,debug,plain-typing,keystroke_p50_ms,0.3910
1783708117,11e5db1a0,debug,monster-resize,sync_ms,17.6646
1783708118,11e5db1a0,debug,monster-resize,repair_effect_ms,1317.5180
1783708259,11e5db1a0,debug,monster-resize,sync_ms,21.3343
1783708261,11e5db1a0,debug,monster-resize,repair_effect_ms,1317.6939
1783708409,11e5db1a0,debug,styled-typing,p50_ms,7.8495
1783708409,11e5db1a0,debug,styled-typing,p95_ms,20.3995
1783708425,11e5db1a0,debug,monster-scroll,paint_p50_ms,1.2455
1783708425,11e5db1a0,debug,monster-scroll,paint_p95_ms,1.7244
1783708438,11e5db1a0,debug,monster-search-scroll,paint_p50_ms,0.0000
1783708438,11e5db1a0,debug,monster-search-scroll,paint_max_ms,0.0000
1783708454,11e5db1a0,debug,render-scroll,avg_ms,1.2869
1783708454,11e5db1a0,debug,render-scroll,p50_ms,1.2721
1783708454,11e5db1a0,debug,render-scroll,p95_ms,1.7518
1783708580,11e5db1a0,debug,wall,open_ms,146.5071
1783708580,11e5db1a0,debug,wall,typing_p50_ms,0.9830
1783708601,11e5db1a0,debug,burst-typing,p50_ms,7.5630
1783708601,11e5db1a0,debug,burst-typing,p95_ms,21.9450
1783708635,11e5db1a0,debug,typing,monster_p50_ms,2.4023
1783708635,11e5db1a0,debug,typing,scratch_p50_ms,0.6275
1783711535,70a3f4fb8,debug,plain-typing,keystroke_p50_ms,0.3894
1783712176,70a3f4fb8,debug,plain-typing,keystroke_p50_ms,0.3830
1783712191,70a3f4fb8,debug,monster-resize,sync_ms,23.1218
1783712192,70a3f4fb8,debug,monster-resize,repair_effect_ms,1415.7392
1783712301,70a3f4fb8,debug,documents-list,refresh_ms,69.6448
1783712301,70a3f4fb8,debug,documents-list,scroll_p50_ms,0.0092
1783712301,70a3f4fb8,debug,documents-list,paint_p50_ms,0.2665
1783712311,70a3f4fb8,debug,search-landing,worst_ms,51.2026
1783712311,70a3f4fb8,debug,search-scroll,paint_p50_ms,0.4106
1783712311,70a3f4fb8,debug,search-scroll,paint_p95_ms,0.5856
1783712372,70a3f4fb8,debug,styled-typing,p50_ms,7.3695
1783712372,70a3f4fb8,debug,styled-typing,p95_ms,19.9658
1783712386,70a3f4fb8,debug,monster-scroll,paint_p50_ms,1.2015
1783712386,70a3f4fb8,debug,monster-scroll,paint_p95_ms,1.6564
1783712397,70a3f4fb8,debug,monster-search-scroll,paint_p50_ms,0.0000
1783712397,70a3f4fb8,debug,monster-search-scroll,paint_max_ms,0.0000
1783712412,70a3f4fb8,debug,render-scroll,avg_ms,1.2246
1783712412,70a3f4fb8,debug,render-scroll,p50_ms,1.2139
1783712412,70a3f4fb8,debug,render-scroll,p95_ms,1.6655
1783712543,70a3f4fb8,debug,wall,open_ms,143.5299
1783712543,70a3f4fb8,debug,wall,typing_p50_ms,0.9529
1783712562,70a3f4fb8,debug,burst-typing,p50_ms,7.5040
1783712562,70a3f4fb8,debug,burst-typing,p95_ms,21.4641
1783712592,70a3f4fb8,debug,typing,monster_p50_ms,2.1611
1783712592,70a3f4fb8,debug,typing,scratch_p50_ms,0.5534
1783713090,70a3f4fb8,debug,plain-typing,keystroke_p50_ms,0.3921
1783713335,70a3f4fb8,debug,plain-typing,keystroke_p50_ms,0.4059
1783713350,70a3f4fb8,debug,monster-resize,sync_ms,21.4325
1783713352,70a3f4fb8,debug,monster-resize,repair_effect_ms,1435.7058
1783713866,70a3f4fb8,debug,documents-list,refresh_ms,70.5952
1783713866,70a3f4fb8,debug,documents-list,scroll_p50_ms,0.0092
1783713866,70a3f4fb8,debug,documents-list,paint_p50_ms,0.2646
1783713881,70a3f4fb8,debug,plain-typing,keystroke_p50_ms,0.4190
1783713902,70a3f4fb8,debug,monster-resize,sync_ms,15.3720
1783713903,70a3f4fb8,debug,monster-resize,repair_effect_ms,1441.2809
1783713978,70a3f4fb8,debug,search-landing,worst_ms,52.3147
1783713978,70a3f4fb8,debug,search-scroll,paint_p50_ms,0.4214
1783713978,70a3f4fb8,debug,search-scroll,paint_p95_ms,0.6200
1783714135,70a3f4fb8,debug,styled-typing,p50_ms,7.3417
1783714135,70a3f4fb8,debug,styled-typing,p95_ms,20.3408
1783714152,70a3f4fb8,debug,monster-scroll,paint_p50_ms,1.3598
1783714152,70a3f4fb8,debug,monster-scroll,paint_p95_ms,2.0529
1783714163,70a3f4fb8,debug,monster-search-scroll,paint_p50_ms,0.0000
1783714163,70a3f4fb8,debug,monster-search-scroll,paint_max_ms,0.0000
1783714178,70a3f4fb8,debug,render-scroll,avg_ms,1.2422
1783714178,70a3f4fb8,debug,render-scroll,p50_ms,1.2343
1783714178,70a3f4fb8,debug,render-scroll,p95_ms,1.6760
1783714294,70a3f4fb8,debug,wall,open_ms,145.9626
1783714294,70a3f4fb8,debug,wall,typing_p50_ms,0.8722
1783714313,70a3f4fb8,debug,burst-typing,p50_ms,7.2196
1783714313,70a3f4fb8,debug,burst-typing,p95_ms,20.9872
1783714343,70a3f4fb8,debug,typing,monster_p50_ms,2.2668
1783714343,70a3f4fb8,debug,typing,scratch_p50_ms,0.5775
1783715099,70a3f4fb8,debug,plain-typing,keystroke_p50_ms,0.2265
1783715114,70a3f4fb8,debug,monster-resize,sync_ms,23.2235
1783715115,70a3f4fb8,debug,monster-resize,repair_effect_ms,1335.3700
1783715337,70a3f4fb8,debug,styled-typing,p50_ms,7.6637
1783715337,70a3f4fb8,debug,styled-typing,p95_ms,19.8551
1783715352,70a3f4fb8,debug,monster-scroll,paint_p50_ms,1.1998
1783715352,70a3f4fb8,debug,monster-scroll,paint_p95_ms,1.6497
1783715364,70a3f4fb8,debug,monster-search-scroll,paint_p50_ms,0.0000
1783715364,70a3f4fb8,debug,monster-search-scroll,paint_max_ms,0.0000
1783715380,70a3f4fb8,debug,render-scroll,avg_ms,1.2585
1783715380,70a3f4fb8,debug,render-scroll,p50_ms,1.2417
1783715380,70a3f4fb8,debug,render-scroll,p95_ms,1.7028
1783715497,70a3f4fb8,debug,wall,open_ms,107.9763
1783715497,70a3f4fb8,debug,wall,typing_p50_ms,0.7116
1783715510,70a3f4fb8,debug,burst-typing,p50_ms,7.1940
1783715510,70a3f4fb8,debug,burst-typing,p95_ms,21.2219
1783715543,70a3f4fb8,debug,typing,monster_p50_ms,2.2903
1783715543,70a3f4fb8,debug,typing,scratch_p50_ms,0.6302
1783762567,87be56503,debug,plain-typing,keystroke_p50_ms,0.2374
1783762576,87be56503,debug,list-scroll,build_ms,13.7509
1783762576,87be56503,debug,list-scroll,frame_p50_ms,0.0347
1783762576,87be56503,debug,list-scroll,frame_p95_ms,0.0622
1783763777,87be56503,debug,documents-list,refresh_ms,58.1026
1783763777,87be56503,debug,documents-list,scroll_p50_ms,0.0089
1783763777,87be56503,debug,documents-list,paint_p50_ms,0.2555
1783763784,87be56503,debug,plain-typing,keystroke_p50_ms,0.2166
1783763801,87be56503,debug,monster-resize,sync_ms,14.5157
1783763803,87be56503,debug,monster-resize,repair_effect_ms,1325.0887
1783763857,87be56503,debug,list-scroll,build_ms,3.9112
1783763857,87be56503,debug,list-scroll,frame_p50_ms,0.0282
1783763857,87be56503,debug,list-scroll,frame_p95_ms,0.0309
1783763880,87be56503,debug,search-landing,worst_ms,48.7623
1783763880,87be56503,debug,search-scroll,paint_p50_ms,0.3920
1783763880,87be56503,debug,search-scroll,paint_p95_ms,0.5864
1783799847,efa1ed207,debug,list-scroll,build_ms,3.8660
1783799847,efa1ed207,debug,list-scroll,frame_p50_ms,0.0285
1783799847,efa1ed207,debug,list-scroll,frame_p95_ms,0.0328
1783799857,efa1ed207,debug,list-scroll,build_ms,3.9245
1783799857,efa1ed207,debug,list-scroll,frame_p50_ms,0.0281
1783799857,efa1ed207,debug,list-scroll,frame_p95_ms,0.0309
1783800080,efa1ed207,debug,documents-list,refresh_ms,59.4979
1783800080,efa1ed207,debug,documents-list,scroll_p50_ms,0.0091
1783800080,efa1ed207,debug,documents-list,paint_p50_ms,0.2612
1783800087,efa1ed207,debug,plain-typing,keystroke_p50_ms,0.2296
1783800109,efa1ed207,debug,monster-resize,sync_ms,15.2210
1783800110,efa1ed207,debug,monster-resize,repair_effect_ms,1312.6208
1783800164,efa1ed207,debug,list-scroll,build_ms,4.3532
1783800164,efa1ed207,debug,list-scroll,frame_p50_ms,0.0304
1783800164,efa1ed207,debug,list-scroll,frame_p95_ms,0.0450
1783800169,efa1ed207,debug,search-landing,worst_ms,50.8151
1783800169,efa1ed207,debug,search-scroll,paint_p50_ms,0.4022
1783800169,efa1ed207,debug,search-scroll,paint_p95_ms,0.5852
1783800275,efa1ed207,debug,styled-typing,p50_ms,7.6819
1783800275,efa1ed207,debug,styled-typing,p95_ms,19.4597
1783800289,efa1ed207,debug,monster-scroll,paint_p50_ms,1.1595
1783800289,efa1ed207,debug,monster-scroll,paint_p95_ms,1.5917
1783800301,efa1ed207,debug,monster-search-scroll,paint_p50_ms,0.0000
1783800301,efa1ed207,debug,monster-search-scroll,paint_max_ms,0.0000
1783800316,efa1ed207,debug,render-scroll,avg_ms,1.2097
1783800316,efa1ed207,debug,render-scroll,p50_ms,1.2008
1783800316,efa1ed207,debug,render-scroll,p95_ms,1.6168
1783800436,efa1ed207,debug,wall,open_ms,107.0865
1783800436,efa1ed207,debug,wall,typing_p50_ms,0.8252
1783800449,efa1ed207,debug,burst-typing,p50_ms,7.2461
1783800449,efa1ed207,debug,burst-typing,p95_ms,20.7470
1783800480,efa1ed207,debug,typing,monster_p50_ms,2.3043
1783800480,efa1ed207,debug,typing,scratch_p50_ms,0.5955
1783801389,efa1ed207,debug,documents-list,refresh_ms,69.1615
1783801389,efa1ed207,debug,documents-list,scroll_p50_ms,0.0088
1783801389,efa1ed207,debug,documents-list,paint_p50_ms,0.2534
1783801395,efa1ed207,debug,plain-typing,keystroke_p50_ms,0.2190
1783801416,efa1ed207,debug,monster-resize,sync_ms,22.1875
1783801418,efa1ed207,debug,monster-resize,repair_effect_ms,1341.7831
1783801471,efa1ed207,debug,list-scroll,build_ms,3.9787
1783801471,efa1ed207,debug,list-scroll,frame_p50_ms,0.0283
1783801471,efa1ed207,debug,list-scroll,frame_p95_ms,0.0311
1783801481,efa1ed207,debug,search-landing,worst_ms,59.0960
1783801481,efa1ed207,debug,search-scroll,paint_p50_ms,0.4062
1783801481,efa1ed207,debug,search-scroll,paint_p95_ms,0.5502
1783801588,efa1ed207,debug,styled-typing,p50_ms,8.0015
1783801588,efa1ed207,debug,styled-typing,p95_ms,20.0358
1783801600,efa1ed207,debug,monster-scroll,paint_p50_ms,1.1933
1783801600,efa1ed207,debug,monster-scroll,paint_p95_ms,1.6447
1783801611,efa1ed207,debug,monster-search-scroll,paint_p50_ms,0.0000
1783801611,efa1ed207,debug,monster-search-scroll,paint_max_ms,0.0000
1783801627,efa1ed207,debug,render-scroll,avg_ms,1.2108
1783801627,efa1ed207,debug,render-scroll,p50_ms,1.1987
1783801627,efa1ed207,debug,render-scroll,p95_ms,1.6304
1783801756,efa1ed207,debug,wall,open_ms,108.9484
1783801756,efa1ed207,debug,wall,typing_p50_ms,0.7078
1783801769,efa1ed207,debug,burst-typing,p50_ms,7.3247
1783801769,efa1ed207,debug,burst-typing,p95_ms,21.1993
1783801801,efa1ed207,debug,typing,monster_p50_ms,2.2524
1783801801,efa1ed207,debug,typing,scratch_p50_ms,0.6190
1783802399,efa1ed207,debug,documents-list,refresh_ms,70.2772
1783802399,efa1ed207,debug,documents-list,scroll_p50_ms,0.0092
1783802399,efa1ed207,debug,documents-list,paint_p50_ms,0.2607
1783802405,efa1ed207,debug,plain-typing,keystroke_p50_ms,0.2243
1783802421,efa1ed207,debug,monster-resize,sync_ms,17.7817
1783802422,efa1ed207,debug,monster-resize,repair_effect_ms,1345.2875
1783802475,efa1ed207,debug,list-scroll,build_ms,4.0035
1783802475,efa1ed207,debug,list-scroll,frame_p50_ms,0.0283
1783802475,efa1ed207,debug,list-scroll,frame_p95_ms,0.0312
1783802480,efa1ed207,debug,search-landing,worst_ms,42.6977
1783802480,efa1ed207,debug,search-scroll,paint_p50_ms,0.4050
1783802480,efa1ed207,debug,search-scroll,paint_p95_ms,0.6060
1783804135,de6a1159a,debug,documents-list,refresh_ms,59.6590
1783804135,de6a1159a,debug,documents-list,scroll_p50_ms,0.0092
1783804135,de6a1159a,debug,documents-list,paint_p50_ms,0.2580
1783804151,de6a1159a,debug,search-landing,worst_ms,58.7566
1783804151,de6a1159a,debug,search-scroll,paint_p50_ms,0.4026
1783804151,de6a1159a,debug,search-scroll,paint_p95_ms,0.5724
1783804301,de6a1159a,debug,documents-list,refresh_ms,67.7187
1783804301,de6a1159a,debug,documents-list,scroll_p50_ms,0.0090
1783804301,de6a1159a,debug,documents-list,paint_p50_ms,0.2573
1783804306,de6a1159a,debug,plain-typing,keystroke_p50_ms,0.2447
1783804331,de6a1159a,debug,monster-resize,sync_ms,16.2277
1783804332,de6a1159a,debug,monster-resize,repair_effect_ms,1317.7492
1783804385,de6a1159a,debug,list-scroll,build_ms,4.0456
1783804385,de6a1159a,debug,list-scroll,frame_p50_ms,0.0283
1783804385,de6a1159a,debug,list-scroll,frame_p95_ms,0.0326
1783804397,de6a1159a,debug,search-landing,worst_ms,44.3618
1783804397,de6a1159a,debug,search-scroll,paint_p50_ms,0.4246
1783804397,de6a1159a,debug,search-scroll,paint_p95_ms,0.6128
1783804536,de6a1159a,debug,styled-typing,p50_ms,7.5558
1783804536,de6a1159a,debug,styled-typing,p95_ms,19.8124
1783804550,de6a1159a,debug,monster-scroll,paint_p50_ms,1.1726
1783804550,de6a1159a,debug,monster-scroll,paint_p95_ms,1.6180
1783804562,de6a1159a,debug,monster-search-scroll,paint_p50_ms,0.0000
1783804562,de6a1159a,debug,monster-search-scroll,paint_max_ms,0.0000
1783804578,c13216c69,debug,render-scroll,avg_ms,1.2259
1783804578,c13216c69,debug,render-scroll,p50_ms,1.1970
1783804578,c13216c69,debug,render-scroll,p95_ms,1.6506
1783804697,c0ee653fa,debug,wall,open_ms,105.8003
1783804697,c0ee653fa,debug,wall,typing_p50_ms,0.6574
1783804710,c0ee653fa,debug,burst-typing,p50_ms,6.9398
1783804710,c0ee653fa,debug,burst-typing,p95_ms,20.5602
1783804741,c0ee653fa,debug,typing,monster_p50_ms,2.1194
1783804741,c0ee653fa,debug,typing,scratch_p50_ms,0.6375
1783854123,84e37359e,debug,documents-list,refresh_ms,59.3315
1783854123,84e37359e,debug,documents-list,scroll_p50_ms,0.0091
1783854123,84e37359e,debug,documents-list,paint_p50_ms,0.2627
1783854130,84e37359e,debug,plain-typing,keystroke_p50_ms,0.2282
1783854156,84e37359e,debug,monster-resize,sync_ms,20.5308
1783854158,84e37359e,debug,monster-resize,repair_effect_ms,1326.4043
1783854211,84e37359e,debug,list-scroll,build_ms,3.8997
1783854211,84e37359e,debug,list-scroll,frame_p50_ms,0.0283
1783854211,84e37359e,debug,list-scroll,frame_p95_ms,0.0314
1783854228,84e37359e,debug,search-landing,worst_ms,56.1283
1783854228,84e37359e,debug,search-scroll,paint_p50_ms,0.4013
1783854228,84e37359e,debug,search-scroll,paint_p95_ms,0.7615
1783854347,84e37359e,debug,styled-typing,p50_ms,7.1276
1783854347,84e37359e,debug,styled-typing,p95_ms,19.5677
1783854359,84e37359e,debug,monster-scroll,paint_p50_ms,1.1318
1783854359,84e37359e,debug,monster-scroll,paint_p95_ms,1.5322
1783854371,84e37359e,debug,monster-search-scroll,paint_p50_ms,0.0000
1783854371,84e37359e,debug,monster-search-scroll,paint_max_ms,0.0000
1783854386,84e37359e,debug,render-scroll,avg_ms,1.1508
1783854386,84e37359e,debug,render-scroll,p50_ms,1.1390
1783854386,84e37359e,debug,render-scroll,p95_ms,1.5459
1783854502,5ca5ee83f,debug,wall,open_ms,156.5860
1783854502,5ca5ee83f,debug,wall,typing_p50_ms,0.8654
1783854518,5ca5ee83f,debug,burst-typing,p50_ms,7.3317
1783854518,5ca5ee83f,debug,burst-typing,p95_ms,20.9522
1783854554,5ca5ee83f,debug,typing,monster_p50_ms,1.9757
1783854554,5ca5ee83f,debug,typing,scratch_p50_ms,0.8430
1783855443,5ca5ee83f,debug,plain-typing,keystroke_p50_ms,0.3346
1783855487,5ca5ee83f,debug,monster-resize,sync_ms,38.7507
1783855489,5ca5ee83f,debug,monster-resize,repair_effect_ms,1715.4140
1783855562,5ca5ee83f,debug,search-landing,worst_ms,63.1425
1783855562,5ca5ee83f,debug,search-scroll,paint_p50_ms,0.4375
1783855562,5ca5ee83f,debug,search-scroll,paint_p95_ms,0.6425
1783855647,5ca5ee83f,debug,plain-typing,keystroke_p50_ms,0.3218
1783855661,5ca5ee83f,debug,monster-resize,sync_ms,35.4240
1783855663,5ca5ee83f,debug,monster-resize,repair_effect_ms,1687.9049
1783855735,5ca5ee83f,debug,search-landing,worst_ms,60.6929
1783855736,5ca5ee83f,debug,search-scroll,paint_p50_ms,0.4113
1783855736,5ca5ee83f,debug,search-scroll,paint_p95_ms,0.6045
1783856627,5ca5ee83f,debug,documents-list,refresh_ms,57.9494
1783856627,5ca5ee83f,debug,documents-list,scroll_p50_ms,0.0089
1783856627,5ca5ee83f,debug,documents-list,paint_p50_ms,0.2543
1783856634,5ca5ee83f,debug,plain-typing,keystroke_p50_ms,0.2849
1783856660,5ca5ee83f,debug,monster-resize,sync_ms,32.6641
1783856662,5ca5ee83f,debug,monster-resize,repair_effect_ms,1698.3054
1783856730,5ca5ee83f,debug,list-scroll,build_ms,4.0656
1783856730,5ca5ee83f,debug,list-scroll,frame_p50_ms,0.0283
1783856730,5ca5ee83f,debug,list-scroll,frame_p95_ms,0.0308
1783856746,5ca5ee83f,debug,search-landing,worst_ms,59.1153
1783856746,5ca5ee83f,debug,search-scroll,paint_p50_ms,0.4168
1783856746,5ca5ee83f,debug,search-scroll,paint_p95_ms,0.6417
1783856866,5ca5ee83f,debug,styled-typing,p50_ms,7.7879
1783856866,5ca5ee83f,debug,styled-typing,p95_ms,20.0437
1783856878,5ca5ee83f,debug,monster-scroll,paint_p50_ms,1.1590
1783856878,5ca5ee83f,debug,monster-scroll,paint_p95_ms,1.5783
1783856890,5ca5ee83f,debug,monster-search-scroll,paint_p50_ms,0.0000
1783856890,5ca5ee83f,debug,monster-search-scroll,paint_max_ms,0.0000
1783856906,5ca5ee83f,debug,render-scroll,avg_ms,1.1905
1783856906,5ca5ee83f,debug,render-scroll,p50_ms,1.1831
1783856906,5ca5ee83f,debug,render-scroll,p95_ms,1.5955
1783857037,5ca5ee83f,debug,wall,open_ms,106.8313
1783857037,5ca5ee83f,debug,wall,typing_p50_ms,0.6797
1783857051,5ca5ee83f,debug,burst-typing,p50_ms,7.2317
1783857051,5ca5ee83f,debug,burst-typing,p95_ms,21.0965
1783857083,5ca5ee83f,debug,typing,monster_p50_ms,2.1204
1783857083,5ca5ee83f,debug,typing,scratch_p50_ms,0.5494
1783857673,e03e8677f,debug,plain-typing,keystroke_p50_ms,0.2863
1783857694,e03e8677f,debug,monster-resize,sync_ms,30.6377
1783857696,e03e8677f,debug,monster-resize,repair_effect_ms,1635.0760
1783857774,e03e8677f,debug,search-landing,worst_ms,56.5433
1783857775,e03e8677f,debug,search-scroll,paint_p50_ms,0.4267
1783857775,e03e8677f,debug,search-scroll,paint_p95_ms,0.6246
1783857877,036eb52b8,debug,styled-typing,p50_ms,7.7724
1783857877,036eb52b8,debug,styled-typing,p95_ms,20.1426
1783857890,036eb52b8,debug,monster-scroll,paint_p50_ms,1.1701
1783857890,036eb52b8,debug,monster-scroll,paint_p95_ms,1.6310
1783857902,036eb52b8,debug,monster-search-scroll,paint_p50_ms,0.0000
1783857902,036eb52b8,debug,monster-search-scroll,paint_max_ms,0.0000
1783857917,036eb52b8,debug,render-scroll,avg_ms,1.1756
1783857917,036eb52b8,debug,render-scroll,p50_ms,1.1654
1783857917,036eb52b8,debug,render-scroll,p95_ms,1.5797
1783858048,036eb52b8,debug,wall,open_ms,107.8816
1783858048,036eb52b8,debug,wall,typing_p50_ms,0.7261
1783858061,036eb52b8,debug,burst-typing,p50_ms,7.3504
1783858061,036eb52b8,debug,burst-typing,p95_ms,21.0065
1783858093,036eb52b8,debug,typing,monster_p50_ms,2.1358
1783858093,036eb52b8,debug,typing,scratch_p50_ms,0.5433
1783858505,036eb52b8,debug,documents-list,refresh_ms,67.6564
1783858505,036eb52b8,debug,documents-list,scroll_p50_ms,0.0089
1783858505,036eb52b8,debug,documents-list,paint_p50_ms,0.2577
1783858512,036eb52b8,debug,plain-typing,keystroke_p50_ms,0.2965
1783858534,036eb52b8,debug,monster-resize,sync_ms,37.9340
1783858535,036eb52b8,debug,monster-resize,repair_effect_ms,1642.4208
1783858608,036eb52b8,debug,list-scroll,build_ms,7.8595
1783858608,036eb52b8,debug,list-scroll,frame_p50_ms,0.0327
1783858608,036eb52b8,debug,list-scroll,frame_p95_ms,0.0458
1783858624,036eb52b8,debug,search-landing,worst_ms,46.0005
1783858624,036eb52b8,debug,search-scroll,paint_p50_ms,0.4705
1783858624,036eb52b8,debug,search-scroll,paint_p95_ms,0.7201
1783858742,036eb52b8,debug,styled-typing,p50_ms,7.9363
1783858742,036eb52b8,debug,styled-typing,p95_ms,19.7675
1783858754,036eb52b8,debug,monster-scroll,paint_p50_ms,1.1458
1783858754,036eb52b8,debug,monster-scroll,paint_p95_ms,1.5741
1783858766,036eb52b8,debug,monster-search-scroll,paint_p50_ms,0.0000
1783858766,036eb52b8,debug,monster-search-scroll,paint_max_ms,0.0000
1783858781,036eb52b8,debug,render-scroll,avg_ms,1.2163
1783858781,036eb52b8,debug,render-scroll,p50_ms,1.1965
1783858781,036eb52b8,debug,render-scroll,p95_ms,1.6604
1783858924,86c8c53a0,debug,wall,open_ms,106.1069
1783858924,86c8c53a0,debug,wall,typing_p50_ms,0.6509
1783858938,86c8c53a0,debug,burst-typing,p50_ms,7.2325
1783858938,86c8c53a0,debug,burst-typing,p95_ms,21.0190
1783858969,86c8c53a0,debug,typing,monster_p50_ms,2.1611
1783858969,86c8c53a0,debug,typing,scratch_p50_ms,0.5475
1783861481,86c8c53a0,debug,plain-typing,keystroke_p50_ms,0.2906
1783862023,86c8c53a0,debug,plain-typing,keystroke_p50_ms,0.2812
1783862041,86c8c53a0,debug,monster-resize,sync_ms,34.1885
1783862043,86c8c53a0,debug,monster-resize,repair_effect_ms,1654.5684
1783862526,86c8c53a0,debug,plain-typing,keystroke_p50_ms,0.3221
1783862859,86c8c53a0,debug,documents-list,refresh_ms,59.0505
1783862859,86c8c53a0,debug,documents-list,scroll_p50_ms,0.0090
1783862859,86c8c53a0,debug,documents-list,paint_p50_ms,0.2565
1783862867,86c8c53a0,debug,plain-typing,keystroke_p50_ms,0.2933
1783862894,86c8c53a0,debug,monster-resize,sync_ms,40.3968
1783862896,86c8c53a0,debug,monster-resize,repair_effect_ms,1644.1156
1783862969,86c8c53a0,debug,list-scroll,build_ms,5.9571
1783862969,86c8c53a0,debug,list-scroll,frame_p50_ms,0.0328
1783862969,86c8c53a0,debug,list-scroll,frame_p95_ms,0.0472
1783862985,86c8c53a0,debug,search-landing,worst_ms,57.1643
1783862985,86c8c53a0,debug,search-scroll,paint_p50_ms,0.4265
1783862985,86c8c53a0,debug,search-scroll,paint_p95_ms,0.6314
1783863100,86c8c53a0,debug,styled-typing,p50_ms,7.6852
1783863100,86c8c53a0,debug,styled-typing,p95_ms,19.5903
1783863113,86c8c53a0,debug,monster-scroll,paint_p50_ms,1.1480
1783863113,86c8c53a0,debug,monster-scroll,paint_p95_ms,1.5643
1783863124,86c8c53a0,debug,monster-search-scroll,paint_p50_ms,0.0000
1783863124,86c8c53a0,debug,monster-search-scroll,paint_max_ms,0.0000
1783863140,86c8c53a0,debug,render-scroll,avg_ms,1.1967
1783863140,86c8c53a0,debug,render-scroll,p50_ms,1.1795
1783863140,86c8c53a0,debug,render-scroll,p95_ms,1.6106
1783863199,86c8c53a0,debug,diff-open,open_ms,159.7271
1783863199,86c8c53a0,debug,diff-typing,p50_ms,1.2458
1783863225,86c8c53a0,debug,diff-open,open_ms,3765.6182
1783863226,86c8c53a0,debug,diff-typing,p50_ms,21.7257
1783863280,86c8c53a0,debug,wall,open_ms,108.6141
1783863280,86c8c53a0,debug,wall,typing_p50_ms,0.7492
1783863297,86c8c53a0,debug,burst-typing,p50_ms,7.0530
1783863297,86c8c53a0,debug,burst-typing,p95_ms,22.1668
1783863330,86c8c53a0,debug,typing,monster_p50_ms,2.5969
1783863330,86c8c53a0,debug,typing,scratch_p50_ms,0.6095
1783863346,86c8c53a0,debug,diff-open,open_ms,157.5733
1783863346,86c8c53a0,debug,diff-typing,p50_ms,0.3770
1783863367,86c8c53a0,debug,diff-open,open_ms,3602.6568
1783863367,86c8c53a0,debug,diff-typing,p50_ms,0.6761
1783863744,86c8c53a0,debug,diff-open,open_ms,158.7657
1783863744,86c8c53a0,debug,diff-typing,p50_ms,0.4257
1783863773,86c8c53a0,debug,plain-typing,keystroke_p50_ms,0.3002
1783863776,86c8c53a0,debug,diff-open,open_ms,167.2242
1783863777,86c8c53a0,debug,diff-typing,p50_ms,0.4218
1783863795,86c8c53a0,debug,monster-resize,sync_ms,30.9576
1783863797,86c8c53a0,debug,monster-resize,repair_effect_ms,1636.8505
1783863895,86c8c53a0,debug,diff-open,open_ms,3544.1436
1783863924,86c8c53a0,debug,diff-typing,p50_ms,0.7147
1783864128,86c8c53a0,debug,plain-typing,keystroke_p50_ms,0.2824
1783864216,86c8c53a0,debug,plain-typing,keystroke_p50_ms,0.2987
1783864270,86c8c53a0,debug,plain-typing,keystroke_p50_ms,0.2983
1783864299,86c8c53a0,debug,diff-open,open_ms,3585.3561
1783864299,86c8c53a0,debug,diff-typing,p50_ms,0.6986
1783864340,86c8c53a0,debug,plain-typing,keystroke_p50_ms,0.2970
1783864346,86c8c53a0,debug,diff-open,open_ms,156.9394
1783864346,86c8c53a0,debug,diff-typing,p50_ms,0.4210
1783864363,86c8c53a0,debug,monster-resize,sync_ms,40.5946
1783864365,86c8c53a0,debug,monster-resize,repair_effect_ms,1650.5426
1783864450,86c8c53a0,debug,search-landing,worst_ms,52.6779
1783864450,86c8c53a0,debug,search-scroll,paint_p50_ms,0.4540
1783864450,86c8c53a0,debug,search-scroll,paint_p95_ms,0.6507
1783865274,86c8c53a0,debug,plain-typing,keystroke_p50_ms,0.2902
1783865357,86c8c53a0,debug,plain-typing,keystroke_p50_ms,0.3010
1783865535,86c8c53a0,debug,diff-open,open_ms,157.6325
1783865535,86c8c53a0,debug,diff-typing,p50_ms,0.4370
1783865554,86c8c53a0,debug,diff-open,open_ms,3626.1815
1783865554,86c8c53a0,debug,diff-typing,p50_ms,0.7243
1783865656,86c8c53a0,debug,list-scroll,build_ms,4.5944
1783865656,86c8c53a0,debug,list-scroll,frame_p50_ms,0.0298
1783865656,86c8c53a0,debug,list-scroll,frame_p95_ms,0.1007
1783865710,86c8c53a0,debug,monster-resize,sync_ms,37.2292
1783865712,86c8c53a0,debug,monster-resize,repair_effect_ms,1759.8367
1783865759,86c8c53a0,debug,styled-typing,p50_ms,7.7835
1783865759,86c8c53a0,debug,styled-typing,p95_ms,19.9865
1783865772,86c8c53a0,debug,monster-scroll,paint_p50_ms,1.1803
1783865772,86c8c53a0,debug,monster-scroll,paint_p95_ms,1.6301
1783865784,86c8c53a0,debug,monster-search-scroll,paint_p50_ms,0.0000
1783865784,86c8c53a0,debug,monster-search-scroll,paint_max_ms,0.0000
1783865790,86c8c53a0,debug,search-landing,worst_ms,53.2981
1783865791,86c8c53a0,debug,search-scroll,paint_p50_ms,0.4558
1783865791,86c8c53a0,debug,search-scroll,paint_p95_ms,0.7107
1783865801,86c8c53a0,debug,render-scroll,avg_ms,1.2433
1783865801,86c8c53a0,debug,render-scroll,p50_ms,1.2201
1783865801,86c8c53a0,debug,render-scroll,p95_ms,1.6889
1783865803,86c8c53a0,debug,documents-list,refresh_ms,68.0246
1783865803,86c8c53a0,debug,documents-list,scroll_p50_ms,0.0091
1783865803,86c8c53a0,debug,documents-list,paint_p50_ms,0.2601
1783865944,86c8c53a0,debug,wall,open_ms,107.4149
1783865944,86c8c53a0,debug,wall,typing_p50_ms,0.7667
1783865957,86c8c53a0,debug,burst-typing,p50_ms,7.3009
1783865957,86c8c53a0,debug,burst-typing,p95_ms,20.9765
1783865991,86c8c53a0,debug,typing,monster_p50_ms,2.5765
1783865991,86c8c53a0,debug,typing,scratch_p50_ms,0.8805
1783867081,86c8c53a0,debug,plain-typing,keystroke_p50_ms,0.2888
1783867099,86c8c53a0,debug,diff-open,open_ms,180.0370
1783867099,86c8c53a0,debug,diff-typing,p50_ms,0.4188
1783867120,86c8c53a0,debug,diff-open,open_ms,3486.6050
1783867121,86c8c53a0,debug,diff-typing,p50_ms,0.7088
1783868709,86c8c53a0,debug,plain-typing,keystroke_p50_ms,0.2892
1783869717,86c8c53a0,debug,plain-typing,keystroke_p50_ms,0.3394
1783869742,86c8c53a0,debug,diff-open,open_ms,155.1460
1783869742,86c8c53a0,debug,diff-typing,p50_ms,0.3648
1783869760,86c8c53a0,debug,diff-open,open_ms,3637.3435
1783869760,86c8c53a0,debug,diff-typing,p50_ms,0.7054
1783872997,86c8c53a0,debug,plain-typing,keystroke_p50_ms,0.2942
1783873025,86c8c53a0,debug,diff-open,open_ms,159.1450
1783873025,86c8c53a0,debug,diff-typing,p50_ms,0.3997
1783873331,86c8c53a0,debug,diff-open,open_ms,158.6490
1783873331,86c8c53a0,debug,diff-typing,p50_ms,0.4043
1783873842,86c8c53a0,debug,plain-typing,keystroke_p50_ms,0.2967
1783873877,86c8c53a0,debug,plain-typing,keystroke_p50_ms,0.2844
1783873902,86c8c53a0,debug,diff-open,open_ms,153.3210
1783873902,86c8c53a0,debug,diff-typing,p50_ms,0.3708
1783873920,86c8c53a0,debug,diff-open,open_ms,3496.9193
1783873921,86c8c53a0,debug,diff-typing,p50_ms,0.7258
1783874608,86c8c53a0,debug,plain-typing,keystroke_p50_ms,0.2952
1783874627,86c8c53a0,debug,diff-open,open_ms,156.0563
1783874627,86c8c53a0,debug,diff-typing,p50_ms,0.4377
1783874703,86c8c53a0,debug,plain-typing,keystroke_p50_ms,0.2877
1783874728,86c8c53a0,debug,diff-open,open_ms,3510.0108
1783874728,86c8c53a0,debug,diff-typing,p50_ms,0.6814
1783875758,86c8c53a0,debug,plain-typing,keystroke_p50_ms,0.2948
1783875777,86c8c53a0,debug,diff-open,open_ms,149.3697
1783875777,86c8c53a0,debug,diff-typing,p50_ms,0.3637
1783876017,86c8c53a0,debug,diff-open,open_ms,155.4506
1783876017,86c8c53a0,debug,diff-typing,p50_ms,0.3744
1783877987,12b9e1ef1,debug,search-landing,worst_ms,47.9977
1783877987,12b9e1ef1,debug,search-scroll,paint_p50_ms,0.4276
1783877987,12b9e1ef1,debug,search-scroll,paint_p95_ms,0.6633
1783877996,12b9e1ef1,debug,documents-list,refresh_ms,57.7126
1783877996,12b9e1ef1,debug,documents-list,scroll_p50_ms,0.0092
1783877996,12b9e1ef1,debug,documents-list,paint_p50_ms,0.2624
1783878016,12b9e1ef1,debug,diff-open,open_ms,155.3500
1783878016,12b9e1ef1,debug,diff-typing,p50_ms,0.3969
1783878024,12b9e1ef1,debug,plain-typing,keystroke_p50_ms,0.2960
1783878058,12b9e1ef1,debug,styled-typing,p50_ms,7.7590
1783878058,12b9e1ef1,debug,styled-typing,p95_ms,20.6137
1783878070,12b9e1ef1,debug,monster-scroll,paint_p50_ms,1.1427
1783878070,12b9e1ef1,debug,monster-scroll,paint_p95_ms,1.5651
1783878082,12b9e1ef1,debug,monster-search-scroll,paint_p50_ms,0.0000
1783878082,12b9e1ef1,debug,monster-search-scroll,paint_max_ms,0.0000
1783878097,12b9e1ef1,debug,render-scroll,avg_ms,1.1950
1783878097,12b9e1ef1,debug,render-scroll,p50_ms,1.1835
1783878097,12b9e1ef1,debug,render-scroll,p95_ms,1.6083
1783878229,12b9e1ef1,debug,wall,open_ms,108.8014
1783878229,12b9e1ef1,debug,wall,typing_p50_ms,0.6885
1783878242,12b9e1ef1,debug,burst-typing,p50_ms,7.2453
1783878242,12b9e1ef1,debug,burst-typing,p95_ms,21.5780
1783878274,12b9e1ef1,debug,typing,monster_p50_ms,2.1874
1783878274,12b9e1ef1,debug,typing,scratch_p50_ms,0.5960
1783879171,12b9e1ef1,debug,plain-typing,keystroke_p50_ms,0.2924
1783879190,12b9e1ef1,debug,search-landing,worst_ms,66.5718
1783879190,12b9e1ef1,debug,search-scroll,paint_p50_ms,0.4140
1783879190,12b9e1ef1,debug,search-scroll,paint_p95_ms,0.6160
1783879198,12b9e1ef1,debug,documents-list,refresh_ms,67.8942
1783879198,12b9e1ef1,debug,documents-list,scroll_p50_ms,0.0088
1783879198,12b9e1ef1,debug,documents-list,paint_p50_ms,0.2572
1783879220,12b9e1ef1,debug,diff-open,open_ms,156.1753
1783879220,12b9e1ef1,debug,diff-typing,p50_ms,0.3968
1783879336,12b9e1ef1,debug,styled-typing,p50_ms,7.4564
1783879336,12b9e1ef1,debug,styled-typing,p95_ms,19.8147
1783879349,12b9e1ef1,debug,monster-scroll,paint_p50_ms,1.1825
1783879349,12b9e1ef1,debug,monster-scroll,paint_p95_ms,1.6075
1783879361,12b9e1ef1,debug,monster-search-scroll,paint_p50_ms,0.0000
1783879361,12b9e1ef1,debug,monster-search-scroll,paint_max_ms,0.0000
1783879376,12b9e1ef1,debug,render-scroll,avg_ms,1.2199
1783879376,12b9e1ef1,debug,render-scroll,p50_ms,1.2031
1783879376,12b9e1ef1,debug,render-scroll,p95_ms,1.6532
1783879502,12b9e1ef1,debug,wall,open_ms,108.2981
1783879502,12b9e1ef1,debug,wall,typing_p50_ms,0.6835
1783879516,12b9e1ef1,debug,burst-typing,p50_ms,7.2656
1783879516,12b9e1ef1,debug,burst-typing,p95_ms,20.9815
1783879548,12b9e1ef1,debug,typing,monster_p50_ms,2.2150
1783879548,12b9e1ef1,debug,typing,scratch_p50_ms,0.5825
1783880788,29dafbda3,debug,plain-typing,keystroke_p50_ms,0.2940
1783880943,29dafbda3,debug,plain-typing,keystroke_p50_ms,0.2961
1783880954,29dafbda3,debug,search-landing,worst_ms,53.4243
1783880954,29dafbda3,debug,search-scroll,paint_p50_ms,0.4328
1783880954,29dafbda3,debug,search-scroll,paint_p95_ms,0.6407
1783880984,29dafbda3,debug,documents-list,refresh_ms,58.8842
1783880984,29dafbda3,debug,documents-list,scroll_p50_ms,0.0092
1783880984,29dafbda3,debug,documents-list,paint_p50_ms,0.2634
1783880993,29dafbda3,debug,diff-open,open_ms,156.8489
1783880993,29dafbda3,debug,diff-typing,p50_ms,0.3894
1783881014,29dafbda3,debug,styled-typing,p50_ms,7.2287
1783881014,29dafbda3,debug,styled-typing,p95_ms,20.0246
1783881027,29dafbda3,debug,monster-scroll,paint_p50_ms,1.1647
1783881027,29dafbda3,debug,monster-scroll,paint_p95_ms,1.5834
1783881039,29dafbda3,debug,monster-search-scroll,paint_p50_ms,0.0000
1783881039,29dafbda3,debug,monster-search-scroll,paint_max_ms,0.0000
1783881054,29dafbda3,debug,render-scroll,avg_ms,1.1562
1783881054,29dafbda3,debug,render-scroll,p50_ms,1.1413
1783881054,29dafbda3,debug,render-scroll,p95_ms,1.5509
1783881487,29dafbda3,debug,wall,open_ms,108.7631
1783881487,29dafbda3,debug,wall,typing_p50_ms,0.7049
1783881500,29dafbda3,debug,burst-typing,p50_ms,7.0520
1783881500,29dafbda3,debug,burst-typing,p95_ms,20.8352
1783881532,29dafbda3,debug,typing,monster_p50_ms,2.3229
1783881532,29dafbda3,debug,typing,scratch_p50_ms,0.5558
1783882004,71b15c7e6,debug,plain-typing,keystroke_p50_ms,0.2875
1783882495,c62ee8df9,debug,plain-typing,keystroke_p50_ms,0.3078
1783882511,c62ee8df9,debug,search-landing,worst_ms,46.6292
1783882511,c62ee8df9,debug,search-scroll,paint_p50_ms,0.4373
1783882511,c62ee8df9,debug,search-scroll,paint_p95_ms,0.6623
1783882547,c62ee8df9,debug,documents-list,refresh_ms,58.9200
1783882547,c62ee8df9,debug,documents-list,scroll_p50_ms,0.0091
1783882547,c62ee8df9,debug,documents-list,paint_p50_ms,0.2610
1783882557,c62ee8df9,debug,diff-open,open_ms,156.9569
1783882557,c62ee8df9,debug,diff-typing,p50_ms,0.4123
1783882568,c62ee8df9,debug,styled-typing,p50_ms,10.4375
1783882568,c62ee8df9,debug,styled-typing,p95_ms,32.5487
1783882583,c62ee8df9,debug,monster-scroll,paint_p50_ms,1.1541
1783882583,c62ee8df9,debug,monster-scroll,paint_p95_ms,1.5625
1783882594,c62ee8df9,debug,monster-search-scroll,paint_p50_ms,0.0000
1783882594,c62ee8df9,debug,monster-search-scroll,paint_max_ms,0.0000
1783882613,c62ee8df9,debug,render-scroll,avg_ms,1.2338
1783882613,c62ee8df9,debug,render-scroll,p50_ms,1.2082
1783882613,c62ee8df9,debug,render-scroll,p95_ms,1.6708
1783882738,c62ee8df9,debug,wall,open_ms,107.6408
1783882738,c62ee8df9,debug,wall,typing_p50_ms,0.6968
1783882752,c62ee8df9,debug,burst-typing,p50_ms,7.4714
1783882752,c62ee8df9,debug,burst-typing,p95_ms,21.3665
1783882783,c62ee8df9,debug,typing,monster_p50_ms,2.0655
1783882783,c62ee8df9,debug,typing,scratch_p50_ms,0.5988
1783885736,c62ee8df9,debug,plain-typing,keystroke_p50_ms,0.2992
1783885751,c62ee8df9,debug,search-landing,worst_ms,50.8400
1783885751,c62ee8df9,debug,search-scroll,paint_p50_ms,0.4153
1783885751,c62ee8df9,debug,search-scroll,paint_p95_ms,0.6671
1783885785,c62ee8df9,debug,documents-list,refresh_ms,67.9562
1783885785,c62ee8df9,debug,documents-list,scroll_p50_ms,0.0091
1783885785,c62ee8df9,debug,documents-list,paint_p50_ms,0.2645
1783885790,c62ee8df9,debug,styled-typing,p50_ms,7.9314
1783885790,c62ee8df9,debug,styled-typing,p95_ms,20.4181
1783885794,c62ee8df9,debug,diff-open,open_ms,156.3439
1783885794,c62ee8df9,debug,diff-typing,p50_ms,0.4033
1783885804,c62ee8df9,debug,monster-scroll,paint_p50_ms,1.1977
1783885804,c62ee8df9,debug,monster-scroll,paint_p95_ms,1.6438
1783885809,c62ee8df9,debug,plain-typing,keystroke_p50_ms,0.2880
1783885816,c62ee8df9,debug,monster-search-scroll,paint_p50_ms,0.0000
1783885816,c62ee8df9,debug,monster-search-scroll,paint_max_ms,0.0000
1783885820,c62ee8df9,debug,search-landing,worst_ms,69.0773
1783885820,c62ee8df9,debug,search-scroll,paint_p50_ms,0.4094
1783885820,c62ee8df9,debug,search-scroll,paint_p95_ms,0.6119
1783885831,c62ee8df9,debug,render-scroll,avg_ms,1.1960
1783885831,c62ee8df9,debug,render-scroll,p50_ms,1.1843
1783885831,c62ee8df9,debug,render-scroll,p95_ms,1.5960
1783885832,c62ee8df9,debug,documents-list,refresh_ms,60.0030
1783885832,c62ee8df9,debug,documents-list,scroll_p50_ms,0.0089
1783885832,c62ee8df9,debug,documents-list,paint_p50_ms,0.2550
1783885838,c62ee8df9,debug,diff-open,open_ms,153.4291
1783885838,c62ee8df9,debug,diff-typing,p50_ms,0.3919
1783885871,c62ee8df9,debug,wall,open_ms,106.2001
1783885871,c62ee8df9,debug,wall,typing_p50_ms,0.8094
1783885884,c62ee8df9,debug,burst-typing,p50_ms,7.0548
1783885884,c62ee8df9,debug,burst-typing,p95_ms,20.7377
1783885916,c62ee8df9,debug,typing,monster_p50_ms,2.0297
1783885916,c62ee8df9,debug,typing,scratch_p50_ms,0.4844
1783886008,c62ee8df9,debug,plain-typing,keystroke_p50_ms,0.2955
1783886021,c62ee8df9,debug,search-landing,worst_ms,45.0362
1783886021,c62ee8df9,debug,search-scroll,paint_p50_ms,0.4145
1783886021,c62ee8df9,debug,search-scroll,paint_p95_ms,0.6541
1783886026,c62ee8df9,debug,documents-list,refresh_ms,69.2730
1783886026,c62ee8df9,debug,documents-list,scroll_p50_ms,0.0091
1783886026,c62ee8df9,debug,documents-list,paint_p50_ms,0.2577
1783886031,c62ee8df9,debug,diff-open,open_ms,154.8110
1783886031,c62ee8df9,debug,diff-typing,p50_ms,0.3706
1783886068,c62ee8df9,debug,styled-typing,p50_ms,7.6923
1783886068,c62ee8df9,debug,styled-typing,p95_ms,20.0902
1783886081,c62ee8df9,debug,monster-scroll,paint_p50_ms,1.1663
1783886081,c62ee8df9,debug,monster-scroll,paint_p95_ms,1.5815
1783886093,c62ee8df9,debug,monster-search-scroll,paint_p50_ms,0.0000
1783886093,c62ee8df9,debug,monster-search-scroll,paint_max_ms,0.0000
1783886108,c62ee8df9,debug,render-scroll,avg_ms,1.1975
1783886108,c62ee8df9,debug,render-scroll,p50_ms,1.1880
1783886108,c62ee8df9,debug,render-scroll,p95_ms,1.6096
1783886240,c62ee8df9,debug,wall,open_ms,107.5596
1783886240,c62ee8df9,debug,wall,typing_p50_ms,0.6883
1783886253,c62ee8df9,debug,burst-typing,p50_ms,7.2735
1783886253,c62ee8df9,debug,burst-typing,p95_ms,21.1830
1783886285,c62ee8df9,debug,typing,monster_p50_ms,2.1502
1783886285,c62ee8df9,debug,typing,scratch_p50_ms,0.5521
1783891465,c62ee8df9,debug,plain-typing,keystroke_p50_ms,0.2833
1783891480,c62ee8df9,debug,search-landing,worst_ms,62.8852
1783891480,c62ee8df9,debug,search-scroll,paint_p50_ms,0.4252
1783891480,c62ee8df9,debug,search-scroll,paint_p95_ms,0.6286
1783891514,c62ee8df9,debug,documents-list,refresh_ms,68.3615
1783891514,c62ee8df9,debug,documents-list,scroll_p50_ms,0.0090
1783891514,c62ee8df9,debug,documents-list,paint_p50_ms,0.2602
1783891519,c62ee8df9,debug,styled-typing,p50_ms,8.0580
1783891519,c62ee8df9,debug,styled-typing,p95_ms,20.1170
1783891524,c62ee8df9,debug,diff-open,open_ms,154.6405
1783891524,c62ee8df9,debug,diff-typing,p50_ms,0.3949
1783891533,c62ee8df9,debug,monster-scroll,paint_p50_ms,1.1882
1783891533,c62ee8df9,debug,monster-scroll,paint_p95_ms,1.6345
1783891545,c62ee8df9,debug,monster-search-scroll,paint_p50_ms,0.0000
1783891545,c62ee8df9,debug,monster-search-scroll,paint_max_ms,0.0000
1783891560,c62ee8df9,debug,render-scroll,avg_ms,1.1447
1783891560,c62ee8df9,debug,render-scroll,p50_ms,1.1336
1783891560,c62ee8df9,debug,render-scroll,p95_ms,1.5362
1783891693,c62ee8df9,debug,wall,open_ms,105.6595
1783891693,c62ee8df9,debug,wall,typing_p50_ms,0.6496
1783891707,c62ee8df9,debug,burst-typing,p50_ms,7.2310
1783891707,c62ee8df9,debug,burst-typing,p95_ms,21.0495
1783891738,c62ee8df9,debug,typing,monster_p50_ms,2.0545
1783891738,c62ee8df9,debug,typing,scratch_p50_ms,0.5250
1783895270,2ff27d21c,debug,plain-typing,keystroke_p50_ms,0.2989
1783895286,2ff27d21c,debug,search-landing,worst_ms,49.6614
1783895286,2ff27d21c,debug,search-scroll,paint_p50_ms,0.4055
1783895286,2ff27d21c,debug,search-scroll,paint_p95_ms,0.5857
1783895306,2ff27d21c,debug,documents-list,refresh_ms,57.2617
1783895306,2ff27d21c,debug,documents-list,scroll_p50_ms,0.0088
1783895306,2ff27d21c,debug,documents-list,paint_p50_ms,0.2560
1783895315,2ff27d21c,debug,diff-open,open_ms,155.1842
1783895315,2ff27d21c,debug,diff-typing,p50_ms,0.3759
1783895347,2ff27d21c,debug,styled-typing,p50_ms,7.5562
1783895347,2ff27d21c,debug,styled-typing,p95_ms,19.5517
1783895360,2ff27d21c,debug,monster-scroll,paint_p50_ms,1.1670
1783895360,2ff27d21c,debug,monster-scroll,paint_p95_ms,1.6148
1783895372,2ff27d21c,debug,monster-search-scroll,paint_p50_ms,0.0000
1783895372,2ff27d21c,debug,monster-search-scroll,paint_max_ms,0.0000
1783895387,2ff27d21c,debug,render-scroll,avg_ms,1.2306
1783895387,2ff27d21c,debug,render-scroll,p50_ms,1.2075
1783895387,2ff27d21c,debug,render-scroll,p95_ms,1.6437
1783895511,2ff27d21c,debug,wall,open_ms,107.0417
1783895511,2ff27d21c,debug,wall,typing_p50_ms,0.7087
1783895525,2ff27d21c,debug,burst-typing,p50_ms,6.9682
1783895525,2ff27d21c,debug,burst-typing,p95_ms,20.6306
1783895556,2ff27d21c,debug,typing,monster_p50_ms,2.2129
1783895556,2ff27d21c,debug,typing,scratch_p50_ms,0.5627
1783895954,2ff27d21c,debug,plain-typing,keystroke_p50_ms,0.2795
1783895971,2ff27d21c,debug,search-landing,worst_ms,41.5781
1783895971,2ff27d21c,debug,search-scroll,paint_p50_ms,0.4110
1783895971,2ff27d21c,debug,search-scroll,paint_p95_ms,0.6501
1783896001,2ff27d21c,debug,documents-list,refresh_ms,66.6760
1783896001,2ff27d21c,debug,documents-list,scroll_p50_ms,0.0088
1783896001,2ff27d21c,debug,documents-list,paint_p50_ms,0.2548
1783896010,2ff27d21c,debug,diff-open,open_ms,154.4059
1783896010,2ff27d21c,debug,diff-typing,p50_ms,0.3789
1783920983,3c27f7e09,debug,plain-typing,keystroke_p50_ms,0.2861
1783921000,3c27f7e09,debug,search-landing,worst_ms,72.2688
1783921000,3c27f7e09,debug,search-scroll,paint_p50_ms,0.4695
1783921000,3c27f7e09,debug,search-scroll,paint_p95_ms,0.7232
1783921040,3c27f7e09,debug,documents-list,refresh_ms,58.8227
1783921040,3c27f7e09,debug,documents-list,scroll_p50_ms,0.0099
1783921040,3c27f7e09,debug,documents-list,paint_p50_ms,0.2584
1783921043,3c27f7e09,debug,styled-typing,p50_ms,7.9999
1783921043,3c27f7e09,debug,styled-typing,p95_ms,21.5106
1783921050,3c27f7e09,debug,diff-open,open_ms,157.2402
1783921050,3c27f7e09,debug,diff-typing,p50_ms,0.4071
1783921057,3c27f7e09,debug,monster-scroll,paint_p50_ms,1.3052
1783921057,3c27f7e09,debug,monster-scroll,paint_p95_ms,1.9076
1783921069,3c27f7e09,debug,monster-search-scroll,paint_p50_ms,0.0000
1783921069,3c27f7e09,debug,monster-search-scroll,paint_max_ms,0.0000
1783921085,3c27f7e09,debug,render-scroll,avg_ms,1.2075
1783921085,3c27f7e09,debug,render-scroll,p50_ms,1.1921
1783921085,3c27f7e09,debug,render-scroll,p95_ms,1.6316
1783921216,3c27f7e09,debug,wall,open_ms,107.0305
1783921216,3c27f7e09,debug,wall,typing_p50_ms,0.6753
1783921229,3c27f7e09,debug,burst-typing,p50_ms,7.3036
1783921229,3c27f7e09,debug,burst-typing,p95_ms,21.1912
1783921261,3c27f7e09,debug,typing,monster_p50_ms,2.2102
1783921261,3c27f7e09,debug,typing,scratch_p50_ms,0.5563
1783928556,406410dfa,debug,plain-typing,keystroke_p50_ms,0.2884
1783928573,406410dfa,debug,search-landing,worst_ms,77.0110
1783928573,406410dfa,debug,search-scroll,paint_p50_ms,0.4387
1783928573,406410dfa,debug,search-scroll,paint_p95_ms,0.6813
1783928601,406410dfa,debug,search-landing,worst_ms,41.4667
1783928608,406410dfa,debug,documents-list,refresh_ms,57.6397
1783928608,406410dfa,debug,documents-list,scroll_p50_ms,0.0101
1783928608,406410dfa,debug,documents-list,paint_p50_ms,0.2632
1783928616,406410dfa,debug,styled-typing,p50_ms,7.9491
1783928616,406410dfa,debug,styled-typing,p95_ms,21.0912
1783928618,406410dfa,debug,search-landing,worst_ms,38.6726
1783928620,406410dfa,debug,diff-open,open_ms,159.3219
1783928620,406410dfa,debug,diff-typing,p50_ms,0.4014
1783928623,406410dfa,debug,search-landing,worst_ms,42.5780
1783928630,406410dfa,debug,monster-scroll,paint_p50_ms,1.1947
1783928630,406410dfa,debug,monster-scroll,paint_p95_ms,1.6598
1783928642,406410dfa,debug,monster-search-scroll,paint_p50_ms,0.0000
1783928642,406410dfa,debug,monster-search-scroll,paint_max_ms,0.0000
1783928658,406410dfa,debug,render-scroll,avg_ms,1.2636
1783928658,406410dfa,debug,render-scroll,p50_ms,1.2250
1783928658,406410dfa,debug,render-scroll,p95_ms,1.7620
1783928793,406410dfa,debug,wall,open_ms,107.8985
1783928793,406410dfa,debug,wall,typing_p50_ms,0.6802
1783928807,406410dfa,debug,burst-typing,p50_ms,7.6440
1783928807,406410dfa,debug,burst-typing,p95_ms,22.1089
1783928839,406410dfa,debug,typing,monster_p50_ms,2.2852
1783928839,406410dfa,debug,typing,scratch_p50_ms,0.5896
1783929943,406410dfa,debug,search-landing,worst_ms,51.2893
1783929943,406410dfa,debug,search-scroll,paint_p50_ms,0.4273
1783929943,406410dfa,debug,search-scroll,paint_p95_ms,0.6360
1783929952,406410dfa,debug,documents-list,refresh_ms,57.0870
1783929952,406410dfa,debug,documents-list,scroll_p50_ms,0.0097
1783929952,406410dfa,debug,documents-list,paint_p50_ms,0.2575
1783929962,406410dfa,debug,diff-open,open_ms,154.7572
1783929962,406410dfa,debug,diff-typing,p50_ms,0.4048
1783930135,406410dfa,debug,plain-typing,keystroke_p50_ms,0.3061
1783930183,406410dfa,debug,styled-typing,p50_ms,7.7490
1783930183,406410dfa,debug,styled-typing,p95_ms,19.8559
1783930195,406410dfa,debug,monster-scroll,paint_p50_ms,1.1356
1783930195,406410dfa,debug,monster-scroll,paint_p95_ms,1.5491
1783930207,406410dfa,debug,monster-search-scroll,paint_p50_ms,0.0000
1783930207,406410dfa,debug,monster-search-scroll,paint_max_ms,0.0000
1783930222,406410dfa,debug,render-scroll,avg_ms,1.1763
1783930222,406410dfa,debug,render-scroll,p50_ms,1.1638
1783930222,406410dfa,debug,render-scroll,p95_ms,1.5713
1783930359,406410dfa,debug,wall,open_ms,106.9853
1783930359,406410dfa,debug,wall,typing_p50_ms,0.7451
1783930373,406410dfa,debug,burst-typing,p50_ms,7.2805
1783930373,406410dfa,debug,burst-typing,p95_ms,20.8927
1783930405,406410dfa,debug,typing,monster_p50_ms,2.0853
1783930405,406410dfa,debug,typing,scratch_p50_ms,0.5297
1783931037,406410dfa,debug,plain-typing,keystroke_p50_ms,0.2921
1783931086,406410dfa,debug,search-landing,worst_ms,56.7541
1783931086,406410dfa,debug,search-scroll,paint_p50_ms,0.4706
1783931086,406410dfa,debug,search-scroll,paint_p95_ms,0.7200
1783931091,406410dfa,debug,styled-typing,p50_ms,7.8166
1783931091,406410dfa,debug,styled-typing,p95_ms,21.3602
1783931098,406410dfa,debug,documents-list,refresh_ms,68.8620
1783931098,406410dfa,debug,documents-list,scroll_p50_ms,0.0100
1783931098,406410dfa,debug,documents-list,paint_p50_ms,0.2618
1783931108,406410dfa,debug,monster-scroll,paint_p50_ms,1.2175
1783931108,406410dfa,debug,monster-scroll,paint_p95_ms,1.6894
1783931109,406410dfa,debug,diff-open,open_ms,162.2377
1783931109,406410dfa,debug,diff-typing,p50_ms,0.4427
1783931121,406410dfa,debug,monster-search-scroll,paint_p50_ms,0.0000
1783931121,406410dfa,debug,monster-search-scroll,paint_max_ms,0.0000
1783931137,406410dfa,debug,render-scroll,avg_ms,1.2436
1783931137,406410dfa,debug,render-scroll,p50_ms,1.2363
1783931137,406410dfa,debug,render-scroll,p95_ms,1.6580
1783931264,406410dfa,debug,wall,open_ms,108.5228
1783931264,406410dfa,debug,wall,typing_p50_ms,0.6774
1783931277,406410dfa,debug,burst-typing,p50_ms,7.5785
1783931277,406410dfa,debug,burst-typing,p95_ms,21.4109
1783931309,406410dfa,debug,typing,monster_p50_ms,1.9871
1783931309,406410dfa,debug,typing,scratch_p50_ms,0.5243
1783935339,406410dfa,debug,plain-typing,keystroke_p50_ms,0.3104
1783935380,406410dfa,debug,search-landing,worst_ms,47.0492
1783935380,406410dfa,debug,search-scroll,paint_p50_ms,0.4629
1783935380,406410dfa,debug,search-scroll,paint_p95_ms,0.6910
1783935389,406410dfa,debug,styled-typing,p50_ms,8.4049
1783935389,406410dfa,debug,styled-typing,p95_ms,20.3696
1783935390,406410dfa,debug,documents-list,refresh_ms,59.2120
1783935390,406410dfa,debug,documents-list,scroll_p50_ms,0.0102
1783935390,406410dfa,debug,documents-list,paint_p50_ms,0.2666
1783935400,406410dfa,debug,diff-open,open_ms,153.6622
1783935400,406410dfa,debug,diff-typing,p50_ms,0.4098
1783935402,406410dfa,debug,monster-scroll,paint_p50_ms,1.1856
1783935402,406410dfa,debug,monster-scroll,paint_p95_ms,1.6189
1783935414,406410dfa,debug,monster-search-scroll,paint_p50_ms,0.0000
1783935414,406410dfa,debug,monster-search-scroll,paint_max_ms,0.0000
1783935430,406410dfa,debug,render-scroll,avg_ms,1.2053
1783935430,406410dfa,debug,render-scroll,p50_ms,1.1940
1783935430,406410dfa,debug,render-scroll,p95_ms,1.6254
1783935569,406410dfa,debug,wall,open_ms,107.5543
1783935569,406410dfa,debug,wall,typing_p50_ms,0.7591
1783935582,406410dfa,debug,burst-typing,p50_ms,7.2914
1783935582,406410dfa,debug,burst-typing,p95_ms,21.1899
1783935614,406410dfa,debug,typing,monster_p50_ms,2.1630
1783935614,406410dfa,debug,typing,scratch_p50_ms,0.5333
1783937469,4d32ef7ae,debug,plain-typing,keystroke_p50_ms,0.2956
1783937526,4d32ef7ae,debug,styled-typing,p50_ms,7.9907
1783937526,4d32ef7ae,debug,styled-typing,p95_ms,27.4044
1783937541,4d32ef7ae,debug,monster-scroll,paint_p50_ms,1.2215
1783937541,4d32ef7ae,debug,monster-scroll,paint_p95_ms,1.7440
1783937555,4d32ef7ae,debug,search-landing,worst_ms,67.3621
1783937555,4d32ef7ae,debug,search-scroll,paint_p50_ms,0.4791
1783937555,4d32ef7ae,debug,search-scroll,paint_p95_ms,1.0721
1783937558,4d32ef7ae,debug,monster-search-scroll,paint_p50_ms,0.0000
1783937558,4d32ef7ae,debug,monster-search-scroll,paint_max_ms,0.0000
1783937574,4d32ef7ae,debug,render-scroll,avg_ms,1.2433
1783937574,4d32ef7ae,debug,render-scroll,p50_ms,1.2214
1783937574,4d32ef7ae,debug,render-scroll,p95_ms,1.6824
1783937576,4d32ef7ae,debug,documents-list,refresh_ms,58.9714
1783937576,4d32ef7ae,debug,documents-list,scroll_p50_ms,0.0101
1783937576,4d32ef7ae,debug,documents-list,paint_p50_ms,0.2655
1783937587,4d32ef7ae,debug,diff-open,open_ms,157.3095
1783937587,4d32ef7ae,debug,diff-typing,p50_ms,0.3902
1783937723,4d32ef7ae,debug,wall,open_ms,109.4681
1783937723,4d32ef7ae,debug,wall,typing_p50_ms,0.7759
1783937737,4d32ef7ae,debug,burst-typing,p50_ms,7.4593
1783937737,4d32ef7ae,debug,burst-typing,p95_ms,21.0792
1783937771,4d32ef7ae,debug,typing,monster_p50_ms,2.4070
1783937771,4d32ef7ae,debug,typing,scratch_p50_ms,0.6662
1783962152,b7c42cfae,debug,plain-typing,keystroke_p50_ms,0.2956
1783962165,b7c42cfae,debug,list-scroll,build_ms,3.9430
1783962165,b7c42cfae,debug,list-scroll,frame_p50_ms,0.0285
1783962165,b7c42cfae,debug,list-scroll,frame_p95_ms,0.0313
1783962205,b7c42cfae,debug,styled-typing,p50_ms,7.7152
1783962205,b7c42cfae,debug,styled-typing,p95_ms,20.1906
1783962213,b7c42cfae,debug,search-landing,worst_ms,58.6565
1783962213,b7c42cfae,debug,search-scroll,paint_p50_ms,0.4276
1783962213,b7c42cfae,debug,search-scroll,paint_p95_ms,0.6241
1783962218,b7c42cfae,debug,monster-scroll,paint_p50_ms,1.2297
1783962218,b7c42cfae,debug,monster-scroll,paint_p95_ms,1.7279
1783962224,b7c42cfae,debug,documents-list,refresh_ms,57.6150
1783962224,b7c42cfae,debug,documents-list,scroll_p50_ms,0.0110
1783962224,b7c42cfae,debug,documents-list,paint_p50_ms,0.2663
1783962230,b7c42cfae,debug,monster-search-scroll,paint_p50_ms,0.0000
1783962230,b7c42cfae,debug,monster-search-scroll,paint_max_ms,0.0000
1783962235,b7c42cfae,debug,diff-open,open_ms,152.5344
1783962235,b7c42cfae,debug,diff-typing,p50_ms,0.3712
1783962248,b7c42cfae,debug,render-scroll,avg_ms,1.4353
1783962248,b7c42cfae,debug,render-scroll,p50_ms,1.2546
1783962248,b7c42cfae,debug,render-scroll,p95_ms,1.7556
1783962271,b7c42cfae,debug,monster-resize,sync_ms,33.7727
1783962273,b7c42cfae,debug,monster-resize,repair_effect_ms,1632.7960
1783962379,b7c42cfae,debug,wall,open_ms,110.2084
1783962379,b7c42cfae,debug,wall,typing_p50_ms,0.7304
1783962393,b7c42cfae,debug,burst-typing,p50_ms,7.3889
1783962393,b7c42cfae,debug,burst-typing,p95_ms,20.5858
1783962425,b7c42cfae,debug,typing,monster_p50_ms,2.1833
1783962425,b7c42cfae,debug,typing,scratch_p50_ms,0.4845
1784039136,dbe735d07,debug,diff-open,open_ms,195.6682
1784039136,dbe735d07,debug,diff-typing,p50_ms,0.4683
1784039264,dbe735d07,debug,plain-typing,keystroke_p50_ms,0.3154
1784039305,dbe735d07,debug,styled-typing,p50_ms,12.5194
1784039305,dbe735d07,debug,styled-typing,p95_ms,55.2568
1784039335,dbe735d07,debug,monster-scroll,paint_p50_ms,1.2186
1784039335,dbe735d07,debug,monster-scroll,paint_p95_ms,1.7531
1784039348,dbe735d07,debug,monster-search-scroll,paint_p50_ms,0.0000
1784039348,dbe735d07,debug,monster-search-scroll,paint_max_ms,0.0000
1784039370,dbe735d07,debug,render-scroll,avg_ms,1.2701
1784039370,dbe735d07,debug,render-scroll,p50_ms,1.2569
1784039370,dbe735d07,debug,render-scroll,p95_ms,1.7196
1784039381,dbe735d07,debug,search-landing,worst_ms,59.0186
1784039381,dbe735d07,debug,search-scroll,paint_p50_ms,0.4669
1784039381,dbe735d07,debug,search-scroll,paint_p95_ms,0.7258
1784039419,dbe735d07,debug,documents-list,refresh_ms,67.8370
1784039419,dbe735d07,debug,documents-list,scroll_p50_ms,0.0109
1784039419,dbe735d07,debug,documents-list,paint_p50_ms,0.2657
1784039453,dbe735d07,debug,monster-resize,sync_ms,26.3715
1784039455,dbe735d07,debug,monster-resize,repair_effect_ms,1675.0382
1784039518,dbe735d07,debug,wall,open_ms,116.2607
1784039518,dbe735d07,debug,wall,typing_p50_ms,0.9112
1784039533,dbe735d07,debug,burst-typing,p50_ms,7.3339
1784039533,dbe735d07,debug,burst-typing,p95_ms,22.4855
1784039566,dbe735d07,debug,typing,monster_p50_ms,2.2706
1784039566,dbe735d07,debug,typing,scratch_p50_ms,0.6439
1784039776,dbe735d07,debug,diff-open,open_ms,191.7058
1784039776,dbe735d07,debug,diff-typing,p50_ms,0.4524
1784039881,dbe735d07,debug,plain-typing,keystroke_p50_ms,0.3136
1784039916,dbe735d07,debug,styled-typing,p50_ms,7.9428
1784039916,dbe735d07,debug,styled-typing,p95_ms,19.9179
1784039931,dbe735d07,debug,monster-scroll,paint_p50_ms,1.2532
1784039931,dbe735d07,debug,monster-scroll,paint_p95_ms,1.8407
1784039943,dbe735d07,debug,monster-search-scroll,paint_p50_ms,0.0000
1784039943,dbe735d07,debug,monster-search-scroll,paint_max_ms,0.0000
1784039962,dbe735d07,debug,render-scroll,avg_ms,1.2420
1784039962,dbe735d07,debug,render-scroll,p50_ms,1.2332
1784039962,dbe735d07,debug,render-scroll,p95_ms,1.6788
1784039970,dbe735d07,debug,search-landing,worst_ms,67.5381
1784039970,dbe735d07,debug,search-scroll,paint_p50_ms,0.4810
1784039970,dbe735d07,debug,search-scroll,paint_p95_ms,0.7640
1784040005,dbe735d07,debug,documents-list,refresh_ms,59.0527
1784040005,dbe735d07,debug,documents-list,scroll_p50_ms,0.0105
1784040005,dbe735d07,debug,documents-list,paint_p50_ms,0.2592
1784040035,dbe735d07,debug,monster-resize,sync_ms,36.1640
1784040036,dbe735d07,debug,monster-resize,repair_effect_ms,1767.6068
1784040098,dbe735d07,debug,wall,open_ms,126.5285
1784040099,dbe735d07,debug,wall,typing_p50_ms,0.7270
1784040112,dbe735d07,debug,burst-typing,p50_ms,7.0976
1784040112,dbe735d07,debug,burst-typing,p95_ms,20.7995
1784040144,dbe735d07,debug,typing,monster_p50_ms,2.3892
1784040144,dbe735d07,debug,typing,scratch_p50_ms,0.5517
1784041222,dbe735d07,debug,plain-typing,keystroke_p50_ms,0.2980
1784041271,dbe735d07,debug,styled-typing,p50_ms,7.6976
1784041271,dbe735d07,debug,styled-typing,p95_ms,19.9647
1784041285,dbe735d07,debug,monster-scroll,paint_p50_ms,1.2151
1784041285,dbe735d07,debug,monster-scroll,paint_p95_ms,1.6563
1784041286,dbe735d07,debug,diff-open,open_ms,166.3668
1784041286,dbe735d07,debug,diff-typing,p50_ms,0.4803
1784041299,dbe735d07,debug,monster-search-scroll,paint_p50_ms,0.0000
1784041299,dbe735d07,debug,monster-search-scroll,paint_max_ms,0.0000
1784041314,dbe735d07,debug,render-scroll,avg_ms,1.2350
1784041314,dbe735d07,debug,render-scroll,p50_ms,1.2249
1784041314,dbe735d07,debug,render-scroll,p95_ms,1.6583
1784041317,dbe735d07,debug,search-landing,worst_ms,52.9430
1784041317,dbe735d07,debug,search-scroll,paint_p50_ms,0.4335
1784041317,dbe735d07,debug,search-scroll,paint_p95_ms,0.6682
1784041395,dbe735d07,debug,documents-list,refresh_ms,165.2716
1784041395,dbe735d07,debug,documents-list,scroll_p50_ms,0.0125
1784041395,dbe735d07,debug,documents-list,paint_p50_ms,0.3365
1784041532,dbe735d07,debug,wall,open_ms,110.0734
1784041532,dbe735d07,debug,wall,typing_p50_ms,0.6986
1784041546,dbe735d07,debug,burst-typing,p50_ms,7.3551
1784041546,dbe735d07,debug,burst-typing,p95_ms,23.4878
1784041584,dbe735d07,debug,typing,monster_p50_ms,2.2684
1784041584,dbe735d07,debug,typing,scratch_p50_ms,0.6573
1784042902,dbe735d07,debug,plain-typing,keystroke_p50_ms,0.3322
1784042949,dbe735d07,debug,styled-typing,p50_ms,7.7173
1784042949,dbe735d07,debug,styled-typing,p95_ms,19.8591
1784042963,dbe735d07,debug,monster-scroll,paint_p50_ms,1.2092
1784042963,dbe735d07,debug,monster-scroll,paint_p95_ms,1.6479
1784042973,dbe735d07,debug,diff-open,open_ms,172.2414
1784042973,dbe735d07,debug,diff-typing,p50_ms,0.4835
1784042975,dbe735d07,debug,monster-search-scroll,paint_p50_ms,0.0000
1784042975,dbe735d07,debug,monster-search-scroll,paint_max_ms,0.0000
1784042993,dbe735d07,debug,render-scroll,avg_ms,1.2464
1784042993,dbe735d07,debug,render-scroll,p50_ms,1.2372
1784042993,dbe735d07,debug,render-scroll,p95_ms,1.6741
1784043007,dbe735d07,debug,search-landing,worst_ms,65.5103
1784043007,dbe735d07,debug,search-scroll,paint_p50_ms,0.4520
1784043007,dbe735d07,debug,search-scroll,paint_p95_ms,0.6480
1784043041,dbe735d07,debug,documents-list,refresh_ms,56.6440
1784043041,dbe735d07,debug,documents-list,scroll_p50_ms,0.0109
1784043041,dbe735d07,debug,documents-list,paint_p50_ms,0.2630
1784043071,dbe735d07,debug,monster-resize,sync_ms,36.4075
1784043073,dbe735d07,debug,monster-resize,repair_effect_ms,1641.3166
1784043128,dbe735d07,debug,wall,open_ms,135.9882
1784043128,dbe735d07,debug,wall,typing_p50_ms,0.7618
1784043142,dbe735d07,debug,burst-typing,p50_ms,7.3748
1784043142,dbe735d07,debug,burst-typing,p95_ms,20.9913
1784043175,dbe735d07,debug,typing,monster_p50_ms,2.1462
1784043175,dbe735d07,debug,typing,scratch_p50_ms,0.5640
1784044610,dbe735d07,debug,diff-open,open_ms,159.4516
1784044610,dbe735d07,debug,diff-typing,p50_ms,0.4528
1784044705,dbe735d07,debug,plain-typing,keystroke_p50_ms,0.3407
1784044755,dbe735d07,debug,diff-open,open_ms,187.9597
1784044755,dbe735d07,debug,diff-typing,p50_ms,0.5325
1784044760,dbe735d07,debug,styled-typing,p50_ms,8.5749
1784044760,dbe735d07,debug,styled-typing,p95_ms,23.6498
1784044780,dbe735d07,debug,monster-scroll,paint_p50_ms,1.2234
1784044780,dbe735d07,debug,monster-scroll,paint_p95_ms,1.6883
1784044792,dbe735d07,debug,monster-search-scroll,paint_p50_ms,0.0000
1784044792,dbe735d07,debug,monster-search-scroll,paint_max_ms,0.0000
1784044794,dbe735d07,debug,search-landing,worst_ms,73.3354
1784044794,dbe735d07,debug,search-scroll,paint_p50_ms,0.4517
1784044794,dbe735d07,debug,search-scroll,paint_p95_ms,0.6711
1784044809,dbe735d07,debug,render-scroll,avg_ms,1.3161
1784044809,dbe735d07,debug,render-scroll,p50_ms,1.2828
1784044809,dbe735d07,debug,render-scroll,p95_ms,1.7587
1784044834,dbe735d07,debug,documents-list,refresh_ms,57.4000
1784044834,dbe735d07,debug,documents-list,scroll_p50_ms,0.0104
1784044834,dbe735d07,debug,documents-list,paint_p50_ms,0.2582
1784044942,dbe735d07,debug,wall,open_ms,107.5870
1784044942,dbe735d07,debug,wall,typing_p50_ms,0.7763
1784044956,dbe735d07,debug,burst-typing,p50_ms,7.3765
1784044956,dbe735d07,debug,burst-typing,p95_ms,21.6406
1784044988,dbe735d07,debug,typing,monster_p50_ms,2.3055
1784044988,dbe735d07,debug,typing,scratch_p50_ms,0.6441
1784048132,f179859c5,debug,monster-resize,sync_ms,13.9640
1784048133,f179859c5,debug,monster-resize,repair_effect_ms,1546.9443
1784048297,f179859c5,debug,diff-open,open_ms,160.3831
1784048297,f179859c5,debug,diff-typing,p50_ms,0.4747
1784048297,f179859c5,debug,diff-resize,frame_p50_ms,2.1302
1784048297,f179859c5,debug,diff-resize,frame_worst_ms,2.7846
1784048322,f179859c5,debug,diff-open,open_ms,3538.4347
1784048323,f179859c5,debug,diff-typing,p50_ms,0.8375
1784048326,f179859c5,debug,diff-resize,frame_p50_ms,1.7884
1784048326,f179859c5,debug,diff-resize,frame_worst_ms,2.2197
1784048464,f179859c5,debug,plain-typing,keystroke_p50_ms,0.2923
1784048507,f179859c5,debug,styled-typing,p50_ms,7.8499
1784048507,f179859c5,debug,styled-typing,p95_ms,20.1023
1784048508,f179859c5,debug,diff-open,open_ms,171.8501
1784048508,f179859c5,debug,diff-typing,p50_ms,0.5640
1784048508,f179859c5,debug,diff-resize,frame_p50_ms,1.8539
1784048508,f179859c5,debug,diff-resize,frame_worst_ms,2.3271
1784048522,f179859c5,debug,monster-scroll,paint_p50_ms,1.2578
1784048522,f179859c5,debug,monster-scroll,paint_p95_ms,2.1024
1784048534,f179859c5,debug,monster-search-scroll,paint_p50_ms,0.0000
1784048534,f179859c5,debug,monster-search-scroll,paint_max_ms,0.0000
1784048540,f179859c5,debug,search-landing,worst_ms,55.7060
1784048540,f179859c5,debug,search-scroll,paint_p50_ms,0.4248
1784048540,f179859c5,debug,search-scroll,paint_p95_ms,0.7255
1784048549,f179859c5,debug,render-scroll,avg_ms,1.2305
1784048549,f179859c5,debug,render-scroll,p50_ms,1.2182
1784048549,f179859c5,debug,render-scroll,p95_ms,1.6571
1784048575,f179859c5,debug,documents-list,refresh_ms,68.2781
1784048575,f179859c5,debug,documents-list,scroll_p50_ms,0.0103
1784048575,f179859c5,debug,documents-list,paint_p50_ms,0.2599
1784048668,f179859c5,debug,plain-typing,keystroke_p50_ms,0.2928
1784048692,f179859c5,debug,wall,open_ms,108.8537
1784048692,f179859c5,debug,wall,typing_p50_ms,0.7870
1784048705,f179859c5,debug,burst-typing,p50_ms,7.1855
1784048705,f179859c5,debug,burst-typing,p95_ms,20.6923
1784048737,f179859c5,debug,typing,monster_p50_ms,2.0708
1784048737,f179859c5,debug,typing,scratch_p50_ms,0.5538
1784049388,f179859c5,debug,diff-open,open_ms,162.4148
1784049388,f179859c5,debug,diff-typing,p50_ms,0.4372
1784049388,f179859c5,debug,diff-resize,frame_p50_ms,1.9026
1784049388,f179859c5,debug,diff-resize,frame_worst_ms,2.3992
1784049432,f179859c5,debug,diff-open,open_ms,160.4968
1784049432,f179859c5,debug,diff-typing,p50_ms,0.4555
1784049433,f179859c5,debug,diff-resize,frame_p50_ms,1.9673
1784049433,f179859c5,debug,diff-resize,frame_worst_ms,2.2048
1784049472,f179859c5,debug,diff-open,open_ms,155.7364
1784049472,f179859c5,debug,diff-typing,p50_ms,0.4804
1784049472,f179859c5,debug,diff-resize,frame_p50_ms,1.8363
1784049472,f179859c5,debug,diff-resize,frame_worst_ms,2.1388
1784049516,f179859c5,debug,diff-open,open_ms,158.0276
1784049516,f179859c5,debug,diff-typing,p50_ms,0.4621
1784049516,f179859c5,debug,diff-resize,frame_p50_ms,1.8743
1784049516,f179859c5,debug,diff-resize,frame_worst_ms,2.3610
1784049560,f179859c5,debug,diff-open,open_ms,154.7584
1784049560,f179859c5,debug,diff-typing,p50_ms,0.4535
1784049560,f179859c5,debug,diff-resize,frame_p50_ms,1.8399
1784049560,f179859c5,debug,diff-resize,frame_worst_ms,2.1343
1784049613,f179859c5,debug,diff-open,open_ms,3477.6692
1784049614,f179859c5,debug,diff-typing,p50_ms,0.7603
1784049617,f179859c5,debug,diff-resize,frame_p50_ms,1.7641
1784049617,f179859c5,debug,diff-resize,frame_worst_ms,2.1452
1784054541,f179859c5,debug,diff-open,open_ms,158.2925
1784054541,f179859c5,debug,diff-typing,p50_ms,0.4458
1784054541,f179859c5,debug,diff-resize,frame_p50_ms,1.6870
1784054541,f179859c5,debug,diff-resize,frame_worst_ms,1.9565
1784054579,f179859c5,debug,diff-open,open_ms,152.4033
1784054579,f179859c5,debug,diff-typing,p50_ms,0.4584
1784054579,f179859c5,debug,diff-resize,frame_p50_ms,1.8070
1784054579,f179859c5,debug,diff-resize,frame_worst_ms,2.2183
1784055611,f179859c5,debug,diff-open,open_ms,177.1960
1784055611,f179859c5,debug,diff-typing,p50_ms,0.4584
1784055611,f179859c5,debug,diff-resize,frame_p50_ms,1.7216
1784055611,f179859c5,debug,diff-resize,frame_worst_ms,2.0243
1784059562,f179859c5,debug,plain-typing,keystroke_p50_ms,0.2977
1784059649,f179859c5,debug,diff-open,open_ms,532.9650
1784059649,f179859c5,debug,diff-typing,p50_ms,0.8165
1784059650,f179859c5,debug,diff-resize,frame_p50_ms,2.4295
1784059650,f179859c5,debug,diff-resize,frame_worst_ms,3.0368
1784060282,f179859c5,debug,plain-typing,keystroke_p50_ms,0.3016
1784060332,f179859c5,debug,diff-open,open_ms,216.7919
1784060332,f179859c5,debug,diff-typing,p50_ms,0.5060
1784060332,f179859c5,debug,diff-resize,frame_p50_ms,1.8948
1784060332,f179859c5,debug,diff-resize,frame_worst_ms,2.4612
1784060359,f179859c5,debug,search-landing,worst_ms,49.6791
1784060359,f179859c5,debug,search-scroll,paint_p50_ms,0.3595
1784060359,f179859c5,debug,search-scroll,paint_p95_ms,0.5699
1784060439,f179859c5,debug,monster-resize,sync_ms,65.6961
1784060445,f179859c5,debug,monster-resize,repair_effect_ms,5877.2426
1784060876,f179859c5,debug,plain-typing,keystroke_p50_ms,0.2959
1784060903,f179859c5,debug,search-landing,worst_ms,55.5712
1784060903,f179859c5,debug,search-scroll,paint_p50_ms,0.3852
1784060903,f179859c5,debug,search-scroll,paint_p95_ms,0.6294
1784060912,f179859c5,debug,diff-open,open_ms,232.5916
1784060912,f179859c5,debug,diff-typing,p50_ms,0.5500
1784060912,f179859c5,debug,diff-resize,frame_p50_ms,1.8538
1784060912,f179859c5,debug,diff-resize,frame_worst_ms,2.0796
1784060916,f179859c5,debug,list-scroll,build_ms,3.9357
1784060916,f179859c5,debug,list-scroll,frame_p50_ms,0.0288
1784060916,f179859c5,debug,list-scroll,frame_p95_ms,0.0313
1784060961,f179859c5,debug,styled-typing,p50_ms,7.8908
1784060961,f179859c5,debug,styled-typing,p95_ms,19.9592
1784060975,f179859c5,debug,monster-scroll,paint_p50_ms,1.2158
1784060975,f179859c5,debug,monster-scroll,paint_p95_ms,1.6573
1784060987,f179859c5,debug,documents-list,refresh_ms,57.6170
1784060987,f179859c5,debug,documents-list,scroll_p50_ms,0.0103
1784060987,f179859c5,debug,documents-list,paint_p50_ms,0.2578
1784060987,f179859c5,debug,monster-search-scroll,paint_p50_ms,0.0000
1784060987,f179859c5,debug,monster-search-scroll,paint_max_ms,0.0000
1784061005,f179859c5,debug,render-scroll,avg_ms,1.2663
1784061005,f179859c5,debug,render-scroll,p50_ms,1.2530
1784061005,f179859c5,debug,render-scroll,p95_ms,1.6903
1784061242,f179859c5,debug,wall,open_ms,184.4173
1784061242,f179859c5,debug,wall,typing_p50_ms,0.8970
1784061257,f179859c5,debug,burst-typing,p50_ms,7.7030
1784061257,f179859c5,debug,burst-typing,p95_ms,23.0193
1784061296,f179859c5,debug,typing,monster_p50_ms,2.3232
1784061296,f179859c5,debug,typing,scratch_p50_ms,0.6012
1784061397,f179859c5,debug,monster-resize,sync_ms,15.4932
1784061398,f179859c5,debug,monster-resize,repair_effect_ms,1609.6565
1784061404,f179859c5,debug,wall,open_ms,111.3553
1784061404,f179859c5,debug,wall,typing_p50_ms,0.7640
1784061413,f179859c5,debug,diff-open,open_ms,153.6510
1784061413,f179859c5,debug,diff-typing,p50_ms,0.4483
1784061414,f179859c5,debug,diff-resize,frame_p50_ms,1.9328
1784061414,f179859c5,debug,diff-resize,frame_worst_ms,2.6314
1784068284,53dd1df26,debug,plain-typing,keystroke_p50_ms,0.3254
1784068813,53dd1df26,debug,monster-resize,sync_ms,32.0784
1784068813,53dd1df26,debug,monster-resize,repair_effect_ms,11.3648
1784072043,53dd1df26,debug,plain-typing,keystroke_p50_ms,0.2964
1784072087,53dd1df26,debug,monster-resize,sync_ms,45.0884
1784072087,53dd1df26,debug,monster-resize,repair_effect_ms,12.0506
1784072169,53dd1df26,debug,diff-open,open_ms,339.0537
1784072169,53dd1df26,debug,diff-typing,p50_ms,0.5648
1784072169,53dd1df26,debug,diff-resize,frame_p50_ms,1.9653
1784072169,53dd1df26,debug,diff-resize,frame_worst_ms,2.3332
1784072198,53dd1df26,debug,search-landing,worst_ms,40.9793
1784072198,53dd1df26,debug,search-scroll,paint_p50_ms,0.3616
1784072198,53dd1df26,debug,search-scroll,paint_p95_ms,0.6065
1784072333,53dd1df26,debug,monster-resize,sync_ms,34.8048
1784072333,53dd1df26,debug,monster-resize,repair_effect_ms,11.4562
1784072420,53dd1df26,debug,list-scroll,build_ms,4.0180
1784072420,53dd1df26,debug,list-scroll,frame_p50_ms,0.0286
1784072420,53dd1df26,debug,list-scroll,frame_p95_ms,0.0311
1784072481,53dd1df26,debug,documents-list,refresh_ms,66.2711
1784072481,53dd1df26,debug,documents-list,scroll_p50_ms,0.0104
1784072481,53dd1df26,debug,documents-list,paint_p50_ms,0.2641
1784072526,53dd1df26,debug,monster-resize,sync_ms,15.2582
1784072526,53dd1df26,debug,monster-resize,repair_effect_ms,11.5700
1784072537,53dd1df26,debug,diff-open,open_ms,154.4704
1784072537,53dd1df26,debug,diff-typing,p50_ms,0.4908
1784072537,53dd1df26,debug,diff-resize,frame_p50_ms,1.8762
1784072537,53dd1df26,debug,diff-resize,frame_worst_ms,2.2045
1784105053,53dd1df26,debug,plain-typing,keystroke_p50_ms,0.2936
1784105104,53dd1df26,debug,monster-resize,sync_ms,33.8747
1784105104,53dd1df26,debug,monster-resize,repair_effect_ms,11.9431
1784105188,53dd1df26,debug,diff-open,open_ms,291.7762
1784105189,53dd1df26,debug,diff-typing,p50_ms,0.5663
1784105189,53dd1df26,debug,diff-resize,frame_p50_ms,2.0113
1784105189,53dd1df26,debug,diff-resize,frame_worst_ms,2.2686
1784105233,53dd1df26,debug,search-landing,worst_ms,68.0398
1784105233,53dd1df26,debug,search-scroll,paint_p50_ms,0.3708
1784105233,53dd1df26,debug,search-scroll,paint_p95_ms,0.5904
1784105340,53dd1df26,debug,styled-typing,p50_ms,2.6108
1784105340,53dd1df26,debug,styled-typing,p95_ms,3.1465
1784105359,53dd1df26,debug,monster-scroll,paint_p50_ms,2.0149
1784105359,53dd1df26,debug,monster-scroll,paint_p95_ms,2.8375
1784105377,53dd1df26,debug,monster-search-scroll,paint_p50_ms,1.4547
1784105377,53dd1df26,debug,monster-search-scroll,paint_max_ms,2.3565
1784105399,53dd1df26,debug,render-scroll,avg_ms,1.2355
1784105399,53dd1df26,debug,render-scroll,p50_ms,1.2029
1784105399,53dd1df26,debug,render-scroll,p95_ms,1.6672
1784105437,53dd1df26,debug,wall,open_ms,108.3437
1784105437,53dd1df26,debug,wall,typing_p50_ms,0.7591
1784105452,53dd1df26,debug,burst-typing,p50_ms,3.9378
1784105452,53dd1df26,debug,burst-typing,p95_ms,8.2685
1784105480,53dd1df26,debug,typing,monster_p50_ms,2.5937
1784105480,53dd1df26,debug,typing,scratch_p50_ms,0.5827
1784105503,53dd1df26,debug,diff-open,open_ms,3639.0317
1784105503,53dd1df26,debug,diff-typing,p50_ms,0.7890
1784105503,53dd1df26,debug,diff-resize,frame_p50_ms,1.9502
1784105503,53dd1df26,debug,diff-resize,frame_worst_ms,2.5016
1784107346,3a80966ef,debug,plain-typing,keystroke_p50_ms,0.2997
1784107492,3a80966ef,debug,plain-typing,keystroke_p50_ms,0.2957
1784107828,3a80966ef,debug,plain-typing,keystroke_p50_ms,0.3010
1784108311,3a80966ef,debug,plain-typing,keystroke_p50_ms,0.3048
1784108374,3a80966ef,debug,diff-open,open_ms,26.1245
1784108374,3a80966ef,debug,diff-typing,p50_ms,0.8275
1784108374,3a80966ef,debug,diff-resize,frame_p50_ms,2.5774
1784108374,3a80966ef,debug,diff-resize,frame_worst_ms,3.2819
1784108393,3a80966ef,debug,monster-resize,sync_ms,38.2484
1784108393,3a80966ef,debug,monster-resize,repair_effect_ms,12.3251
1784108498,3a80966ef,debug,search-landing,worst_ms,91.2230
1784108498,3a80966ef,debug,search-scroll,paint_p50_ms,0.3558
1784108498,3a80966ef,debug,search-scroll,paint_p95_ms,0.5575
1784108537,3a80966ef,debug,search-landing,worst_ms,37.0480
1784108558,3a80966ef,debug,diff-open,open_ms,27.3985
1784108558,3a80966ef,debug,diff-typing,p50_ms,0.7693
1784108558,3a80966ef,debug,diff-resize,frame_p50_ms,1.8936
1784108558,3a80966ef,debug,diff-resize,frame_worst_ms,2.1133
1784108672,3a80966ef,debug,styled-typing,p50_ms,3.8828
1784108672,3a80966ef,debug,styled-typing,p95_ms,12.3891
1784108691,3a80966ef,debug,monster-scroll,paint_p50_ms,2.1007
1784108691,3a80966ef,debug,monster-scroll,paint_p95_ms,3.3192
1784108709,3a80966ef,debug,monster-search-scroll,paint_p50_ms,1.4032
1784108709,3a80966ef,debug,monster-search-scroll,paint_max_ms,2.2628
1784108731,3a80966ef,debug,render-scroll,avg_ms,1.2126
1784108731,3a80966ef,debug,render-scroll,p50_ms,1.1811
1784108731,3a80966ef,debug,render-scroll,p95_ms,1.6218
1784108768,3a80966ef,debug,wall,open_ms,107.9789
1784108769,3a80966ef,debug,wall,typing_p50_ms,0.7581
1784108784,3a80966ef,debug,burst-typing,p50_ms,3.8643
1784108784,3a80966ef,debug,burst-typing,p95_ms,8.2763
1784108812,3a80966ef,debug,typing,monster_p50_ms,2.7808
1784108812,3a80966ef,debug,typing,scratch_p50_ms,0.5234
1784109221,3a80966ef,debug,diff-open,open_ms,26.9709
1784109221,3a80966ef,debug,diff-typing,p50_ms,0.8181
1784109221,3a80966ef,debug,diff-resize,frame_p50_ms,2.0870
1784109221,3a80966ef,debug,diff-resize,frame_worst_ms,2.3356
1784109850,3a80966ef,debug,plain-typing,keystroke_p50_ms,0.2958
1784109987,3a80966ef,debug,plain-typing,keystroke_p50_ms,0.3015
1784110068,3a80966ef,debug,plain-typing,keystroke_p50_ms,0.3100
1784110157,3a80966ef,debug,diff-open,open_ms,24.5472
1784110157,3a80966ef,debug,diff-typing,p50_ms,0.3840
1784110157,3a80966ef,debug,diff-resize,frame_p50_ms,3.0361
1784110157,3a80966ef,debug,diff-resize,frame_worst_ms,4.0019
1784110213,3a80966ef,debug,diff-open,open_ms,33.2968
1784110213,3a80966ef,debug,diff-typing,p50_ms,0.6437
1784110213,3a80966ef,debug,diff-resize,frame_p50_ms,3.1906
1784110213,3a80966ef,debug,diff-resize,frame_worst_ms,4.8129
1784110240,3a80966ef,debug,monster-resize,sync_ms,41.9878
1784110240,3a80966ef,debug,monster-resize,repair_effect_ms,12.0324
1784110347,3a80966ef,debug,search-landing,worst_ms,74.9930
1784110348,3a80966ef,debug,search-scroll,paint_p50_ms,0.4045
1784110348,3a80966ef,debug,search-scroll,paint_p95_ms,0.5801
1784110358,3a80966ef,debug,diff-open,open_ms,27.9646
1784110358,3a80966ef,debug,diff-typing,p50_ms,0.6516
1784110359,3a80966ef,debug,diff-resize,frame_p50_ms,2.1298
1784110359,3a80966ef,debug,diff-resize,frame_worst_ms,2.3892
1784110475,3a80966ef,debug,styled-typing,p50_ms,2.8962
1784110475,3a80966ef,debug,styled-typing,p95_ms,3.4673
1784110495,3a80966ef,debug,monster-scroll,paint_p50_ms,2.1092
1784110495,3a80966ef,debug,monster-scroll,paint_p95_ms,3.0123
1784110513,3a80966ef,debug,monster-search-scroll,paint_p50_ms,1.5959
1784110513,3a80966ef,debug,monster-search-scroll,paint_max_ms,2.6678
1784110535,3a80966ef,debug,render-scroll,avg_ms,1.3439
1784110535,3a80966ef,debug,render-scroll,p50_ms,1.2891
1784110535,3a80966ef,debug,render-scroll,p95_ms,1.8881
1784110573,3a80966ef,debug,wall,open_ms,108.5010
1784110573,3a80966ef,debug,wall,typing_p50_ms,0.9423
1784110588,3a80966ef,debug,burst-typing,p50_ms,3.9613
1784110588,3a80966ef,debug,burst-typing,p95_ms,8.6076
1784110616,3a80966ef,debug,typing,monster_p50_ms,2.9076
1784110616,3a80966ef,debug,typing,scratch_p50_ms,0.5937
1784116636,cbc43d166,debug,plain-typing,keystroke_p50_ms,0.3082
1784116688,cbc43d166,debug,diff-open,open_ms,44.8589
1784116688,cbc43d166,debug,diff-typing,p50_ms,0.3504
1784116688,cbc43d166,debug,diff-resize,frame_p50_ms,2.5372
1784116688,cbc43d166,debug,diff-resize,frame_worst_ms,2.9825
1784116796,cbc43d166,debug,diff-open,open_ms,29.1484
1784116796,cbc43d166,debug,diff-typing,p50_ms,0.2723
1784116796,cbc43d166,debug,diff-resize,frame_p50_ms,2.1693
1784116796,cbc43d166,debug,diff-resize,frame_worst_ms,3.2033
1784116824,cbc43d166,debug,diff-open,open_ms,25.1830
1784116824,cbc43d166,debug,diff-typing,p50_ms,0.2602
1784116824,cbc43d166,debug,diff-resize,frame_p50_ms,1.9680
1784116824,cbc43d166,debug,diff-resize,frame_worst_ms,2.2878
1784116874,cbc43d166,debug,diff-open,open_ms,33.5126
1784116874,cbc43d166,debug,diff-typing,p50_ms,0.2741
1784116874,cbc43d166,debug,diff-resize,frame_p50_ms,2.2255
1784116874,cbc43d166,debug,diff-resize,frame_worst_ms,2.5170
1784116921,cbc43d166,debug,diff-open,open_ms,30.4650
1784116921,cbc43d166,debug,diff-typing,p50_ms,0.3088
1784116921,cbc43d166,debug,diff-resize,frame_p50_ms,2.0894
1784116921,cbc43d166,debug,diff-resize,frame_worst_ms,2.5625
1784116959,cbc43d166,debug,diff-open,open_ms,28.8862
1784116959,cbc43d166,debug,diff-typing,p50_ms,0.2731
1784116960,cbc43d166,debug,diff-resize,frame_p50_ms,2.2513
1784116960,cbc43d166,debug,diff-resize,frame_worst_ms,2.5513
1784117026,cbc43d166,debug,diff-open,open_ms,29.7450
1784117026,cbc43d166,debug,diff-typing,p50_ms,0.2962
1784117026,cbc43d166,debug,diff-resize,frame_p50_ms,2.0553
1784117026,cbc43d166,debug,diff-resize,frame_worst_ms,2.3679
1784117043,cbc43d166,debug,diff-open,open_ms,27.3015
1784117043,cbc43d166,debug,diff-typing,p50_ms,0.3138
1784117043,cbc43d166,debug,diff-resize,frame_p50_ms,2.1622
1784117043,cbc43d166,debug,diff-resize,frame_worst_ms,2.4618
1784117106,cbc43d166,debug,plain-typing,keystroke_p50_ms,0.3005
1784117154,cbc43d166,debug,diff-open,open_ms,46.3575
1784117154,cbc43d166,debug,diff-typing,p50_ms,0.5927
1784117154,cbc43d166,debug,diff-resize,frame_p50_ms,3.2824
1784117154,cbc43d166,debug,diff-resize,frame_worst_ms,4.1906
1784117174,cbc43d166,debug,monster-resize,sync_ms,40.9542
1784117174,cbc43d166,debug,monster-resize,repair_effect_ms,11.9099
1784117304,cbc43d166,debug,search-landing,worst_ms,75.7670
1784117304,cbc43d166,debug,search-scroll,paint_p50_ms,0.4120
1784117304,cbc43d166,debug,search-scroll,paint_p95_ms,0.5903
1784117321,cbc43d166,debug,search-landing,worst_ms,37.6089
1784117330,cbc43d166,debug,diff-open,open_ms,39.1657
1784117331,cbc43d166,debug,diff-typing,p50_ms,0.6093
1784117331,cbc43d166,debug,diff-resize,frame_p50_ms,2.1442
1784117331,cbc43d166,debug,diff-resize,frame_worst_ms,2.5287
1784117461,cbc43d166,debug,styled-typing,p50_ms,2.8222
1784117461,cbc43d166,debug,styled-typing,p95_ms,3.4774
1784117479,cbc43d166,debug,monster-scroll,paint_p50_ms,2.0601
1784117479,cbc43d166,debug,monster-scroll,paint_p95_ms,2.9565
1784117497,cbc43d166,debug,monster-search-scroll,paint_p50_ms,1.5785
1784117497,cbc43d166,debug,monster-search-scroll,paint_max_ms,2.5965
1784117519,cbc43d166,debug,render-scroll,avg_ms,1.3541
1784117519,cbc43d166,debug,render-scroll,p50_ms,1.2608
1784117519,cbc43d166,debug,render-scroll,p95_ms,1.9146
1784117556,cbc43d166,debug,wall,open_ms,106.0940
1784117556,cbc43d166,debug,wall,typing_p50_ms,1.1402
1784117571,cbc43d166,debug,burst-typing,p50_ms,4.0018
1784117571,cbc43d166,debug,burst-typing,p95_ms,8.2772
1784117600,cbc43d166,debug,typing,monster_p50_ms,2.9575
1784117600,cbc43d166,debug,typing,scratch_p50_ms,0.5197
1784118121,cbc43d166,debug,plain-typing,keystroke_p50_ms,0.3001
1784118159,cbc43d166,debug,diff-open,open_ms,30.4433
1784118159,cbc43d166,debug,diff-typing,p50_ms,0.7165
1784118160,cbc43d166,debug,diff-resize,frame_p50_ms,2.6780
1784118160,cbc43d166,debug,diff-resize,frame_worst_ms,3.8191
1784118178,cbc43d166,debug,monster-resize,sync_ms,48.9891
1784118178,cbc43d166,debug,monster-resize,repair_effect_ms,11.7605
1784118279,cbc43d166,debug,search-landing,worst_ms,78.5511
1784118279,cbc43d166,debug,search-scroll,paint_p50_ms,0.3695
1784118279,cbc43d166,debug,search-scroll,paint_p95_ms,0.5628
1784118294,cbc43d166,debug,search-landing,worst_ms,37.5633
1784118304,cbc43d166,debug,diff-open,open_ms,29.2679
1784118304,cbc43d166,debug,diff-typing,p50_ms,0.6080
1784118304,cbc43d166,debug,diff-resize,frame_p50_ms,2.0405
1784118304,cbc43d166,debug,diff-resize,frame_worst_ms,2.4283
1784118423,cbc43d166,debug,styled-typing,p50_ms,2.8807
1784118423,cbc43d166,debug,styled-typing,p95_ms,3.4122
1784118443,cbc43d166,debug,monster-scroll,paint_p50_ms,2.0843
1784118443,cbc43d166,debug,monster-scroll,paint_p95_ms,2.9864
1784118461,cbc43d166,debug,monster-search-scroll,paint_p50_ms,1.5553
1784118461,cbc43d166,debug,monster-search-scroll,paint_max_ms,2.6971
1784118483,cbc43d166,debug,render-scroll,avg_ms,1.3154
1784118483,cbc43d166,debug,render-scroll,p50_ms,1.2586
1784118483,cbc43d166,debug,render-scroll,p95_ms,1.8542
1784118521,cbc43d166,debug,wall,open_ms,108.6795
1784118521,cbc43d166,debug,wall,typing_p50_ms,0.9435
1784118536,cbc43d166,debug,burst-typing,p50_ms,4.3058
1784118536,cbc43d166,debug,burst-typing,p95_ms,9.5587
1784118565,cbc43d166,debug,typing,monster_p50_ms,3.0159
1784118565,cbc43d166,debug,typing,scratch_p50_ms,0.5484
1784133376,9f430712e,debug,list-scroll,build_ms,3.9861
1784133376,9f430712e,debug,list-scroll,frame_p50_ms,0.0285
1784133376,9f430712e,debug,list-scroll,frame_p95_ms,0.0372
1784133424,9f430712e,debug,plain-typing,keystroke_p50_ms,0.3434
1784133524,9f430712e,debug,monster-resize,sync_ms,43.3713
1784133524,9f430712e,debug,monster-resize,repair_effect_ms,11.9690
1784133613,9f430712e,debug,diff-open,open_ms,34.9757
1784133613,9f430712e,debug,diff-typing,p50_ms,0.4608
1784133614,9f430712e,debug,diff-resize,frame_p50_ms,2.5530
1784133614,9f430712e,debug,diff-resize,frame_worst_ms,3.0128
1784133639,9f430712e,debug,search-landing,worst_ms,104.0579
1784133639,9f430712e,debug,search-scroll,paint_p50_ms,0.3853
1784133639,9f430712e,debug,search-scroll,paint_p95_ms,0.6506
1784133681,9f430712e,debug,documents-list,refresh_ms,66.5026
1784133681,9f430712e,debug,documents-list,scroll_p50_ms,0.0101
1784133681,9f430712e,debug,documents-list,paint_p50_ms,0.2642
1784133764,9f430712e,debug,search-landing,worst_ms,37.1715
1784133774,9f430712e,debug,diff-open,open_ms,30.5144
1784133774,9f430712e,debug,diff-typing,p50_ms,0.5652
1784133774,9f430712e,debug,diff-resize,frame_p50_ms,2.1395
1784133774,9f430712e,debug,diff-resize,frame_worst_ms,2.5434
1784133897,9f430712e,debug,styled-typing,p50_ms,2.7649
1784133897,9f430712e,debug,styled-typing,p95_ms,3.3163
1784133916,9f430712e,debug,monster-scroll,paint_p50_ms,2.1005
1784133916,9f430712e,debug,monster-scroll,paint_p95_ms,2.9793
1784133934,9f430712e,debug,monster-search-scroll,paint_p50_ms,1.5559
1784133934,9f430712e,debug,monster-search-scroll,paint_max_ms,2.8153
1784133955,9f430712e,debug,render-scroll,avg_ms,1.2674
1784133955,9f430712e,debug,render-scroll,p50_ms,1.2104
1784133955,9f430712e,debug,render-scroll,p95_ms,1.7591
1784133991,9f430712e,debug,wall,open_ms,105.8709
1784133991,9f430712e,debug,wall,typing_p50_ms,0.8578
1784134006,9f430712e,debug,burst-typing,p50_ms,4.0563
1784134006,9f430712e,debug,burst-typing,p95_ms,9.2751
1784134033,9f430712e,debug,typing,monster_p50_ms,2.9001
1784134033,9f430712e,debug,typing,scratch_p50_ms,0.5079
1784140207,7b00f2881,debug,plain-typing,keystroke_p50_ms,0.2872
1784140249,7b00f2881,debug,documents-list,refresh_ms,57.9012
1784140249,7b00f2881,debug,documents-list,scroll_p50_ms,0.0109
1784140249,7b00f2881,debug,documents-list,paint_p50_ms,0.2665
1784140265,7b00f2881,debug,monster-resize,sync_ms,47.6875
1784140265,7b00f2881,debug,monster-resize,repair_effect_ms,60.3021
1784140272,7b00f2881,debug,list-scroll,build_ms,3.8722
1784140272,7b00f2881,debug,list-scroll,frame_p50_ms,0.0284
1784140272,7b00f2881,debug,list-scroll,frame_p95_ms,0.0311
1784140392,7b00f2881,debug,search-landing,worst_ms,42.2186
1784140392,7b00f2881,debug,search-scroll,paint_p50_ms,0.4104
1784140392,7b00f2881,debug,search-scroll,paint_p95_ms,0.6467
1784140488,7b00f2881,debug,diff-open,open_ms,63.6134
1784140488,7b00f2881,debug,diff-typing,p50_ms,0.3008
1784140488,7b00f2881,debug,diff-resize,frame_p50_ms,2.6495
1784140488,7b00f2881,debug,diff-resize,frame_worst_ms,3.1571
1784140560,7b00f2881,debug,render-scroll,avg_ms,1.3235
1784140560,7b00f2881,debug,render-scroll,p50_ms,1.2677
1784140560,7b00f2881,debug,render-scroll,p95_ms,1.8540
1784140577,7b00f2881,debug,monster-search-scroll,paint_p50_ms,0.0000
1784140577,7b00f2881,debug,monster-search-scroll,paint_max_ms,0.0000
1784140595,7b00f2881,debug,monster-scroll,paint_p50_ms,1.9048
1784140595,7b00f2881,debug,monster-scroll,paint_p95_ms,2.6760
1784140622,7b00f2881,debug,styled-typing,p50_ms,2.5050
1784140622,7b00f2881,debug,styled-typing,p95_ms,2.9249
1784140638,7b00f2881,debug,wall,open_ms,104.8218
1784140638,7b00f2881,debug,wall,typing_p50_ms,0.8165
1784140651,7b00f2881,debug,burst-typing,p50_ms,4.1552
1784140651,7b00f2881,debug,burst-typing,p95_ms,8.7115
1784140676,7b00f2881,debug,typing,monster_p50_ms,2.5880
1784140676,7b00f2881,debug,typing,scratch_p50_ms,0.5627
1784148099,1cb68c900,debug,plain-typing,keystroke_p50_ms,0.2964
1784148130,1cb68c900,debug,list-scroll,build_ms,8.3502
1784148130,1cb68c900,debug,list-scroll,frame_p50_ms,0.0312
1784148130,1cb68c900,debug,list-scroll,frame_p95_ms,0.0470
1784148215,1cb68c900,debug,documents-list,refresh_ms,66.9778
1784148215,1cb68c900,debug,documents-list,scroll_p50_ms,0.0105
1784148215,1cb68c900,debug,documents-list,paint_p50_ms,0.2586
1784148225,1cb68c900,debug,diff-open,open_ms,89.9352
1784148225,1cb68c900,debug,diff-typing,p50_ms,0.3156
1784148225,1cb68c900,debug,diff-resize,frame_p50_ms,2.5225
1784148225,1cb68c900,debug,diff-resize,frame_worst_ms,2.7931
1784148240,1cb68c900,debug,monster-resize,sync_ms,39.1512
1784148240,1cb68c900,debug,monster-resize,repair_effect_ms,58.1495
1784148381,1cb68c900,debug,search-landing,worst_ms,49.4589
1784148382,1cb68c900,debug,search-scroll,paint_p50_ms,0.3621
1784148382,1cb68c900,debug,search-scroll,paint_p95_ms,0.5324
1784148427,1cb68c900,debug,monster-search-scroll,paint_p50_ms,0.0000
1784148427,1cb68c900,debug,monster-search-scroll,paint_max_ms,0.0000
1784148448,1cb68c900,debug,render-scroll,avg_ms,1.2500
1784148448,1cb68c900,debug,render-scroll,p50_ms,1.1868
1784148448,1cb68c900,debug,render-scroll,p95_ms,1.7360
1784148466,1cb68c900,debug,monster-scroll,paint_p50_ms,1.9247
1784148466,1cb68c900,debug,monster-scroll,paint_p95_ms,2.7199
1784148493,1cb68c900,debug,styled-typing,p50_ms,2.6471
1784148493,1cb68c900,debug,styled-typing,p95_ms,3.1092
1784148509,1cb68c900,debug,wall,open_ms,105.3613
1784148509,1cb68c900,debug,wall,typing_p50_ms,0.8393
1784148524,1cb68c900,debug,burst-typing,p50_ms,4.4843
1784148524,1cb68c900,debug,burst-typing,p95_ms,9.4858
1784148550,1cb68c900,debug,typing,monster_p50_ms,2.7447
1784148550,1cb68c900,debug,typing,scratch_p50_ms,0.5166
1784199324,a35bb14e1,debug,code-typing,p50_ms,0.6292
1784199324,a35bb14e1,debug,code-typing,p95_ms,0.6862
1784199502,a35bb14e1,debug,plain-typing,keystroke_p50_ms,0.2979
1784199510,a35bb14e1,debug,documents-list,refresh_ms,154.1018
1784199510,a35bb14e1,debug,documents-list,scroll_p50_ms,0.0105
1784199510,a35bb14e1,debug,documents-list,paint_p50_ms,0.2712
1784199521,a35bb14e1,debug,diff-open,open_ms,458.1689
1784199521,a35bb14e1,debug,diff-typing,p50_ms,0.6393
1784199521,a35bb14e1,debug,diff-resize,frame_p50_ms,3.7884
1784199521,a35bb14e1,debug,diff-resize,frame_worst_ms,5.1018
1784199538,a35bb14e1,debug,monster-resize,sync_ms,56.0938
1784199538,a35bb14e1,debug,monster-resize,repair_effect_ms,98.5930
1784199561,a35bb14e1,debug,list-scroll,build_ms,3.9433
1784199561,a35bb14e1,debug,list-scroll,frame_p50_ms,0.0284
1784199561,a35bb14e1,debug,list-scroll,frame_p95_ms,0.0310
1784199619,a35bb14e1,debug,code-typing,p50_ms,0.5914
1784199619,a35bb14e1,debug,code-typing,p95_ms,0.6659
1784199647,a35bb14e1,debug,search-landing,worst_ms,42.4044
1784199647,a35bb14e1,debug,search-scroll,paint_p50_ms,0.3708
1784199647,a35bb14e1,debug,search-scroll,paint_p95_ms,0.5783
1784199728,a35bb14e1,debug,monster-scroll,paint_p50_ms,2.9466
1784199728,a35bb14e1,debug,monster-scroll,paint_p95_ms,4.7183
1784199741,a35bb14e1,debug,render-scroll,avg_ms,1.3176
1784199741,a35bb14e1,debug,render-scroll,p50_ms,1.2692
1784199741,a35bb14e1,debug,render-scroll,p95_ms,1.8412
1784199755,a35bb14e1,debug,monster-search-scroll,paint_p50_ms,0.0000
1784199755,a35bb14e1,debug,monster-search-scroll,paint_max_ms,0.0000
1784199787,a35bb14e1,debug,styled-typing,p50_ms,3.6260
1784199787,a35bb14e1,debug,styled-typing,p95_ms,11.2851
1784200103,a35bb14e1,debug,wall,open_ms,103.5485
1784200103,a35bb14e1,debug,wall,typing_p50_ms,0.8227
1784200114,a35bb14e1,debug,burst-typing,p50_ms,4.1837
1784200114,a35bb14e1,debug,burst-typing,p95_ms,16.9037
1784201195,a35bb14e1,debug,typing,monster_p50_ms,2.6210
1784201195,a35bb14e1,debug,typing,scratch_p50_ms,0.5942
1784201559,a35bb14e1,debug,plain-typing,keystroke_p50_ms,0.2956
1784201602,a35bb14e1,debug,monster-resize,sync_ms,59.4378
1784201602,a35bb14e1,debug,monster-resize,repair_effect_ms,98.0691
1784203253,91edc24fb,debug,plain-typing,keystroke_p50_ms,0.2877
1784203309,91edc24fb,debug,plain-typing,keystroke_p50_ms,0.2914
1784203382,91edc24fb,debug,plain-typing,keystroke_p50_ms,0.3073
1784203473,91edc24fb,debug,monster-resize,sync_ms,59.6313
1784203473,91edc24fb,debug,monster-resize,repair_effect_ms,96.7180
1784203554,91edc24fb,debug,code-typing,p50_ms,0.6037
1784203554,91edc24fb,debug,code-typing,p95_ms,0.7693
1784203601,91edc24fb,debug,documents-list,refresh_ms,67.4962
1784203601,91edc24fb,debug,documents-list,scroll_p50_ms,0.0106
1784203601,91edc24fb,debug,documents-list,paint_p50_ms,0.2679
1784203610,91edc24fb,debug,diff-open,open_ms,81.1821
1784203610,91edc24fb,debug,diff-typing,p50_ms,0.6345
1784203611,91edc24fb,debug,diff-resize,frame_p50_ms,3.9757
1784203611,91edc24fb,debug,diff-resize,frame_worst_ms,4.3321
1784203623,91edc24fb,debug,list-scroll,build_ms,9.1878
1784203623,91edc24fb,debug,list-scroll,frame_p50_ms,0.0341
1784203623,91edc24fb,debug,list-scroll,frame_p95_ms,0.0575
1784203652,91edc24fb,debug,search-landing,worst_ms,51.6849
1784203652,91edc24fb,debug,search-scroll,paint_p50_ms,0.3538
1784203652,91edc24fb,debug,search-scroll,paint_p95_ms,0.4964
1784203711,91edc24fb,debug,monster-search-scroll,paint_p50_ms,0.0000
1784203711,91edc24fb,debug,monster-search-scroll,paint_max_ms,0.0000
1784203724,91edc24fb,debug,render-scroll,avg_ms,1.2361
1784203724,91edc24fb,debug,render-scroll,p50_ms,1.1834
1784203724,91edc24fb,debug,render-scroll,p95_ms,1.7435
1784203748,91edc24fb,debug,styled-typing,p50_ms,2.5830
1784203748,91edc24fb,debug,styled-typing,p95_ms,3.1009
1784203760,91edc24fb,debug,monster-scroll,paint_p50_ms,2.4621
1784203760,91edc24fb,debug,monster-scroll,paint_p95_ms,3.5397
1784203778,91edc24fb,debug,wall,open_ms,105.7765
1784203778,91edc24fb,debug,wall,typing_p50_ms,0.8189
1784203790,91edc24fb,debug,burst-typing,p50_ms,4.0467
1784203790,91edc24fb,debug,burst-typing,p95_ms,15.7081
1784203815,91edc24fb,debug,typing,monster_p50_ms,2.1719
1784203815,91edc24fb,debug,typing,scratch_p50_ms,0.4355
1784204275,91edc24fb,debug,plain-typing,keystroke_p50_ms,0.2961
1784204312,91edc24fb,debug,diff-open,open_ms,80.9898
1784204312,91edc24fb,debug,diff-typing,p50_ms,0.2621
1784204312,91edc24fb,debug,diff-resize,frame_p50_ms,3.7949
1784204312,91edc24fb,debug,diff-resize,frame_worst_ms,4.4540
1784204338,91edc24fb,debug,monster-resize,sync_ms,53.4290
1784204338,91edc24fb,debug,monster-resize,repair_effect_ms,95.7403
1784204431,91edc24fb,debug,code-typing,p50_ms,0.6112
1784204431,91edc24fb,debug,code-typing,p95_ms,0.6936
1784204455,91edc24fb,debug,search-landing,worst_ms,60.0592
1784204455,91edc24fb,debug,search-scroll,paint_p50_ms,0.3910
1784204455,91edc24fb,debug,search-scroll,paint_p95_ms,0.6030
1784204513,91edc24fb,debug,styled-typing,p50_ms,2.9596
1784204513,91edc24fb,debug,styled-typing,p95_ms,3.5862
1784204525,91edc24fb,debug,monster-scroll,paint_p50_ms,2.5271
1784204525,91edc24fb,debug,monster-scroll,paint_p95_ms,3.6824
1784204539,91edc24fb,debug,monster-search-scroll,paint_p50_ms,0.0000
1784204539,91edc24fb,debug,monster-search-scroll,paint_max_ms,0.0000
1784204552,91edc24fb,debug,render-scroll,avg_ms,1.4025
1784204552,91edc24fb,debug,render-scroll,p50_ms,1.3536
1784204552,91edc24fb,debug,render-scroll,p95_ms,1.9644
1784204571,91edc24fb,debug,wall,open_ms,108.0338
1784204571,91edc24fb,debug,wall,typing_p50_ms,0.9325
1784204584,91edc24fb,debug,burst-typing,p50_ms,4.1225
1784204584,91edc24fb,debug,burst-typing,p95_ms,17.6275
1784204609,91edc24fb,debug,typing,monster_p50_ms,2.7968
1784204609,91edc24fb,debug,typing,scratch_p50_ms,0.5837
1784206581,95588110a,debug,documents-list,refresh_ms,61.5913
1784206581,95588110a,debug,documents-list,scroll_p50_ms,0.0111
1784206581,95588110a,debug,documents-list,paint_p50_ms,0.2787
1784206608,95588110a,debug,plain-typing,keystroke_p50_ms,0.3035
1784206647,95588110a,debug,diff-open,open_ms,93.3135
1784206647,95588110a,debug,diff-typing,p50_ms,0.2786
1784206647,95588110a,debug,diff-resize,frame_p50_ms,4.1011
1784206647,95588110a,debug,diff-resize,frame_worst_ms,4.7037
1784206683,95588110a,debug,monster-resize,sync_ms,58.9998
1784206684,95588110a,debug,monster-resize,repair_effect_ms,94.3796
1784206761,95588110a,debug,code-typing,p50_ms,0.6050
1784206761,95588110a,debug,code-typing,p95_ms,0.6827
1784206763,95588110a,debug,list-scroll,build_ms,8.6453
1784206763,95588110a,debug,list-scroll,frame_p50_ms,0.0342
1784206763,95588110a,debug,list-scroll,frame_p95_ms,0.0598
1784206793,95588110a,debug,search-landing,worst_ms,40.4603
1784206793,95588110a,debug,search-scroll,paint_p50_ms,0.3780
1784206793,95588110a,debug,search-scroll,paint_p95_ms,0.5793
1784206868,95588110a,debug,monster-scroll,paint_p50_ms,3.0870
1784206868,95588110a,debug,monster-scroll,paint_p95_ms,5.4061
1784206881,95588110a,debug,render-scroll,avg_ms,1.3319
1784206881,95588110a,debug,render-scroll,p50_ms,1.2978
1784206881,95588110a,debug,render-scroll,p95_ms,1.8441
1784206895,95588110a,debug,monster-search-scroll,paint_p50_ms,0.0000
1784206895,95588110a,debug,monster-search-scroll,paint_max_ms,0.0000
1784206919,95588110a,debug,styled-typing,p50_ms,2.9585
1784206919,95588110a,debug,styled-typing,p95_ms,3.5295
1784206939,95588110a,debug,wall,open_ms,106.5213
1784206939,95588110a,debug,wall,typing_p50_ms,0.9207
1784206952,95588110a,debug,burst-typing,p50_ms,4.2428
1784206952,95588110a,debug,burst-typing,p95_ms,17.6856
1784206977,95588110a,debug,typing,monster_p50_ms,2.7535
1784206977,95588110a,debug,typing,scratch_p50_ms,0.6325
1784208490,fd4a188c8,debug,tree-ops,toggle_ms,75.2039
1784208490,fd4a188c8,debug,tree-ops,build_ms,354.3767
1784208600,fd4a188c8,debug,tree-ops,toggle_ms,0.0798
1784208600,fd4a188c8,debug,tree-ops,build_ms,347.9187
1784208936,fd4a188c8,debug,tree-ops,toggle_ms,0.0788
1784208936,fd4a188c8,debug,tree-ops,build_ms,356.3603
1784209893,fd4a188c8,debug,tree-demo,toggle_ms,0.3572
1784210008,fd4a188c8,debug,monster-scroll,paint_p50_ms,2.9566
1784210008,fd4a188c8,debug,monster-scroll,paint_p95_ms,4.5947
1784210009,fd4a188c8,debug,tree-demo,toggle_ms,0.5889
1784210022,fd4a188c8,debug,monster-search-scroll,paint_p50_ms,0.0000
1784210022,fd4a188c8,debug,monster-search-scroll,paint_max_ms,0.0000
1784210035,fd4a188c8,debug,render-scroll,avg_ms,1.3543
1784210035,fd4a188c8,debug,render-scroll,p50_ms,1.2960
1784210035,fd4a188c8,debug,render-scroll,p95_ms,1.8795
1784210059,fd4a188c8,debug,styled-typing,p50_ms,2.9118
1784210059,fd4a188c8,debug,styled-typing,p95_ms,3.5967
1784210078,fd4a188c8,debug,wall,open_ms,106.6638
1784210078,fd4a188c8,debug,wall,typing_p50_ms,0.8737
1784210091,fd4a188c8,debug,burst-typing,p50_ms,4.1529
1784210091,fd4a188c8,debug,burst-typing,p95_ms,17.1025
1784210116,fd4a188c8,debug,typing,monster_p50_ms,2.6237
1784210116,fd4a188c8,debug,typing,scratch_p50_ms,0.5369
1784210144,fd4a188c8,debug,list-scroll,build_ms,9.1710
1784210144,fd4a188c8,debug,list-scroll,frame_p50_ms,0.0356
1784210144,fd4a188c8,debug,list-scroll,frame_p95_ms,0.0489
1784210144,fd4a188c8,debug,tree-ops,toggle_ms,0.0748
1784210144,fd4a188c8,debug,tree-ops,build_ms,361.6532
1784210217,fd4a188c8,debug,documents-list,refresh_ms,55.5902
1784210217,fd4a188c8,debug,documents-list,scroll_p50_ms,0.0100
1784210217,fd4a188c8,debug,documents-list,paint_p50_ms,0.2551
1784210228,fd4a188c8,debug,plain-typing,keystroke_p50_ms,0.2839
1784210266,fd4a188c8,debug,diff-open,open_ms,69.2044
1784210266,fd4a188c8,debug,diff-typing,p50_ms,0.2536
1784210266,fd4a188c8,debug,diff-resize,frame_p50_ms,3.9226
1784210266,fd4a188c8,debug,diff-resize,frame_worst_ms,4.3156
1784210281,fd4a188c8,debug,monster-resize,sync_ms,54.0275
1784210281,fd4a188c8,debug,monster-resize,repair_effect_ms,94.0531
1784210357,ed6b3eb6b,debug,code-typing,p50_ms,0.5986
1784210357,ed6b3eb6b,debug,code-typing,p95_ms,0.6754
1784210385,ed6b3eb6b,debug,search-landing,worst_ms,69.9536
1784210385,ed6b3eb6b,debug,search-scroll,paint_p50_ms,0.3480
1784210385,ed6b3eb6b,debug,search-scroll,paint_p95_ms,0.5175
1784210961,ed6b3eb6b,debug,list-scroll,build_ms,6.5780
1784210961,ed6b3eb6b,debug,list-scroll,frame_p50_ms,0.0300
1784210961,ed6b3eb6b,debug,list-scroll,frame_p95_ms,0.0402
1784210962,ed6b3eb6b,debug,tree-ops,toggle_ms,0.0735
1784210962,ed6b3eb6b,debug,tree-ops,build_ms,346.2419
1784211005,ed6b3eb6b,debug,tree-demo,toggle_ms,0.6321
1784211120,ed6b3eb6b,debug,monster-scroll,paint_p50_ms,3.6081
1784211120,ed6b3eb6b,debug,monster-scroll,paint_p95_ms,6.2269
1784211121,ed6b3eb6b,debug,tree-demo,toggle_ms,0.3477
1784211135,ed6b3eb6b,debug,monster-search-scroll,paint_p50_ms,0.0000
1784211135,ed6b3eb6b,debug,monster-search-scroll,paint_max_ms,0.0000
1784211159,ed6b3eb6b,debug,styled-typing,p50_ms,2.9022
1784211159,ed6b3eb6b,debug,styled-typing,p95_ms,3.5675
1784211172,ed6b3eb6b,debug,render-scroll,avg_ms,1.3171
1784211172,ed6b3eb6b,debug,render-scroll,p50_ms,1.2785
1784211172,ed6b3eb6b,debug,render-scroll,p95_ms,1.8111
1784211191,ed6b3eb6b,debug,wall,open_ms,106.3197
1784211191,ed6b3eb6b,debug,wall,typing_p50_ms,0.8410
1784211203,ed6b3eb6b,debug,burst-typing,p50_ms,4.1805
1784211203,ed6b3eb6b,debug,burst-typing,p95_ms,17.2707
1784211228,ed6b3eb6b,debug,typing,monster_p50_ms,2.5905
1784211228,ed6b3eb6b,debug,typing,scratch_p50_ms,0.5118
1784211241,ed6b3eb6b,debug,documents-list,refresh_ms,58.3229
1784211241,ed6b3eb6b,debug,documents-list,scroll_p50_ms,0.0103
1784211241,ed6b3eb6b,debug,documents-list,paint_p50_ms,0.2633
1784211264,ed6b3eb6b,debug,list-scroll,build_ms,4.0024
1784211264,ed6b3eb6b,debug,list-scroll,frame_p50_ms,0.0292
1784211264,ed6b3eb6b,debug,list-scroll,frame_p95_ms,0.0382
1784211265,ed6b3eb6b,debug,tree-ops,toggle_ms,0.0767
1784211265,ed6b3eb6b,debug,tree-ops,build_ms,345.4768
1784211274,ed6b3eb6b,debug,search-landing,worst_ms,57.1405
1784211274,ed6b3eb6b,debug,search-scroll,paint_p50_ms,0.3920
1784211274,ed6b3eb6b,debug,search-scroll,paint_p95_ms,0.5843
1784211354,ed6b3eb6b,debug,plain-typing,keystroke_p50_ms,0.3357
1784211394,ed6b3eb6b,debug,diff-open,open_ms,83.6060
1784211394,ed6b3eb6b,debug,diff-typing,p50_ms,0.3773
1784211394,ed6b3eb6b,debug,diff-resize,frame_p50_ms,4.1500
1784211394,ed6b3eb6b,debug,diff-resize,frame_worst_ms,5.0382
1784211410,ed6b3eb6b,debug,monster-resize,sync_ms,51.7148
1784211410,ed6b3eb6b,debug,monster-resize,repair_effect_ms,94.1318
1784211671,ed6b3eb6b,debug,list-scroll,build_ms,3.8921
1784211671,ed6b3eb6b,debug,list-scroll,frame_p50_ms,0.0292
1784211671,ed6b3eb6b,debug,list-scroll,frame_p95_ms,0.0325
1784211671,ed6b3eb6b,debug,tree-ops,toggle_ms,0.0735
1784211671,ed6b3eb6b,debug,tree-ops,build_ms,347.2748
1784212082,ed6b3eb6b,debug,tree-demo,toggle_ms,0.6434
1784212142,ed6b3eb6b,debug,tree-demo,toggle_ms,0.4052
1784212152,ed6b3eb6b,debug,tree-ops,toggle_ms,0.0790
1784212152,ed6b3eb6b,debug,tree-ops,build_ms,363.4604
1784212284,ed6b3eb6b,debug,tree-demo,toggle_ms,0.5726
1784212294,ed6b3eb6b,debug,styled-typing,p50_ms,2.9951
1784212294,ed6b3eb6b,debug,styled-typing,p95_ms,3.9951
1784212307,ed6b3eb6b,debug,monster-scroll,paint_p50_ms,2.6155
1784212307,ed6b3eb6b,debug,monster-scroll,paint_p95_ms,3.9120
1784212320,ed6b3eb6b,debug,render-scroll,avg_ms,1.3276
1784212320,ed6b3eb6b,debug,render-scroll,p50_ms,1.2651
1784212320,ed6b3eb6b,debug,render-scroll,p95_ms,1.8300
1784212333,ed6b3eb6b,debug,monster-search-scroll,paint_p50_ms,0.0000
1784212333,ed6b3eb6b,debug,monster-search-scroll,paint_max_ms,0.0000
1784212350,ed6b3eb6b,debug,wall,open_ms,107.8622
1784212350,ed6b3eb6b,debug,wall,typing_p50_ms,0.9294
1784212362,ed6b3eb6b,debug,burst-typing,p50_ms,4.3745
1784212362,ed6b3eb6b,debug,burst-typing,p95_ms,16.4635
1784212387,ed6b3eb6b,debug,typing,monster_p50_ms,2.7913
1784212387,ed6b3eb6b,debug,typing,scratch_p50_ms,0.6092
1784212400,ed6b3eb6b,debug,documents-list,refresh_ms,69.3984
1784212400,ed6b3eb6b,debug,documents-list,scroll_p50_ms,0.0103
1784212400,ed6b3eb6b,debug,documents-list,paint_p50_ms,0.2598
1784212426,ed6b3eb6b,debug,list-scroll,build_ms,8.8995
1784212426,ed6b3eb6b,debug,list-scroll,frame_p50_ms,0.0321
1784212426,ed6b3eb6b,debug,list-scroll,frame_p95_ms,0.0514
1784212426,ed6b3eb6b,debug,tree-ops,toggle_ms,0.0738
1784212426,ed6b3eb6b,debug,tree-ops,build_ms,359.0867
1784212447,ed6b3eb6b,debug,search-landing,worst_ms,42.2248
1784212447,ed6b3eb6b,debug,search-scroll,paint_p50_ms,0.3936
1784212447,ed6b3eb6b,debug,search-scroll,paint_p95_ms,0.5912
1784290386,ebf3c0486,debug,plain-typing,keystroke_p50_ms,0.3780
1784290470,ebf3c0486,debug,monster-resize,sync_ms,56.3364
1784290470,ebf3c0486,debug,monster-resize,repair_effect_ms,100.3900
1784290654,ebf3c0486,debug,code-typing,p50_ms,0.6256
1784290654,ebf3c0486,debug,code-typing,p95_ms,0.7335
1784290658,ebf3c0486,debug,list-scroll,build_ms,4.6754
1784290658,ebf3c0486,debug,list-scroll,frame_p50_ms,0.0315
1784290658,ebf3c0486,debug,list-scroll,frame_p95_ms,0.0467
1784290658,ebf3c0486,debug,tree-ops,toggle_ms,0.0748
1784290658,ebf3c0486,debug,tree-ops,build_ms,343.8070
1784290888,ebf3c0486,debug,monster-search-scroll,paint_p50_ms,0.0000
1784290888,ebf3c0486,debug,monster-search-scroll,paint_max_ms,0.0000
1784290890,ebf3c0486,debug,tree-demo,toggle_ms,0.3656
1784290914,ebf3c0486,debug,render-scroll,avg_ms,2.8230
1784290914,ebf3c0486,debug,render-scroll,p50_ms,1.2400
1784290914,ebf3c0486,debug,render-scroll,p95_ms,12.4928
1784290939,ebf3c0486,debug,monster-scroll,paint_p50_ms,2.9876
1784290939,ebf3c0486,debug,monster-scroll,paint_p95_ms,31.3756
1784290973,ebf3c0486,debug,styled-typing,p50_ms,5.9710
1784290973,ebf3c0486,debug,styled-typing,p95_ms,18.5489
1784291026,ebf3c0486,debug,wall,open_ms,106.9576
1784291026,ebf3c0486,debug,wall,typing_p50_ms,0.9119
1784291038,ebf3c0486,debug,burst-typing,p50_ms,4.2999
1784291038,ebf3c0486,debug,burst-typing,p95_ms,15.5041
1784291062,ebf3c0486,debug,typing,monster_p50_ms,2.4518
1784291062,ebf3c0486,debug,typing,scratch_p50_ms,0.5755
1784291109,ebf3c0486,debug,render-scroll,avg_ms,1.2461
1784291109,ebf3c0486,debug,render-scroll,p50_ms,1.1966
1784291109,ebf3c0486,debug,render-scroll,p95_ms,1.7761
1784291111,ebf3c0486,debug,tree-demo,toggle_ms,0.6382
1784291119,ebf3c0486,debug,monster-scroll,paint_p50_ms,2.6273
1784291119,ebf3c0486,debug,monster-scroll,paint_p95_ms,3.7870
1784291132,ebf3c0486,debug,monster-search-scroll,paint_p50_ms,0.0000
1784291132,ebf3c0486,debug,monster-search-scroll,paint_max_ms,0.0000
1784291154,ebf3c0486,debug,styled-typing,p50_ms,2.6075
1784291154,ebf3c0486,debug,styled-typing,p95_ms,3.0556
1784291202,ebf3c0486,debug,wall,open_ms,105.7950
1784291202,ebf3c0486,debug,wall,typing_p50_ms,0.8270
1784291214,ebf3c0486,debug,burst-typing,p50_ms,4.2046
1784291214,ebf3c0486,debug,burst-typing,p95_ms,16.9400
1784291238,ebf3c0486,debug,typing,monster_p50_ms,2.4074
1784291238,ebf3c0486,debug,typing,scratch_p50_ms,0.5587
1784294022,ebf3c0486,debug,plain-typing,keystroke_p50_ms,0.2978
1784294142,ebf3c0486,debug,monster-resize,sync_ms,30.2500
1784294142,ebf3c0486,debug,monster-resize,repair_effect_ms,61.6909
1784294228,ebf3c0486,debug,code-typing,p50_ms,0.6424
1784294228,ebf3c0486,debug,code-typing,p95_ms,0.8470
1784294232,ebf3c0486,debug,list-scroll,build_ms,8.4064
1784294232,ebf3c0486,debug,list-scroll,frame_p50_ms,0.0323
1784294232,ebf3c0486,debug,list-scroll,frame_p95_ms,0.0502
1784294232,ebf3c0486,debug,tree-ops,toggle_ms,0.0757
1784294232,ebf3c0486,debug,tree-ops,build_ms,364.3591
1784294611,ebf3c0486,debug,tree-demo,toggle_ms,0.3825
1784294631,ebf3c0486,debug,styled-typing,p50_ms,2.9247
1784294631,ebf3c0486,debug,styled-typing,p95_ms,4.0200
1784294664,ebf3c0486,debug,monster-search-scroll,paint_p50_ms,0.0000
1784294664,ebf3c0486,debug,monster-search-scroll,paint_max_ms,0.0000
1784294700,ebf3c0486,debug,monster-scroll,paint_p50_ms,2.5480
1784294700,ebf3c0486,debug,monster-scroll,paint_p95_ms,3.4338
1784294739,ebf3c0486,debug,render-scroll,avg_ms,1.2025
1784294739,ebf3c0486,debug,render-scroll,p50_ms,1.1231
1784294739,ebf3c0486,debug,render-scroll,p95_ms,1.7674
1784294757,ebf3c0486,debug,wall,open_ms,107.5787
1784294757,ebf3c0486,debug,wall,typing_p50_ms,0.8433
1784294787,ebf3c0486,debug,burst-typing,p50_ms,4.4015
1784294787,ebf3c0486,debug,burst-typing,p95_ms,15.9310
1784294830,ebf3c0486,debug,typing,monster_p50_ms,2.6420
1784294830,ebf3c0486,debug,typing,scratch_p50_ms,0.6427
1784294844,ebf3c0486,debug,documents-list,refresh_ms,69.5995
1784294844,ebf3c0486,debug,documents-list,scroll_p50_ms,0.0103
1784294844,ebf3c0486,debug,documents-list,paint_p50_ms,0.2527
1784294855,ebf3c0486,debug,diff-open,open_ms,62.4317
1784294855,ebf3c0486,debug,diff-typing,p50_ms,0.4934
1784294855,ebf3c0486,debug,diff-resize,frame_p50_ms,4.7037
1784294855,ebf3c0486,debug,diff-resize,frame_worst_ms,5.0492
1784294902,ebf3c0486,debug,search-landing,worst_ms,66.8100
1784294902,ebf3c0486,debug,search-scroll,paint_p50_ms,0.3075
1784294902,ebf3c0486,debug,search-scroll,paint_p95_ms,0.4868
1784300844,ebf3c0486,debug,plain-typing,keystroke_p50_ms,0.2973
1784300904,ebf3c0486,debug,monster-resize,sync_ms,25.9095
1784300904,ebf3c0486,debug,monster-resize,repair_effect_ms,62.7908
1784300994,f3744846f,debug,list-scroll,build_ms,9.3666
1784300994,f3744846f,debug,list-scroll,frame_p50_ms,0.0333
1784300994,f3744846f,debug,list-scroll,frame_p95_ms,0.0544
1784300994,f3744846f,debug,tree-ops,toggle_ms,0.0769
1784300994,f3744846f,debug,tree-ops,build_ms,361.4128
1784301240,f3744846f,debug,tree-demo,toggle_ms,0.5253
1784301259,f3744846f,debug,styled-typing,p50_ms,3.0574
1784301259,f3744846f,debug,styled-typing,p95_ms,3.8079
1784301295,f3744846f,debug,monster-scroll,paint_p50_ms,2.5755
1784301295,f3744846f,debug,monster-scroll,paint_p95_ms,3.3782
1784301338,f3744846f,debug,render-scroll,avg_ms,1.2127
1784301338,f3744846f,debug,render-scroll,p50_ms,1.1835
1784301338,f3744846f,debug,render-scroll,p95_ms,1.7133
1784301368,f3744846f,debug,monster-search-scroll,paint_p50_ms,0.0000
1784301368,f3744846f,debug,monster-search-scroll,paint_max_ms,0.0000
1784301387,f3744846f,debug,wall,open_ms,103.4387
1784301387,f3744846f,debug,wall,typing_p50_ms,0.8398
1784301415,f3744846f,debug,burst-typing,p50_ms,4.0923
1784301415,f3744846f,debug,burst-typing,p95_ms,16.3784
1784301450,f3744846f,debug,typing,monster_p50_ms,2.2468
1784301450,f3744846f,debug,typing,scratch_p50_ms,0.5331
1784301464,f3744846f,debug,documents-list,refresh_ms,66.8428
1784301464,f3744846f,debug,documents-list,scroll_p50_ms,0.0099
1784301464,f3744846f,debug,documents-list,paint_p50_ms,0.2517
1784301474,f3744846f,debug,diff-open,open_ms,59.4959
1784301474,f3744846f,debug,diff-typing,p50_ms,0.3194
1784301474,f3744846f,debug,diff-resize,frame_p50_ms,3.9995
1784301474,f3744846f,debug,diff-resize,frame_worst_ms,4.6646
1784301496,f3744846f,debug,code-typing,p50_ms,0.5967
1784301496,f3744846f,debug,code-typing,p95_ms,0.6489
1784301527,f3744846f,debug,search-landing,worst_ms,38.2342
1784301527,f3744846f,debug,search-scroll,paint_p50_ms,0.3592
1784301527,f3744846f,debug,search-scroll,paint_p95_ms,0.5447
1784301877,f3744846f,debug,tree-demo,toggle_ms,0.5332
1784301887,f3744846f,debug,monster-search-scroll,paint_p50_ms,0.0000
1784301887,f3744846f,debug,monster-search-scroll,paint_max_ms,0.0000
1784301924,f3744846f,debug,monster-scroll,paint_p50_ms,2.6039
1784301924,f3744846f,debug,monster-scroll,paint_p95_ms,3.3854
1784301962,f3744846f,debug,render-scroll,avg_ms,1.2482
1784301962,f3744846f,debug,render-scroll,p50_ms,1.2234
1784301962,f3744846f,debug,render-scroll,p95_ms,1.7508
1784302005,f3744846f,debug,styled-typing,p50_ms,2.7119
1784302005,f3744846f,debug,styled-typing,p95_ms,3.0855
1784302024,f3744846f,debug,wall,open_ms,107.1065
1784302024,f3744846f,debug,wall,typing_p50_ms,0.8530
1784302047,f3744846f,debug,burst-typing,p50_ms,4.2165
1784302047,f3744846f,debug,burst-typing,p95_ms,16.0743
1784302090,f3744846f,debug,typing,monster_p50_ms,2.3536
1784302090,f3744846f,debug,typing,scratch_p50_ms,0.4474
1784303160,f3744846f,debug,plain-typing,keystroke_p50_ms,0.3055
1784303230,f3744846f,debug,monster-resize,sync_ms,29.0949
1784303230,f3744846f,debug,monster-resize,repair_effect_ms,60.9606
1784304251,f3744846f,release,plain-typing,keystroke_p50_ms,0.0667
1784304380,f3744846f,release,monster-resize,sync_ms,62.9686
1784304380,f3744846f,release,monster-resize,repair_effect_ms,89.8659
1784304456,f3744846f,release,code-typing,p50_ms,0.0959
1784304456,f3744846f,release,code-typing,p95_ms,0.2096
1784304516,f3744846f,release,tree-demo,toggle_ms,0.2231
1784304538,f3744846f,release,styled-typing,p50_ms,2.9474
1784304538,f3744846f,release,styled-typing,p95_ms,6.9496
1784304551,f3744846f,release,monster-scroll,paint_p50_ms,1.4761
1784304551,f3744846f,release,monster-scroll,paint_p95_ms,2.1682
1784304561,f3744846f,release,monster-search-scroll,paint_p50_ms,0.0000
1784304561,f3744846f,release,monster-search-scroll,paint_max_ms,0.0000
1784304575,f3744846f,release,render-scroll,avg_ms,0.7582
1784304575,f3744846f,release,render-scroll,p50_ms,0.7318
1784304575,f3744846f,release,render-scroll,p95_ms,0.9917
1784304580,f3744846f,release,wall,open_ms,40.7906
1784304580,f3744846f,release,wall,typing_p50_ms,0.6265
1784304588,f3744846f,release,burst-typing,p50_ms,1.5953
1784304588,f3744846f,release,burst-typing,p95_ms,3.1121
1784304605,f3744846f,release,typing,monster_p50_ms,2.4414
1784304605,f3744846f,release,typing,scratch_p50_ms,0.5700
1784310969,3a8af9de2,release,diff-open,open_ms,27.1845
1784310969,3a8af9de2,release,diff-typing,p50_ms,0.1075
1784310969,3a8af9de2,release,diff-resize,frame_p50_ms,1.3515
1784310969,3a8af9de2,release,diff-resize,frame_worst_ms,1.8862
1784311030,3a8af9de2,release,diff-open,open_ms,27.3023
1784311030,3a8af9de2,release,diff-typing,p50_ms,0.1609
1784311030,3a8af9de2,release,diff-resize,frame_p50_ms,1.2635
1784311030,3a8af9de2,release,diff-resize,frame_worst_ms,1.5539
1784329442,3a8af9de2,release,diff-open,open_ms,42.9522
1784329442,3a8af9de2,release,diff-typing,p50_ms,0.5885
1784329442,3a8af9de2,release,diff-resize,frame_p50_ms,1.5244
1784329442,3a8af9de2,release,diff-resize,frame_worst_ms,2.3250
1784329917,3a8af9de2,release,diff-open,open_ms,111.6290
1784329917,3a8af9de2,release,diff-typing,p50_ms,0.1237
1784329917,3a8af9de2,release,diff-resize,frame_p50_ms,2.4517
1784329917,3a8af9de2,release,diff-resize,frame_worst_ms,3.8930
1784378639,3a8af9de2,release,plain-typing,keystroke_p50_ms,0.0660
1784378671,3a8af9de2,release,diff-open,open_ms,99.8760
1784378671,3a8af9de2,release,diff-typing,p50_ms,0.1290
1784378671,3a8af9de2,release,diff-resize,frame_p50_ms,4.3742
1784378671,3a8af9de2,release,diff-resize,frame_worst_ms,5.1854
1784378969,3a8af9de2,release,diff-open,open_ms,335.3773
1784378969,3a8af9de2,release,diff-typing,p50_ms,0.2298
1784378969,3a8af9de2,release,diff-resize,frame_p50_ms,2.3883
1784378969,3a8af9de2,release,diff-resize,frame_worst_ms,2.9347
1784381282,f4dbeb47b,debug,list-scroll,build_ms,4.0899
1784381282,f4dbeb47b,debug,list-scroll,frame_p50_ms,0.0292
1784381282,f4dbeb47b,debug,list-scroll,frame_p95_ms,0.0325
1784381282,f4dbeb47b,debug,tree-ops,toggle_ms,0.0740
1784381282,f4dbeb47b,debug,tree-ops,build_ms,349.2033
1784381346,f4dbeb47b,release,plain-typing,keystroke_p50_ms,0.0689
1784381379,f4dbeb47b,release,list-scroll,build_ms,0.6045
1784381379,f4dbeb47b,release,list-scroll,frame_p50_ms,0.0055
1784381379,f4dbeb47b,release,list-scroll,frame_p95_ms,0.0158
1784381379,f4dbeb47b,release,tree-ops,toggle_ms,0.0117
1784381379,f4dbeb47b,release,tree-ops,build_ms,43.8513
1784381426,f4dbeb47b,release,diff-open,open_ms,58.1990
1784381426,f4dbeb47b,release,diff-typing,p50_ms,0.2151
1784381427,f4dbeb47b,release,diff-resize,frame_p50_ms,2.3945
1784381427,f4dbeb47b,release,diff-resize,frame_worst_ms,6.1357
1784381433,f4dbeb47b,release,monster-resize,sync_ms,60.1751
1784381433,f4dbeb47b,release,monster-resize,repair_effect_ms,68.5148
1784381502,f4dbeb47b,release,code-typing,p50_ms,0.0891
1784381502,f4dbeb47b,release,code-typing,p95_ms,0.1247
1784382644,b71f7f4c7,release,plain-typing,keystroke_p50_ms,0.0683
1784382675,b71f7f4c7,release,diff-open,open_ms,114.8963
1784382675,b71f7f4c7,release,diff-typing,p50_ms,0.1247
1784382675,b71f7f4c7,release,diff-resize,frame_p50_ms,3.2915
1784382675,b71f7f4c7,release,diff-resize,frame_worst_ms,4.2448
1784382679,b71f7f4c7,release,list-scroll,build_ms,0.7839
1784382679,b71f7f4c7,release,list-scroll,frame_p50_ms,0.0062
1784382679,b71f7f4c7,release,list-scroll,frame_p95_ms,0.0155
1784382679,b71f7f4c7,release,tree-ops,toggle_ms,0.0128
1784382679,b71f7f4c7,release,tree-ops,build_ms,43.8793
1784382680,b71f7f4c7,release,search-landing,worst_ms,23.2215
1784382680,b71f7f4c7,release,search-scroll,paint_p50_ms,0.3335
1784382680,b71f7f4c7,release,search-scroll,paint_p95_ms,0.4586
1784382764,b71f7f4c7,release,tree-demo,toggle_ms,0.1799
1784382782,b71f7f4c7,release,styled-typing,p50_ms,2.3254
1784382782,b71f7f4c7,release,styled-typing,p95_ms,2.7727
1784382795,b71f7f4c7,release,render-scroll,avg_ms,0.7035
1784382795,b71f7f4c7,release,render-scroll,p50_ms,0.6903
1784382795,b71f7f4c7,release,render-scroll,p95_ms,0.8333
1784382806,b71f7f4c7,release,monster-scroll,paint_p50_ms,1.3544
1784382806,b71f7f4c7,release,monster-scroll,paint_p95_ms,1.8673
1784382817,b71f7f4c7,release,monster-search-scroll,paint_p50_ms,0.0000
1784382817,b71f7f4c7,release,monster-search-scroll,paint_max_ms,0.0000
1784382821,b71f7f4c7,release,wall,open_ms,40.9545
1784382821,b71f7f4c7,release,wall,typing_p50_ms,0.6298
1784382829,b71f7f4c7,release,burst-typing,p50_ms,1.5017
1784382829,b71f7f4c7,release,burst-typing,p95_ms,2.9386
1784382846,b71f7f4c7,release,typing,monster_p50_ms,2.2720
1784382846,b71f7f4c7,release,typing,scratch_p50_ms,0.4371
1784382852,b71f7f4c7,release,monster-resize,sync_ms,58.5390
1784382852,b71f7f4c7,release,monster-resize,repair_effect_ms,66.7744
1784382920,b71f7f4c7,release,code-typing,p50_ms,0.0898
1784382920,b71f7f4c7,release,code-typing,p95_ms,0.1234
1784403807,590ab1604,release,tree-demo,toggle_ms,0.4535
1784403828,590ab1604,release,styled-typing,p50_ms,2.4570
1784403828,590ab1604,release,styled-typing,p95_ms,3.1840
1784403838,590ab1604,release,monster-scroll,paint_p50_ms,1.3558
1784403838,590ab1604,release,monster-scroll,paint_p95_ms,1.9103
1784403851,590ab1604,release,render-scroll,avg_ms,0.7286
1784403851,590ab1604,release,render-scroll,p50_ms,0.7123
1784403851,590ab1604,release,render-scroll,p95_ms,0.8952
1784403860,590ab1604,release,monster-search-scroll,paint_p50_ms,0.0000
1784403860,590ab1604,release,monster-search-scroll,paint_max_ms,0.0000
1784403864,590ab1604,release,wall,open_ms,39.5219
1784403864,590ab1604,release,wall,typing_p50_ms,0.5911
1784403871,590ab1604,release,burst-typing,p50_ms,1.4107
1784403871,590ab1604,release,burst-typing,p95_ms,3.1108
1784403888,590ab1604,release,typing,monster_p50_ms,2.2517
1784403888,590ab1604,release,typing,scratch_p50_ms,0.4092
1784403889,590ab1604,release,documents-list,refresh_ms,64.2629
1784403889,590ab1604,release,documents-list,scroll_p50_ms,0.0080
1784403889,590ab1604,release,documents-list,paint_p50_ms,0.1890
1784403891,590ab1604,release,plain-typing,keystroke_p50_ms,0.0658
1784403922,590ab1604,release,diff-open,open_ms,90.0520
1784403923,590ab1604,release,diff-typing,p50_ms,0.1531
1784403923,590ab1604,release,diff-resize,frame_p50_ms,4.4950
1784403923,590ab1604,release,diff-resize,frame_worst_ms,5.0097
1784403934,590ab1604,release,monster-resize,sync_ms,58.0647
1784403934,590ab1604,release,monster-resize,repair_effect_ms,68.8327
1784404004,590ab1604,release,search-landing,worst_ms,18.7852
1784404004,590ab1604,release,search-scroll,paint_p50_ms,0.3573
1784404004,590ab1604,release,search-scroll,paint_p95_ms,0.4790
1784404298,590ab1604,release,code-typing,p50_ms,0.0926
1784404298,590ab1604,release,code-typing,p95_ms,0.1266
1784404299,590ab1604,release,list-scroll,build_ms,0.3530
1784404299,590ab1604,release,list-scroll,frame_p50_ms,0.0093
1784404299,590ab1604,release,list-scroll,frame_p95_ms,0.0100
1784404299,590ab1604,release,tree-ops,toggle_ms,0.0098
1784404299,590ab1604,release,tree-ops,build_ms,46.6776
1784408497,7485f1ed1,debug,search-landing,worst_ms,74.0732
1784408497,7485f1ed1,debug,search-scroll,paint_p50_ms,0.3822
1784408497,7485f1ed1,debug,search-scroll,paint_p95_ms,0.6532
1784408609,7485f1ed1,release,documents-list,refresh_ms,56.9519
1784408609,7485f1ed1,release,documents-list,scroll_p50_ms,0.0080
1784408609,7485f1ed1,release,documents-list,paint_p50_ms,0.1906
1784408611,7485f1ed1,release,plain-typing,keystroke_p50_ms,0.0655
1784408643,7485f1ed1,release,diff-open,open_ms,84.4217
1784408643,7485f1ed1,release,diff-typing,p50_ms,0.1444
1784408643,7485f1ed1,release,diff-resize,frame_p50_ms,2.2060
1784408643,7485f1ed1,release,diff-resize,frame_worst_ms,3.3003
1784408652,7485f1ed1,release,search-landing,worst_ms,17.3125
1784408652,7485f1ed1,release,search-scroll,paint_p50_ms,0.3447
1784408652,7485f1ed1,release,search-scroll,paint_p95_ms,0.4655
1784413883,da61a7195,release,tree-demo,toggle_ms,0.7053
1784413905,da61a7195,release,styled-typing,p50_ms,2.4399
1784413905,da61a7195,release,styled-typing,p95_ms,3.0652
1784413915,da61a7195,release,monster-search-scroll,paint_p50_ms,0.0000
1784413915,da61a7195,release,monster-search-scroll,paint_max_ms,0.0000
1784413925,da61a7195,release,monster-scroll,paint_p50_ms,1.3801
1784413925,da61a7195,release,monster-scroll,paint_p95_ms,1.9579
1784413936,da61a7195,release,render-scroll,avg_ms,0.7233
1784413936,da61a7195,release,render-scroll,p50_ms,0.7085
1784413936,da61a7195,release,render-scroll,p95_ms,0.8811
1784413941,da61a7195,release,wall,open_ms,40.9397
1784413941,da61a7195,release,wall,typing_p50_ms,0.5784
1784413949,da61a7195,release,burst-typing,p50_ms,1.4647
1784413949,da61a7195,release,burst-typing,p95_ms,3.0693
1784413966,da61a7195,release,typing,monster_p50_ms,2.3983
1784413966,da61a7195,release,typing,scratch_p50_ms,0.5014
1784413967,da61a7195,release,documents-list,refresh_ms,53.5285
1784413967,da61a7195,release,documents-list,scroll_p50_ms,0.0080
1784413967,da61a7195,release,documents-list,paint_p50_ms,0.1890
1784413969,da61a7195,release,diff-open,open_ms,69.6445
1784413969,da61a7195,release,diff-typing,p50_ms,0.1665
1784413969,da61a7195,release,diff-resize,frame_p50_ms,2.7261
1784413969,da61a7195,release,diff-resize,frame_worst_ms,3.6263
1784413978,da61a7195,release,search-landing,worst_ms,67.0364
1784413978,da61a7195,release,search-scroll,paint_p50_ms,0.3392
1784413978,da61a7195,release,search-scroll,paint_p95_ms,0.5618
1784414016,da61a7195,release,plain-typing,keystroke_p50_ms,0.0706
1784414054,da61a7195,release,monster-resize,sync_ms,59.9857
1784414054,da61a7195,release,monster-resize,repair_effect_ms,71.7777
1784414123,da61a7195,release,code-typing,p50_ms,0.0892
1784414123,da61a7195,release,code-typing,p95_ms,0.1266
1784414123,da61a7195,release,list-scroll,build_ms,0.2601
1784414123,da61a7195,release,list-scroll,frame_p50_ms,0.0054
1784414123,da61a7195,release,list-scroll,frame_p95_ms,0.0058
1784414123,da61a7195,release,tree-ops,toggle_ms,0.0101
1784414123,da61a7195,release,tree-ops,build_ms,34.2729
1784415699,30be02e94,debug,search-landing,worst_ms,30.9516
1784415699,30be02e94,debug,search-scroll,paint_p50_ms,0.3910
1784415699,30be02e94,debug,search-scroll,paint_p95_ms,0.6344
1784415763,30be02e94,release,plain-typing,keystroke_p50_ms,0.0644
1784415801,30be02e94,release,monster-resize,sync_ms,60.3886
1784415802,30be02e94,release,monster-resize,repair_effect_ms,67.9758
1784415868,30be02e94,release,code-typing,p50_ms,0.0924
1784415868,30be02e94,release,code-typing,p95_ms,0.1309
1784415871,30be02e94,release,search-landing,worst_ms,4.9648
1784415872,30be02e94,release,search-scroll,paint_p50_ms,0.3562
1784415872,30be02e94,release,search-scroll,paint_p95_ms,0.4957
1784416339,b15234b73,release,diff-open,open_ms,24.1770
1784416350,b15234b73,release,diff-typing,p50_ms,0.5662
1784416356,b15234b73,release,diff-resize,frame_p50_ms,3.2611
1784416356,b15234b73,release,diff-resize,frame_worst_ms,3.7680
1784416455,b15234b73,release,diff-open,open_ms,30.1002
1784416466,b15234b73,release,diff-typing,p50_ms,0.4327
1784416471,b15234b73,release,diff-resize,frame_p50_ms,3.3073
1784416471,b15234b73,release,diff-resize,frame_worst_ms,3.7748
1784416500,b15234b73,release,diff-open,open_ms,26.7585
1784416510,b15234b73,release,diff-typing,p50_ms,0.4440
1784416516,b15234b73,release,diff-resize,frame_p50_ms,3.3732
1784416516,b15234b73,release,diff-resize,frame_worst_ms,3.9127
1784416642,b15234b73,release,diff-open,open_ms,31.3825
1784416642,b15234b73,release,diff-typing,p50_ms,0.1419
1784416642,b15234b73,release,diff-resize,frame_p50_ms,1.2600
1784416642,b15234b73,release,diff-resize,frame_worst_ms,1.5840
1784416934,b15234b73,release,plain-typing,keystroke_p50_ms,0.0680
1784417110,b15234b73,release,diff-open,open_ms,100.9865
1784417110,b15234b73,release,diff-typing,p50_ms,0.2361
1784417111,b15234b73,release,diff-resize,frame_p50_ms,2.0585
1784417111,b15234b73,release,diff-resize,frame_worst_ms,2.7121
1784417115,b15234b73,release,diff-open,open_ms,23.2554
1784417115,b15234b73,release,diff-typing,p50_ms,0.1398
1784417115,b15234b73,release,diff-resize,frame_p50_ms,1.3023
1784417115,b15234b73,release,diff-resize,frame_worst_ms,1.8641
1784417200,b15234b73,release,diff-open,open_ms,25.7885
1784417200,b15234b73,release,diff-typing,p50_ms,0.1282
1784417201,b15234b73,release,diff-resize,frame_p50_ms,2.6384
1784417201,b15234b73,release,diff-resize,frame_worst_ms,3.8203
1784417206,b15234b73,release,diff-open,open_ms,28.0052
1784417206,b15234b73,release,diff-typing,p50_ms,0.1087
1784417206,b15234b73,release,diff-resize,frame_p50_ms,1.3597
1784417206,b15234b73,release,diff-resize,frame_worst_ms,1.9648
1784417260,b15234b73,release,diff-open,open_ms,93.0702
1784417260,b15234b73,release,diff-typing,p50_ms,0.2400
1784417260,b15234b73,release,diff-resize,frame_p50_ms,2.2312
1784417260,b15234b73,release,diff-resize,frame_worst_ms,3.1397
1784417273,b15234b73,release,diff-open,open_ms,17.6125
1784417273,b15234b73,release,diff-typing,p50_ms,0.3680
1784417274,b15234b73,release,diff-resize,frame_p50_ms,2.2120
1784417274,b15234b73,release,diff-resize,frame_worst_ms,2.8566
1784417274,b15234b73,release,diff-open,open_ms,17.0767
1784417274,b15234b73,release,diff-typing,p50_ms,0.2659
1784417275,b15234b73,release,diff-resize,frame_p50_ms,1.5135
1784417275,b15234b73,release,diff-resize,frame_worst_ms,1.7575
1784417898,b15234b73,release,plain-typing,keystroke_p50_ms,0.0680
1784417991,b15234b73,release,diff-open,open_ms,36.3575
1784417991,b15234b73,release,diff-typing,p50_ms,0.2390
1784417992,b15234b73,release,diff-resize,frame_p50_ms,2.4768
1784417992,b15234b73,release,diff-resize,frame_worst_ms,3.2471
1784417992,b15234b73,release,diff-open,open_ms,25.4543
1784417992,b15234b73,release,diff-typing,p50_ms,0.1820
1784417992,b15234b73,release,diff-resize,frame_p50_ms,1.7642
1784417992,b15234b73,release,diff-resize,frame_worst_ms,2.3340
1784418401,b15234b73,release,diff-open,open_ms,30.2031
1784418401,b15234b73,release,diff-typing,p50_ms,0.1506
1784418401,b15234b73,release,diff-open,open_ms,23.2040
1784418401,b15234b73,release,diff-typing,p50_ms,0.1816
1784418401,b15234b73,release,diff-resize,frame_p50_ms,1.6615
1784418401,b15234b73,release,diff-resize,frame_worst_ms,2.0342
1784418401,b15234b73,release,diff-resize,frame_p50_ms,1.4023
1784418401,b15234b73,release,diff-resize,frame_worst_ms,1.9593
1784418561,b15234b73,release,plain-typing,keystroke_p50_ms,0.0678
1784418589,b15234b73,release,diff-open,open_ms,79.5754
1784418589,b15234b73,release,diff-typing,p50_ms,0.1893
1784418589,b15234b73,release,diff-resize,frame_p50_ms,2.0602
1784418589,b15234b73,release,diff-resize,frame_worst_ms,3.1927
1784419833,758fed04a,release,plain-typing,keystroke_p50_ms,0.0664
1784419861,758fed04a,release,diff-open,open_ms,119.2294
1784419861,758fed04a,release,diff-typing,p50_ms,0.1618
1784419862,758fed04a,release,diff-resize,frame_p50_ms,2.8562
1784419862,758fed04a,release,diff-resize,frame_worst_ms,3.8199
1784419905,758fed04a,release,diff-open,open_ms,18.7815
1784419905,758fed04a,release,diff-typing,p50_ms,0.1450
1784419905,758fed04a,release,diff-resize,frame_p50_ms,1.0110
1784419905,758fed04a,release,diff-resize,frame_worst_ms,1.3188
1784420005,758fed04a,release,diff-open,open_ms,18.4713
1784420005,758fed04a,release,diff-typing,p50_ms,0.1519
1784420005,758fed04a,release,diff-resize,frame_p50_ms,1.0335
1784420005,758fed04a,release,diff-resize,frame_worst_ms,1.6146
1784420011,758fed04a,release,plain-typing,keystroke_p50_ms,0.0693
1784420041,758fed04a,release,diff-open,open_ms,78.3250
1784420041,758fed04a,release,diff-typing,p50_ms,0.1310
1784420041,758fed04a,release,diff-resize,frame_p50_ms,4.7347
1784420041,758fed04a,release,diff-resize,frame_worst_ms,5.1928
1784422383,f85a4051f,debug,plain-typing,keystroke_p50_ms,0.3487
1784422436,f85a4051f,debug,diff-open,open_ms,49.8774
1784422436,f85a4051f,debug,diff-typing,p50_ms,0.3115
1784422436,f85a4051f,debug,diff-resize,frame_p50_ms,4.7678
1784422436,f85a4051f,debug,diff-resize,frame_worst_ms,5.2571
1784422454,f85a4051f,debug,plain-typing,keystroke_p50_ms,0.2906
1784422488,f85a4051f,debug,diff-open,open_ms,47.5093
1784422488,f85a4051f,debug,diff-typing,p50_ms,0.5729
1784422488,f85a4051f,debug,diff-resize,frame_p50_ms,4.2800
1784422488,f85a4051f,debug,diff-resize,frame_worst_ms,4.6177
1784422519,f85a4051f,release,diff-open,open_ms,17.7020
1784422519,f85a4051f,release,diff-typing,p50_ms,0.1480
1784422520,f85a4051f,release,diff-resize,frame_p50_ms,1.1281
1784422520,f85a4051f,release,diff-resize,frame_worst_ms,1.7110
1784422532,f85a4051f,release,diff-open,open_ms,15.2205
1784422532,f85a4051f,release,diff-typing,p50_ms,0.1575
1784422532,f85a4051f,release,diff-resize,frame_p50_ms,1.5253
1784422532,f85a4051f,release,diff-resize,frame_worst_ms,1.7433
1784425032,9d9fd38c2,debug,list-scroll,build_ms,3.9732
1784425032,9d9fd38c2,debug,list-scroll,frame_p50_ms,0.0293
1784425032,9d9fd38c2,debug,list-scroll,frame_p95_ms,0.0319
1784425033,9d9fd38c2,debug,tree-ops,toggle_ms,0.0769
1784425033,9d9fd38c2,debug,tree-ops,build_ms,356.3963
1784425829,9d9fd38c2,debug,tree-demo,toggle_ms,0.6419
1784425856,9d9fd38c2,debug,styled-typing,p50_ms,3.0115
1784425856,9d9fd38c2,debug,styled-typing,p95_ms,3.5428
1784425888,9d9fd38c2,debug,monster-scroll,paint_p50_ms,2.5561
1784425888,9d9fd38c2,debug,monster-scroll,paint_p95_ms,3.3318
1784425914,9d9fd38c2,debug,monster-search-scroll,paint_p50_ms,0.0000
1784425914,9d9fd38c2,debug,monster-search-scroll,paint_max_ms,0.0000
1784425948,9d9fd38c2,debug,render-scroll,avg_ms,1.2643
1784425948,9d9fd38c2,debug,render-scroll,p50_ms,1.2270
1784425948,9d9fd38c2,debug,render-scroll,p95_ms,1.7904
1784425958,9d9fd38c2,debug,wall,open_ms,106.6506
1784425958,9d9fd38c2,debug,wall,typing_p50_ms,0.8961
1784425983,9d9fd38c2,debug,burst-typing,p50_ms,4.4642
1784425983,9d9fd38c2,debug,burst-typing,p95_ms,18.0603
1784426019,9d9fd38c2,debug,typing,monster_p50_ms,2.6135
1784426019,9d9fd38c2,debug,typing,scratch_p50_ms,0.5764
1784426032,9d9fd38c2,debug,documents-list,refresh_ms,63.8565
1784426032,9d9fd38c2,debug,documents-list,scroll_p50_ms,0.0107
1784426032,9d9fd38c2,debug,documents-list,paint_p50_ms,0.2543
1784426046,9d9fd38c2,debug,plain-typing,keystroke_p50_ms,0.3026
1784426083,9d9fd38c2,debug,diff-open,open_ms,66.6274
1784426083,9d9fd38c2,debug,diff-typing,p50_ms,0.6012
1784426083,9d9fd38c2,debug,diff-resize,frame_p50_ms,4.2995
1784426083,9d9fd38c2,debug,diff-resize,frame_worst_ms,4.5234
1784426089,9d9fd38c2,debug,list-scroll,build_ms,7.8656
1784426089,9d9fd38c2,debug,list-scroll,frame_p50_ms,0.0350
1784426089,9d9fd38c2,debug,list-scroll,frame_p95_ms,0.0548
1784426089,9d9fd38c2,debug,tree-ops,toggle_ms,0.0733
1784426089,9d9fd38c2,debug,tree-ops,build_ms,357.0800
1784426112,9d9fd38c2,debug,search-landing,worst_ms,28.0117
1784426112,9d9fd38c2,debug,search-scroll,paint_p50_ms,0.3670
1784426112,9d9fd38c2,debug,search-scroll,paint_p95_ms,0.5447
1784426137,9d9fd38c2,debug,plain-typing,keystroke_p50_ms,0.3032
1784426177,9d9fd38c2,debug,search-landing,worst_ms,27.8110
1784426177,9d9fd38c2,debug,search-scroll,paint_p50_ms,0.3743
1784426177,9d9fd38c2,debug,search-scroll,paint_p95_ms,0.5599
1784426193,9d9fd38c2,debug,search-landing,worst_ms,27.3212
1784426193,9d9fd38c2,debug,search-scroll,paint_p50_ms,0.3635
1784426193,9d9fd38c2,debug,search-scroll,paint_p95_ms,0.5672
1784462667,8630f58d2,debug,search-landing,worst_ms,27.9414
1784462668,8630f58d2,debug,search-scroll,paint_p50_ms,0.3820
1784462668,8630f58d2,debug,search-scroll,paint_p95_ms,0.5726
1784462702,8630f58d2,debug,search-landing,worst_ms,27.2407
1784462702,8630f58d2,debug,search-scroll,paint_p50_ms,0.3736
1784462702,8630f58d2,debug,search-scroll,paint_p95_ms,0.5949
1784462923,8630f58d2,debug,documents-list,refresh_ms,66.2584
1784462923,8630f58d2,debug,documents-list,scroll_p50_ms,0.0112
1784462923,8630f58d2,debug,documents-list,paint_p50_ms,0.2605
1784462957,8630f58d2,debug,list-scroll,build_ms,8.1053
1784462957,8630f58d2,debug,list-scroll,frame_p50_ms,0.0319
1784462957,8630f58d2,debug,list-scroll,frame_p95_ms,0.0379
1784462958,8630f58d2,debug,tree-ops,toggle_ms,0.0752
1784462958,8630f58d2,debug,tree-ops,build_ms,350.4077
1784462991,8630f58d2,debug,search-landing,worst_ms,32.5430
1784462991,8630f58d2,debug,search-scroll,paint_p50_ms,0.4322
1784462991,8630f58d2,debug,search-scroll,paint_p95_ms,0.6311
1784463068,8630f58d2,debug,plain-typing,keystroke_p50_ms,0.2954
1784463109,8630f58d2,debug,diff-open,open_ms,123.3112
1784463109,8630f58d2,debug,diff-typing,p50_ms,0.3691
1784463109,8630f58d2,debug,diff-resize,frame_p50_ms,4.0554
1784463109,8630f58d2,debug,diff-resize,frame_worst_ms,4.2829
1784463118,8630f58d2,debug,search-landing,worst_ms,29.8539
1784463118,8630f58d2,debug,search-scroll,paint_p50_ms,0.3616
1784463118,8630f58d2,debug,search-scroll,paint_p95_ms,0.6082
1784463174,8630f58d2,debug,plain-typing,keystroke_p50_ms,0.3021
1784463206,8630f58d2,debug,search-landing,worst_ms,28.2396
1784463206,8630f58d2,debug,search-scroll,paint_p50_ms,0.3723
1784463206,8630f58d2,debug,search-scroll,paint_p95_ms,0.5410
1784463657,8630f58d2,debug,plain-typing,keystroke_p50_ms,0.3122
1784463740,8630f58d2,debug,monster-resize,sync_ms,30.2664
1784463740,8630f58d2,debug,monster-resize,repair_effect_ms,63.9012
1784463816,8630f58d2,debug,code-typing,p50_ms,0.6153
1784463816,8630f58d2,debug,code-typing,p95_ms,0.8018
1784463855,8630f58d2,debug,code-typing,p50_ms,0.6127
1784463855,8630f58d2,debug,code-typing,p95_ms,0.6467
1784464400,8630f58d2,debug,plain-typing,keystroke_p50_ms,0.2994
1784464448,8630f58d2,debug,monster-resize,sync_ms,26.7960
1784464449,8630f58d2,debug,monster-resize,repair_effect_ms,63.5400
1784464528,8630f58d2,debug,code-typing,p50_ms,0.6090
1784464528,8630f58d2,debug,code-typing,p95_ms,0.6380
1784472427,b1646207b,debug,list-scroll,build_ms,4.9455
1784472427,b1646207b,debug,list-scroll,frame_p50_ms,0.0366
1784472427,b1646207b,debug,list-scroll,frame_p95_ms,0.0397
1784472427,b1646207b,debug,tree-ops,toggle_ms,0.0931
1784472427,b1646207b,debug,tree-ops,build_ms,434.3666
1784473830,b1646207b,debug,plain-typing,keystroke_p50_ms,0.3707
1784501526,b1646207b,debug,tree-demo,toggle_ms,0.9682
1784501618,b1646207b,debug,render-scroll,avg_ms,4.8484
1784501618,b1646207b,debug,render-scroll,p50_ms,3.7961
1784501618,b1646207b,debug,render-scroll,p95_ms,9.1655
1784501689,b1646207b,debug,monster-search-scroll,paint_p50_ms,0.0000
1784501689,b1646207b,debug,monster-search-scroll,paint_max_ms,0.0000
1784501763,b1646207b,debug,monster-scroll,paint_p50_ms,4.8300
1784501763,b1646207b,debug,monster-scroll,paint_p95_ms,6.5500
1784501823,b1646207b,debug,styled-typing,p50_ms,12.4973
1784501823,b1646207b,debug,styled-typing,p95_ms,41.2971
1784501845,b1646207b,debug,wall,open_ms,204.9386
1784501845,b1646207b,debug,wall,typing_p50_ms,1.7278
1784501920,b1646207b,debug,burst-typing,p50_ms,14.8304
1784501920,b1646207b,debug,burst-typing,p95_ms,50.8472
1784501997,b1646207b,debug,typing,monster_p50_ms,10.0479
1784501997,b1646207b,debug,typing,scratch_p50_ms,2.1808
1784502159,b1646207b,debug,documents-list,refresh_ms,134.9194
1784502159,b1646207b,debug,documents-list,scroll_p50_ms,0.0272
1784502159,b1646207b,debug,documents-list,paint_p50_ms,0.6064
1784502231,b1646207b,debug,plain-typing,keystroke_p50_ms,0.9364
1784502360,b1646207b,debug,diff-open,open_ms,149.9351
1784502360,b1646207b,debug,diff-typing,p50_ms,5.3183
1784502361,b1646207b,debug,diff-resize,frame_p50_ms,12.0120
1784502361,b1646207b,debug,diff-resize,frame_worst_ms,16.1003
1784502575,b1646207b,debug,tree-demo,toggle_ms,1.5159
1784502698,b1646207b,debug,render-scroll,avg_ms,4.0970
1784502698,b1646207b,debug,render-scroll,p50_ms,3.6793
1784502698,b1646207b,debug,render-scroll,p95_ms,6.8914
1784502771,b1646207b,debug,monster-search-scroll,paint_p50_ms,0.0000
1784502771,b1646207b,debug,monster-search-scroll,paint_max_ms,0.0000
1784502862,b1646207b,debug,monster-scroll,paint_p50_ms,6.9573
1784502862,b1646207b,debug,monster-scroll,paint_p95_ms,11.2038
1784502945,b1646207b,debug,styled-typing,p50_ms,16.5725
1784502945,b1646207b,debug,styled-typing,p95_ms,71.7965
1784502975,b1646207b,debug,wall,open_ms,365.9778
1784502975,b1646207b,debug,wall,typing_p50_ms,3.2996
1784503019,b1646207b,debug,burst-typing,p50_ms,6.4865
1784503019,b1646207b,debug,burst-typing,p95_ms,28.1756
1784503063,b1646207b,debug,typing,monster_p50_ms,2.3135
1784503063,b1646207b,debug,typing,scratch_p50_ms,0.7046
1784503084,b1646207b,debug,documents-list,refresh_ms,81.4544
1784503084,b1646207b,debug,documents-list,scroll_p50_ms,0.0143
1784503084,b1646207b,debug,documents-list,paint_p50_ms,0.3142
1784503104,b1646207b,debug,plain-typing,keystroke_p50_ms,0.4605
1784503147,b1646207b,debug,diff-open,open_ms,171.5276
1784503147,b1646207b,debug,diff-typing,p50_ms,1.1558
1784503148,b1646207b,debug,diff-resize,frame_p50_ms,13.1976
1784503148,b1646207b,debug,diff-resize,frame_worst_ms,15.0297
1784503915,b1646207b,debug,tree-demo,toggle_ms,0.6980
1784503943,b1646207b,debug,monster-scroll,paint_p50_ms,2.8991
1784503943,b1646207b,debug,monster-scroll,paint_p95_ms,3.9619
1784503981,b1646207b,debug,styled-typing,p50_ms,2.5071
1784503981,b1646207b,debug,styled-typing,p95_ms,2.8925
1784504002,b1646207b,debug,monster-search-scroll,paint_p50_ms,0.0000
1784504002,b1646207b,debug,monster-search-scroll,paint_max_ms,0.0000
1784504035,b1646207b,debug,render-scroll,avg_ms,1.1230
1784504035,b1646207b,debug,render-scroll,p50_ms,1.0788
1784504035,b1646207b,debug,render-scroll,p95_ms,1.6567
1784504043,b1646207b,debug,wall,open_ms,107.4119
1784504043,b1646207b,debug,wall,typing_p50_ms,0.8676
1784504064,b1646207b,debug,burst-typing,p50_ms,4.1898
1784504064,b1646207b,debug,burst-typing,p95_ms,16.6374
1784504092,b1646207b,debug,typing,monster_p50_ms,2.2323
1784504092,b1646207b,debug,typing,scratch_p50_ms,0.4491
1784504160,b1646207b,debug,documents-list,refresh_ms,58.7748
1784504160,b1646207b,debug,documents-list,scroll_p50_ms,0.0113
1784504160,b1646207b,debug,documents-list,paint_p50_ms,0.2519
1784504185,b1646207b,debug,plain-typing,keystroke_p50_ms,0.2967
1784504223,b1646207b,debug,diff-open,open_ms,46.6540
1784504223,b1646207b,debug,diff-typing,p50_ms,0.6565
1784504223,b1646207b,debug,diff-resize,frame_p50_ms,3.8418
1784504223,b1646207b,debug,diff-resize,frame_worst_ms,4.0608
1784504288,b1646207b,debug,monster-resize,sync_ms,25.8096
1784504288,b1646207b,debug,monster-resize,repair_effect_ms,62.5735
1784504373,b1646207b,debug,code-typing,p50_ms,0.6719
1784504373,b1646207b,debug,code-typing,p95_ms,0.7188
1784504413,b1646207b,debug,list-scroll,build_ms,4.0127
1784504413,b1646207b,debug,list-scroll,frame_p50_ms,0.0290
1784504413,b1646207b,debug,list-scroll,frame_p95_ms,0.0318
1784504413,b1646207b,debug,tree-ops,toggle_ms,0.0740
1784504413,b1646207b,debug,tree-ops,build_ms,338.5233
1784504491,b1646207b,debug,search-landing,worst_ms,30.6039
1784504491,b1646207b,debug,search-scroll,paint_p50_ms,0.2753
1784504491,b1646207b,debug,search-scroll,paint_p95_ms,0.4087
1784504758,b1646207b,debug,monster-resize,sync_ms,24.9186
1784504758,b1646207b,debug,monster-resize,repair_effect_ms,66.6035
1784505074,b1646207b,debug,diff-open,open_ms,38.7740
1784505075,b1646207b,debug,diff-typing,p50_ms,0.3419
1784505075,b1646207b,debug,diff-resize,frame_p50_ms,5.1943
1784505075,b1646207b,debug,diff-resize,frame_worst_ms,5.6903
1784505085,b1646207b,debug,diff-open,open_ms,18.4267
1784505086,b1646207b,debug,diff-typing,p50_ms,0.3621
1784505087,b1646207b,debug,diff-resize,frame_p50_ms,2.2091
1784505087,b1646207b,debug,diff-resize,frame_worst_ms,2.8807
1784505455,b1646207b,debug,list-scroll,build_ms,3.9587
1784505455,b1646207b,debug,list-scroll,frame_p50_ms,0.0293
1784505455,b1646207b,debug,list-scroll,frame_p95_ms,0.0319
1784505455,b1646207b,debug,tree-ops,toggle_ms,0.0735
1784505455,b1646207b,debug,tree-ops,build_ms,345.4257
1784637417,897e6f0ee,debug,plain-typing,keystroke_p50_ms,0.2954
1784637791,897e6f0ee,debug,tree-demo,toggle_ms,0.4000
1784637820,897e6f0ee,debug,styled-typing,p50_ms,2.9791
1784637820,897e6f0ee,debug,styled-typing,p95_ms,4.3185
1784637852,897e6f0ee,debug,monster-scroll,paint_p50_ms,2.5109
1784637852,897e6f0ee,debug,monster-scroll,paint_p95_ms,3.3813
1784637876,897e6f0ee,debug,monster-search-scroll,paint_p50_ms,0.0000
1784637876,897e6f0ee,debug,monster-search-scroll,paint_max_ms,0.0000
1784637892,897e6f0ee,debug,plain-typing,keystroke_p50_ms,0.2979
1784637910,897e6f0ee,debug,render-scroll,avg_ms,1.1367
1784637910,897e6f0ee,debug,render-scroll,p50_ms,1.0727
1784637910,897e6f0ee,debug,render-scroll,p95_ms,1.6692
1784637919,897e6f0ee,debug,wall,open_ms,109.1397
1784637919,897e6f0ee,debug,wall,typing_p50_ms,0.9496
1784637944,897e6f0ee,debug,burst-typing,p50_ms,4.2492
1784637944,897e6f0ee,debug,burst-typing,p95_ms,15.9971
1784637977,897e6f0ee,debug,typing,monster_p50_ms,2.9975
1784637977,897e6f0ee,debug,typing,scratch_p50_ms,0.8244
1784638084,897e6f0ee,debug,tree-demo,toggle_ms,0.7450
1784638108,897e6f0ee,debug,monster-scroll,paint_p50_ms,2.5650
1784638108,897e6f0ee,debug,monster-scroll,paint_p95_ms,3.4423
1784638136,897e6f0ee,debug,monster-search-scroll,paint_p50_ms,0.0000
1784638136,897e6f0ee,debug,monster-search-scroll,paint_max_ms,0.0000
1784638176,897e6f0ee,debug,styled-typing,p50_ms,2.6337
1784638176,897e6f0ee,debug,styled-typing,p95_ms,3.4227
1784638211,897e6f0ee,debug,render-scroll,avg_ms,1.1858
1784638211,897e6f0ee,debug,render-scroll,p50_ms,1.1184
1784638211,897e6f0ee,debug,render-scroll,p95_ms,1.8095
1784638220,897e6f0ee,debug,wall,open_ms,110.4900
1784638220,897e6f0ee,debug,wall,typing_p50_ms,0.8985
1784638245,897e6f0ee,debug,burst-typing,p50_ms,4.2443
1784638245,897e6f0ee,debug,burst-typing,p95_ms,15.5851
1784638280,897e6f0ee,debug,typing,monster_p50_ms,2.5623
1784638280,897e6f0ee,debug,typing,scratch_p50_ms,0.6621
1784638346,897e6f0ee,debug,documents-list,refresh_ms,64.6708
1784638346,897e6f0ee,debug,documents-list,scroll_p50_ms,0.0110
1784638346,897e6f0ee,debug,documents-list,paint_p50_ms,0.2413
1784638402,897e6f0ee,debug,plain-typing,keystroke_p50_ms,0.2906
1784638501,897e6f0ee,debug,diff-open,open_ms,94.0551
1784638501,897e6f0ee,debug,diff-typing,p50_ms,0.3467
1784638502,897e6f0ee,debug,diff-resize,frame_p50_ms,4.2510
1784638502,897e6f0ee,debug,diff-resize,frame_worst_ms,4.8075
1784638554,897e6f0ee,debug,plain-typing,keystroke_p50_ms,0.3037
1784638918,897e6f0ee,debug,monster-resize,sync_ms,25.9939
1784638918,897e6f0ee,debug,monster-resize,repair_effect_ms,62.6696
1784639073,897e6f0ee,debug,code-typing,p50_ms,0.7342
1784639073,897e6f0ee,debug,code-typing,p95_ms,1.6900
1784639175,897e6f0ee,debug,list-scroll,build_ms,5.5061
1784639175,897e6f0ee,debug,list-scroll,frame_p50_ms,0.0318
1784639175,897e6f0ee,debug,list-scroll,frame_p95_ms,0.0389
1784639176,897e6f0ee,debug,tree-ops,toggle_ms,0.0760
1784639176,897e6f0ee,debug,tree-ops,build_ms,351.7003
1784639195,897e6f0ee,debug,tree-demo,toggle_ms,0.3930
1784639222,897e6f0ee,debug,render-scroll,avg_ms,1.3528
1784639222,897e6f0ee,debug,render-scroll,p50_ms,1.1643
1784639222,897e6f0ee,debug,render-scroll,p95_ms,1.8113
1784639253,897e6f0ee,debug,monster-scroll,paint_p50_ms,2.4150
1784639253,897e6f0ee,debug,monster-scroll,paint_p95_ms,3.2048
1784639291,897e6f0ee,debug,styled-typing,p50_ms,2.5457
1784639291,897e6f0ee,debug,styled-typing,p95_ms,2.9548
1784639318,897e6f0ee,debug,monster-search-scroll,paint_p50_ms,0.0000
1784639318,897e6f0ee,debug,monster-search-scroll,paint_max_ms,0.0000
1784639327,897e6f0ee,debug,wall,open_ms,109.0790
1784639327,897e6f0ee,debug,wall,typing_p50_ms,0.8573
1784639353,897e6f0ee,debug,burst-typing,p50_ms,4.3167
1784639353,897e6f0ee,debug,burst-typing,p95_ms,16.1501
1784639388,897e6f0ee,debug,typing,monster_p50_ms,2.3887
1784639388,897e6f0ee,debug,typing,scratch_p50_ms,0.5169
1784639467,897e6f0ee,debug,documents-list,refresh_ms,67.4137
1784639467,897e6f0ee,debug,documents-list,scroll_p50_ms,0.0113
1784639467,897e6f0ee,debug,documents-list,paint_p50_ms,0.2495
1784639526,897e6f0ee,debug,search-landing,worst_ms,29.7316
1784639526,897e6f0ee,debug,search-scroll,paint_p50_ms,0.2927
1784639526,897e6f0ee,debug,search-scroll,paint_p95_ms,0.5135
1784639557,897e6f0ee,debug,plain-typing,keystroke_p50_ms,0.3014
1784639660,897e6f0ee,debug,diff-open,open_ms,82.8801
1784639660,897e6f0ee,debug,diff-typing,p50_ms,0.3686
1784639660,897e6f0ee,debug,diff-resize,frame_p50_ms,4.4886
1784639660,897e6f0ee,debug,diff-resize,frame_worst_ms,4.8672
1784639919,897e6f0ee,debug,monster-resize,sync_ms,32.1148
1784639919,897e6f0ee,debug,monster-resize,repair_effect_ms,60.4319
1784640044,897e6f0ee,debug,code-typing,p50_ms,0.6651
1784640044,897e6f0ee,debug,code-typing,p95_ms,0.6839
1784640065,897e6f0ee,debug,list-scroll,build_ms,6.5974
1784640065,897e6f0ee,debug,list-scroll,frame_p50_ms,0.0346
1784640065,897e6f0ee,debug,list-scroll,frame_p95_ms,0.0432
1784640065,897e6f0ee,debug,tree-ops,toggle_ms,0.0732
1784640065,897e6f0ee,debug,tree-ops,build_ms,349.8544
1784640242,897e6f0ee,debug,search-landing,worst_ms,27.2529
1784640242,897e6f0ee,debug,search-scroll,paint_p50_ms,0.2743
1784640242,897e6f0ee,debug,search-scroll,paint_p95_ms,0.4150
1784642179,897e6f0ee,debug,plain-typing,keystroke_p50_ms,0.3043
1784642530,897e6f0ee,debug,tree-demo,toggle_ms,0.4009
1784642550,897e6f0ee,debug,monster-scroll,paint_p50_ms,2.9971
1784642550,897e6f0ee,debug,monster-scroll,paint_p95_ms,4.9611
1784642580,897e6f0ee,debug,monster-search-scroll,paint_p50_ms,0.0000
1784642580,897e6f0ee,debug,monster-search-scroll,paint_max_ms,0.0000
1784642612,897e6f0ee,debug,render-scroll,avg_ms,1.2024
1784642612,897e6f0ee,debug,render-scroll,p50_ms,1.1435
1784642612,897e6f0ee,debug,render-scroll,p95_ms,1.7978
1784642650,897e6f0ee,debug,styled-typing,p50_ms,2.8242
1784642650,897e6f0ee,debug,styled-typing,p95_ms,3.4373
1784642659,897e6f0ee,debug,wall,open_ms,110.0044
1784642659,897e6f0ee,debug,wall,typing_p50_ms,0.9266
1784642686,897e6f0ee,debug,burst-typing,p50_ms,4.5073
1784642686,897e6f0ee,debug,burst-typing,p95_ms,16.9241
1784642722,897e6f0ee,debug,typing,monster_p50_ms,2.6685
1784642722,897e6f0ee,debug,typing,scratch_p50_ms,0.6447
1784642793,897e6f0ee,debug,documents-list,refresh_ms,68.5818
1784642793,897e6f0ee,debug,documents-list,scroll_p50_ms,0.0113
1784642793,897e6f0ee,debug,documents-list,paint_p50_ms,0.2574
1784642846,897e6f0ee,debug,plain-typing,keystroke_p50_ms,0.3320
1784642923,897e6f0ee,debug,diff-open,open_ms,63.7337
1784642923,897e6f0ee,debug,diff-typing,p50_ms,0.8253
1784642923,897e6f0ee,debug,diff-resize,frame_p50_ms,4.8733
1784642923,897e6f0ee,debug,diff-resize,frame_worst_ms,6.5712
1784643148,897e6f0ee,debug,monster-resize,sync_ms,24.6892
1784643148,897e6f0ee,debug,monster-resize,repair_effect_ms,62.6815
1784643308,897e6f0ee,debug,code-typing,p50_ms,0.6905
1784643308,897e6f0ee,debug,code-typing,p95_ms,0.9075
1784643341,897e6f0ee,debug,list-scroll,build_ms,4.3092
1784643341,897e6f0ee,debug,list-scroll,frame_p50_ms,0.0297
1784643341,897e6f0ee,debug,list-scroll,frame_p95_ms,0.0324
1784643341,897e6f0ee,debug,tree-ops,toggle_ms,0.0734
1784643341,897e6f0ee,debug,tree-ops,build_ms,350.1311
1784643561,897e6f0ee,debug,search-landing,worst_ms,33.4497
1784643561,897e6f0ee,debug,search-scroll,paint_p50_ms,0.3261
1784643561,897e6f0ee,debug,search-scroll,paint_p95_ms,0.5509
1784643916,897e6f0ee,debug,tree-demo,toggle_ms,0.7323
1784643942,897e6f0ee,debug,monster-search-scroll,paint_p50_ms,0.0000
1784643942,897e6f0ee,debug,monster-search-scroll,paint_max_ms,0.0000
1784643979,897e6f0ee,debug,monster-scroll,paint_p50_ms,2.4949
1784643979,897e6f0ee,debug,monster-scroll,paint_p95_ms,3.3254
1784644013,897e6f0ee,debug,render-scroll,avg_ms,1.1480
1784644013,897e6f0ee,debug,render-scroll,p50_ms,1.0989
1784644013,897e6f0ee,debug,render-scroll,p95_ms,1.7175
1784644050,897e6f0ee,debug,styled-typing,p50_ms,2.8181
1784644050,897e6f0ee,debug,styled-typing,p95_ms,3.4016
1784644060,897e6f0ee,debug,wall,open_ms,114.6354
1784644060,897e6f0ee,debug,wall,typing_p50_ms,1.0480
1784644086,897e6f0ee,debug,burst-typing,p50_ms,4.2925
1784644086,897e6f0ee,debug,burst-typing,p95_ms,17.7873
1784644125,897e6f0ee,debug,typing,monster_p50_ms,2.7719
1784644125,897e6f0ee,debug,typing,scratch_p50_ms,0.8278
1784644176,897e6f0ee,debug,documents-list,refresh_ms,70.0141
1784644176,897e6f0ee,debug,documents-list,scroll_p50_ms,0.0109
1784644176,897e6f0ee,debug,documents-list,paint_p50_ms,0.2480
1784644227,9f5a47b60,debug,plain-typing,keystroke_p50_ms,0.2953
1784644289,9f5a47b60,debug,diff-open,open_ms,79.2389
1784644289,9f5a47b60,debug,diff-typing,p50_ms,0.4938
1784644289,9f5a47b60,debug,diff-resize,frame_p50_ms,4.2894
1784644289,9f5a47b60,debug,diff-resize,frame_worst_ms,4.7871
1784644459,9f5a47b60,debug,monster-resize,sync_ms,31.9157
1784644459,9f5a47b60,debug,monster-resize,repair_effect_ms,62.4591
1784644584,9f5a47b60,debug,code-typing,p50_ms,0.6510
1784644584,9f5a47b60,debug,code-typing,p95_ms,0.6765
1784644606,9f5a47b60,debug,list-scroll,build_ms,6.9550
1784644606,9f5a47b60,debug,list-scroll,frame_p50_ms,0.0338
1784644606,9f5a47b60,debug,list-scroll,frame_p95_ms,0.0420
1784644606,9f5a47b60,debug,tree-ops,toggle_ms,0.0725
1784644606,9f5a47b60,debug,tree-ops,build_ms,348.9326
1784644919,9f5a47b60,debug,search-landing,worst_ms,137.2693
1784644919,9f5a47b60,debug,search-scroll,paint_p50_ms,0.3046
1784644919,9f5a47b60,debug,search-scroll,paint_p95_ms,9.0739
1784645171,9f5a47b60,debug,search-landing,worst_ms,24.4879
1784645777,7ce6e1b83,debug,tree-demo,toggle_ms,0.9443
1784645806,7ce6e1b83,debug,styled-typing,p50_ms,2.7667
1784645806,7ce6e1b83,debug,styled-typing,p95_ms,3.7110
1784645842,7ce6e1b83,debug,render-scroll,avg_ms,1.2307
1784645842,7ce6e1b83,debug,render-scroll,p50_ms,1.1387
1784645842,7ce6e1b83,debug,render-scroll,p95_ms,1.8342
1784645871,7ce6e1b83,debug,monster-search-scroll,paint_p50_ms,0.0000
1784645871,7ce6e1b83,debug,monster-search-scroll,paint_max_ms,0.0000
1784645904,7ce6e1b83,debug,monster-scroll,paint_p50_ms,2.4002
1784645904,7ce6e1b83,debug,monster-scroll,paint_p95_ms,3.1709
1784645913,7ce6e1b83,debug,wall,open_ms,105.1324
1784645913,7ce6e1b83,debug,wall,typing_p50_ms,0.8790
1784645937,7ce6e1b83,debug,burst-typing,p50_ms,4.1367
1784645937,7ce6e1b83,debug,burst-typing,p95_ms,16.5357
1784645972,7ce6e1b83,debug,typing,monster_p50_ms,2.6084
1784645972,7ce6e1b83,debug,typing,scratch_p50_ms,0.6833
1784646038,7ce6e1b83,debug,documents-list,refresh_ms,70.9534
1784646038,7ce6e1b83,debug,documents-list,scroll_p50_ms,0.0109
1784646038,7ce6e1b83,debug,documents-list,paint_p50_ms,0.2479
1784646087,7ce6e1b83,debug,plain-typing,keystroke_p50_ms,0.2999
1784646159,7ce6e1b83,debug,diff-open,open_ms,49.2401
1784646159,7ce6e1b83,debug,diff-typing,p50_ms,0.3491
1784646159,7ce6e1b83,debug,diff-resize,frame_p50_ms,4.2933
1784646159,7ce6e1b83,debug,diff-resize,frame_worst_ms,18.4745
1784647171,7ce6e1b83,debug,search-landing,worst_ms,26.8587
1784647171,7ce6e1b83,debug,search-scroll,paint_p50_ms,0.3639
1784647171,7ce6e1b83,debug,search-scroll,paint_p95_ms,0.5442
1784647396,7ce6e1b83,debug,search-landing,worst_ms,26.3073
1784647396,7ce6e1b83,debug,search-scroll,paint_p50_ms,0.3699
1784647396,7ce6e1b83,debug,search-scroll,paint_p95_ms,0.6781
1784647704,7ce6e1b83,debug,tree-demo,toggle_ms,0.4180
1784647733,7ce6e1b83,debug,styled-typing,p50_ms,2.6873
1784647733,7ce6e1b83,debug,styled-typing,p95_ms,3.4387
1784647762,7ce6e1b83,debug,monster-search-scroll,paint_p50_ms,0.0000
1784647762,7ce6e1b83,debug,monster-search-scroll,paint_max_ms,0.0000
1784647793,7ce6e1b83,debug,monster-scroll,paint_p50_ms,2.4926
1784647793,7ce6e1b83,debug,monster-scroll,paint_p95_ms,3.3758
1784647828,7ce6e1b83,debug,render-scroll,avg_ms,1.1367
1784647828,7ce6e1b83,debug,render-scroll,p50_ms,1.0848
1784647828,7ce6e1b83,debug,render-scroll,p95_ms,1.6851
1784647837,7ce6e1b83,debug,wall,open_ms,106.9302
1784647837,7ce6e1b83,debug,wall,typing_p50_ms,0.8530
1784647862,7ce6e1b83,debug,burst-typing,p50_ms,4.2715
1784647862,7ce6e1b83,debug,burst-typing,p95_ms,16.6045
1784647897,7ce6e1b83,debug,typing,monster_p50_ms,2.6174
1784647897,7ce6e1b83,debug,typing,scratch_p50_ms,0.6317
1784647963,7ce6e1b83,debug,documents-list,refresh_ms,68.6918
1784647963,7ce6e1b83,debug,documents-list,scroll_p50_ms,0.0108
1784647963,7ce6e1b83,debug,documents-list,paint_p50_ms,0.2475
1784648011,7ce6e1b83,debug,plain-typing,keystroke_p50_ms,0.2922
1784648082,7ce6e1b83,debug,diff-open,open_ms,53.2260
1784648082,7ce6e1b83,debug,diff-typing,p50_ms,0.3985
1784648083,7ce6e1b83,debug,diff-resize,frame_p50_ms,4.3974
1784648083,7ce6e1b83,debug,diff-resize,frame_worst_ms,5.1252
1784648393,7ce6e1b83,debug,tree-demo,toggle_ms,1.5085
1784648414,7ce6e1b83,debug,monster-search-scroll,paint_p50_ms,0.0000
1784648414,7ce6e1b83,debug,monster-search-scroll,paint_max_ms,0.0000
1784648447,7ce6e1b83,debug,monster-scroll,paint_p50_ms,2.6113
1784648447,7ce6e1b83,debug,monster-scroll,paint_p95_ms,3.5121
1784648481,7ce6e1b83,debug,render-scroll,avg_ms,1.1678
1784648481,7ce6e1b83,debug,render-scroll,p50_ms,1.1060
1784648481,7ce6e1b83,debug,render-scroll,p95_ms,1.7459
1784648517,7ce6e1b83,debug,styled-typing,p50_ms,2.6572
1784648517,7ce6e1b83,debug,styled-typing,p95_ms,3.2202
1784648527,7ce6e1b83,debug,wall,open_ms,107.6245
1784648527,7ce6e1b83,debug,wall,typing_p50_ms,0.8864
1784648552,7ce6e1b83,debug,burst-typing,p50_ms,4.2496
1784648552,7ce6e1b83,debug,burst-typing,p95_ms,15.7796
1784648588,7ce6e1b83,debug,typing,monster_p50_ms,2.5142
1784648588,7ce6e1b83,debug,typing,scratch_p50_ms,0.6643
1784648612,7ce6e1b83,debug,documents-list,refresh_ms,68.1017
1784648612,7ce6e1b83,debug,documents-list,scroll_p50_ms,0.0108
1784648612,7ce6e1b83,debug,documents-list,paint_p50_ms,0.2464
1784648640,7ce6e1b83,debug,plain-typing,keystroke_p50_ms,0.3000
1784648691,7ce6e1b83,debug,diff-open,open_ms,56.3416
1784648691,7ce6e1b83,debug,diff-typing,p50_ms,0.3671
1784648692,7ce6e1b83,debug,diff-resize,frame_p50_ms,4.2312
1784648692,7ce6e1b83,debug,diff-resize,frame_worst_ms,5.0073
1784648880,7ce6e1b83,debug,monster-resize,sync_ms,25.5431
1784648880,7ce6e1b83,debug,monster-resize,repair_effect_ms,68.5701
1784649021,7ce6e1b83,debug,plain-typing,keystroke_p50_ms,0.3169
1784649094,7ce6e1b83,debug,search-landing,worst_ms,27.3004
1784649094,7ce6e1b83,debug,search-scroll,paint_p50_ms,0.3980
1784649094,7ce6e1b83,debug,search-scroll,paint_p95_ms,0.5859
1784649358,7ce6e1b83,debug,tree-demo,toggle_ms,0.8492
1784649386,7ce6e1b83,debug,styled-typing,p50_ms,3.0016
1784649386,7ce6e1b83,debug,styled-typing,p95_ms,3.9255
1784649415,7ce6e1b83,debug,monster-search-scroll,paint_p50_ms,0.0000
1784649415,7ce6e1b83,debug,monster-search-scroll,paint_max_ms,0.0000
1784649446,7ce6e1b83,debug,monster-scroll,paint_p50_ms,2.4832
1784649446,7ce6e1b83,debug,monster-scroll,paint_p95_ms,3.3634
1784649480,7ce6e1b83,debug,render-scroll,avg_ms,1.1351
1784649480,7ce6e1b83,debug,render-scroll,p50_ms,1.0834
1784649480,7ce6e1b83,debug,render-scroll,p95_ms,1.6929
1784649489,7ce6e1b83,debug,wall,open_ms,107.2924
1784649489,7ce6e1b83,debug,wall,typing_p50_ms,0.8515
1784649515,7ce6e1b83,debug,burst-typing,p50_ms,4.2796
1784649515,7ce6e1b83,debug,burst-typing,p95_ms,17.4935
1784649550,7ce6e1b83,debug,typing,monster_p50_ms,2.3447
1784649550,7ce6e1b83,debug,typing,scratch_p50_ms,0.6272
1784649628,7ce6e1b83,debug,documents-list,refresh_ms,65.4261
1784649628,7ce6e1b83,debug,documents-list,scroll_p50_ms,0.0120
1784649628,7ce6e1b83,debug,documents-list,paint_p50_ms,0.2782
1784649681,7ce6e1b83,debug,plain-typing,keystroke_p50_ms,0.2910
1784649755,7ce6e1b83,debug,diff-open,open_ms,49.5958
1784649755,7ce6e1b83,debug,diff-typing,p50_ms,0.3918
1784649756,7ce6e1b83,debug,diff-resize,frame_p50_ms,4.2656
1784649756,7ce6e1b83,debug,diff-resize,frame_worst_ms,4.7309
1784650016,7ce6e1b83,debug,monster-resize,sync_ms,33.0334
1784650016,7ce6e1b83,debug,monster-resize,repair_effect_ms,61.6456
1784650175,7ce6e1b83,debug,code-typing,p50_ms,0.6195
1784650175,7ce6e1b83,debug,code-typing,p95_ms,0.7748
1784650206,7ce6e1b83,debug,list-scroll,build_ms,5.7835
1784650206,7ce6e1b83,debug,list-scroll,frame_p50_ms,0.0355
1784650206,7ce6e1b83,debug,list-scroll,frame_p95_ms,0.0427
1784650207,7ce6e1b83,debug,tree-ops,toggle_ms,0.0751
1784650207,7ce6e1b83,debug,tree-ops,build_ms,359.1357
1784650489,7ce6e1b83,debug,search-landing,worst_ms,27.2057
1784650489,7ce6e1b83,debug,search-scroll,paint_p50_ms,0.3352
1784650489,7ce6e1b83,debug,search-scroll,paint_p95_ms,0.4828
1784651005,7ce6e1b83,debug,search-landing,worst_ms,25.8452
1784651005,7ce6e1b83,debug,search-scroll,paint_p50_ms,0.3734
1784651005,7ce6e1b83,debug,search-scroll,paint_p95_ms,0.5411
1784651219,7ce6e1b83,debug,tree-demo,toggle_ms,0.7893
1784651240,7ce6e1b83,debug,render-scroll,avg_ms,1.1876
1784651240,7ce6e1b83,debug,render-scroll,p50_ms,1.1419
1784651240,7ce6e1b83,debug,render-scroll,p95_ms,1.7389
1784651273,7ce6e1b83,debug,monster-scroll,paint_p50_ms,2.7140
1784651273,7ce6e1b83,debug,monster-scroll,paint_p95_ms,4.0541
1784651299,7ce6e1b83,debug,monster-search-scroll,paint_p50_ms,0.0000
1784651299,7ce6e1b83,debug,monster-search-scroll,paint_max_ms,0.0000
1784651336,7ce6e1b83,debug,styled-typing,p50_ms,2.4209
1784651336,7ce6e1b83,debug,styled-typing,p95_ms,2.8741
1784651345,7ce6e1b83,debug,wall,open_ms,104.4821
1784651345,7ce6e1b83,debug,wall,typing_p50_ms,0.8220
1784651370,7ce6e1b83,debug,burst-typing,p50_ms,4.2832
1784651370,7ce6e1b83,debug,burst-typing,p95_ms,16.1542
1784651404,7ce6e1b83,debug,typing,monster_p50_ms,2.5848
1784651404,7ce6e1b83,debug,typing,scratch_p50_ms,0.6618
1784651473,7ac53ab7d,debug,documents-list,refresh_ms,59.1673
1784651473,7ac53ab7d,debug,documents-list,scroll_p50_ms,0.0108
1784651473,7ac53ab7d,debug,documents-list,paint_p50_ms,0.2452
1784651512,7ac53ab7d,debug,plain-typing,keystroke_p50_ms,0.2905
1784651616,7ac53ab7d,debug,diff-open,open_ms,169.4585
1784651616,7ac53ab7d,debug,diff-typing,p50_ms,0.4122
1784651616,7ac53ab7d,debug,diff-resize,frame_p50_ms,5.5001
1784651616,7ac53ab7d,debug,diff-resize,frame_worst_ms,5.9738
1784651854,7ac53ab7d,debug,monster-resize,sync_ms,22.7888
1784651854,7ac53ab7d,debug,monster-resize,repair_effect_ms,59.7959
1784652009,7ac53ab7d,debug,code-typing,p50_ms,0.6012
1784652009,7ac53ab7d,debug,code-typing,p95_ms,0.6640
1784652031,7ac53ab7d,debug,list-scroll,build_ms,4.2972
1784652031,7ac53ab7d,debug,list-scroll,frame_p50_ms,0.0296
1784652031,7ac53ab7d,debug,list-scroll,frame_p95_ms,0.0377
1784652032,7ac53ab7d,debug,tree-ops,toggle_ms,0.0750
1784652032,7ac53ab7d,debug,tree-ops,build_ms,341.1119
1784652281,7ac53ab7d,debug,search-landing,worst_ms,25.7213
1784652281,7ac53ab7d,debug,search-scroll,paint_p50_ms,0.2926
1784652281,7ac53ab7d,debug,search-scroll,paint_p95_ms,0.4237
1784666888,7ac53ab7d,debug,tree-demo,toggle_ms,0.9890
1784666921,7ac53ab7d,debug,styled-typing,p50_ms,4.3570
1784666921,7ac53ab7d,debug,styled-typing,p95_ms,15.5499
1784666961,7ac53ab7d,debug,monster-scroll,paint_p50_ms,2.9014
1784666961,7ac53ab7d,debug,monster-scroll,paint_p95_ms,8.6316
1784667008,7ac53ab7d,debug,monster-search-scroll,paint_p50_ms,0.0000
1784667008,7ac53ab7d,debug,monster-search-scroll,paint_max_ms,0.0000
1784667071,7ac53ab7d,debug,render-scroll,avg_ms,1.5643
1784667071,7ac53ab7d,debug,render-scroll,p50_ms,1.3232
1784667071,7ac53ab7d,debug,render-scroll,p95_ms,2.8797
1784667084,7ac53ab7d,debug,wall,open_ms,118.5932
1784667084,7ac53ab7d,debug,wall,typing_p50_ms,1.0326
1784667115,7ac53ab7d,debug,burst-typing,p50_ms,4.3948
1784667115,7ac53ab7d,debug,burst-typing,p95_ms,18.1396
1784667146,7ac53ab7d,debug,typing,monster_p50_ms,3.2156
1784667146,7ac53ab7d,debug,typing,scratch_p50_ms,0.7787
1784667216,7ac53ab7d,debug,documents-list,refresh_ms,66.1702
1784667216,7ac53ab7d,debug,documents-list,scroll_p50_ms,0.0107
1784667216,7ac53ab7d,debug,documents-list,paint_p50_ms,0.2440
1784667266,7ac53ab7d,debug,plain-typing,keystroke_p50_ms,0.2997
1784667347,7ac53ab7d,debug,diff-open,open_ms,120.0062
1784667347,7ac53ab7d,debug,diff-typing,p50_ms,0.6900
1784667348,7ac53ab7d,debug,diff-resize,frame_p50_ms,5.1476
1784667348,7ac53ab7d,debug,diff-resize,frame_worst_ms,5.6140
1784667666,7ac53ab7d,debug,monster-resize,sync_ms,27.0624
1784667667,7ac53ab7d,debug,monster-resize,repair_effect_ms,62.8749
1784667988,7ac53ab7d,debug,code-typing,p50_ms,0.6943
1784667988,7ac53ab7d,debug,code-typing,p95_ms,0.8381
1784668027,7ac53ab7d,debug,tree-demo,toggle_ms,0.3962
1784668040,7ac53ab7d,debug,list-scroll,build_ms,4.1156
1784668040,7ac53ab7d,debug,list-scroll,frame_p50_ms,0.0332
1784668040,7ac53ab7d,debug,list-scroll,frame_p95_ms,0.0357
1784668041,7ac53ab7d,debug,tree-ops,toggle_ms,0.0766
1784668041,7ac53ab7d,debug,tree-ops,build_ms,344.2465
1784668047,7ac53ab7d,debug,monster-search-scroll,paint_p50_ms,0.0000
1784668047,7ac53ab7d,debug,monster-search-scroll,paint_max_ms,0.0000
1784668085,7ac53ab7d,debug,styled-typing,p50_ms,2.6454
1784668085,7ac53ab7d,debug,styled-typing,p95_ms,3.2278
1784668120,7ac53ab7d,debug,render-scroll,avg_ms,1.1793
1784668120,7ac53ab7d,debug,render-scroll,p50_ms,1.1149
1784668120,7ac53ab7d,debug,render-scroll,p95_ms,1.7428
1784668152,7ac53ab7d,debug,monster-scroll,paint_p50_ms,2.6083
1784668152,7ac53ab7d,debug,monster-scroll,paint_p95_ms,3.6220
1784668161,7ac53ab7d,debug,wall,open_ms,108.2834
1784668161,7ac53ab7d,debug,wall,typing_p50_ms,0.9393
1784668182,7ac53ab7d,debug,burst-typing,p50_ms,4.9275
1784668182,7ac53ab7d,debug,burst-typing,p95_ms,19.5189
1784668216,7ac53ab7d,debug,typing,monster_p50_ms,3.3736
1784668216,7ac53ab7d,debug,typing,scratch_p50_ms,0.6787
1784668335,7ac53ab7d,debug,documents-list,refresh_ms,56.6479
1784668335,7ac53ab7d,debug,documents-list,scroll_p50_ms,0.0111
1784668335,7ac53ab7d,debug,documents-list,paint_p50_ms,0.2499
1784668373,7ac53ab7d,debug,search-landing,worst_ms,28.3103
1784668373,7ac53ab7d,debug,search-scroll,paint_p50_ms,0.3133
1784668373,7ac53ab7d,debug,search-scroll,paint_p95_ms,0.4870
1784668453,7ac53ab7d,debug,plain-typing,keystroke_p50_ms,0.3272
1784668568,7ac53ab7d,debug,diff-open,open_ms,47.4893
1784668568,7ac53ab7d,debug,diff-typing,p50_ms,0.3237
1784668568,7ac53ab7d,debug,diff-resize,frame_p50_ms,4.1978
1784668568,7ac53ab7d,debug,diff-resize,frame_worst_ms,4.4037
1784668925,7ac53ab7d,debug,monster-resize,sync_ms,26.0227
1784668925,7ac53ab7d,debug,monster-resize,repair_effect_ms,61.1752
1784669067,7ac53ab7d,debug,code-typing,p50_ms,0.6817
1784669067,7ac53ab7d,debug,code-typing,p95_ms,0.7413
1784669067,7ac53ab7d,debug,list-scroll,build_ms,3.9752
1784669067,7ac53ab7d,debug,list-scroll,frame_p50_ms,0.0325
1784669067,7ac53ab7d,debug,list-scroll,frame_p95_ms,0.0358
1784669067,7ac53ab7d,debug,tree-ops,toggle_ms,0.0725
1784669067,7ac53ab7d,debug,tree-ops,build_ms,334.3494
1784669307,7ac53ab7d,debug,tree-demo,toggle_ms,0.3956
1784669317,7ac53ab7d,debug,search-landing,worst_ms,56.6983
1784669317,7ac53ab7d,debug,search-scroll,paint_p50_ms,0.3723
1784669317,7ac53ab7d,debug,search-scroll,paint_p95_ms,1.1214
1784669335,7ac53ab7d,debug,styled-typing,p50_ms,2.9178
1784669335,7ac53ab7d,debug,styled-typing,p95_ms,3.5251
1784669362,7ac53ab7d,debug,monster-scroll,paint_p50_ms,2.6267
1784669362,7ac53ab7d,debug,monster-scroll,paint_p95_ms,4.1431
1784669390,3e64a14c0,debug,monster-search-scroll,paint_p50_ms,0.0000
1784669390,3e64a14c0,debug,monster-search-scroll,paint_max_ms,0.0000
1784669426,3e64a14c0,debug,render-scroll,avg_ms,1.1910
1784669426,3e64a14c0,debug,render-scroll,p50_ms,1.1320
1784669426,3e64a14c0,debug,render-scroll,p95_ms,1.7514
1784669435,3e64a14c0,debug,wall,open_ms,109.4762
1784669435,3e64a14c0,debug,wall,typing_p50_ms,0.8592
1784669462,3e64a14c0,debug,burst-typing,p50_ms,4.1590
1784669462,3e64a14c0,debug,burst-typing,p95_ms,17.3592
1784669497,3e64a14c0,debug,typing,monster_p50_ms,2.2040
1784669497,3e64a14c0,debug,typing,scratch_p50_ms,0.4125
1784669612,3e64a14c0,debug,documents-list,refresh_ms,56.7833
1784669612,3e64a14c0,debug,documents-list,scroll_p50_ms,0.0113
1784669612,3e64a14c0,debug,documents-list,paint_p50_ms,0.2586
1784669685,3e64a14c0,debug,plain-typing,keystroke_p50_ms,0.3029
1784669835,3e64a14c0,debug,diff-open,open_ms,104.0376
1784669835,3e64a14c0,debug,diff-typing,p50_ms,0.3371
1784669835,3e64a14c0,debug,diff-resize,frame_p50_ms,4.1738
1784669835,3e64a14c0,debug,diff-resize,frame_worst_ms,4.7089
1784671935,3e64a14c0,debug,monster-resize,sync_ms,32.1145
1784671935,3e64a14c0,debug,monster-resize,repair_effect_ms,61.9729
1784672266,3e64a14c0,debug,code-typing,p50_ms,0.7145
1784672266,3e64a14c0,debug,code-typing,p95_ms,0.7305
1784672447,3e64a14c0,debug,list-scroll,build_ms,4.0898
1784672447,3e64a14c0,debug,list-scroll,frame_p50_ms,0.0361
1784672447,3e64a14c0,debug,list-scroll,frame_p95_ms,0.0527
1784672448,3e64a14c0,debug,tree-ops,toggle_ms,0.0776
1784672448,3e64a14c0,debug,tree-ops,build_ms,354.0553
1784672753,3e64a14c0,debug,tree-demo,toggle_ms,0.8165
1784672772,3e64a14c0,debug,monster-search-scroll,paint_p50_ms,0.0000
1784672772,3e64a14c0,debug,monster-search-scroll,paint_max_ms,0.0000
1784672797,3e64a14c0,debug,monster-scroll,paint_p50_ms,2.5179
1784672797,3e64a14c0,debug,monster-scroll,paint_p95_ms,3.3483
1784672831,3e64a14c0,debug,render-scroll,avg_ms,1.1604
1784672831,3e64a14c0,debug,render-scroll,p50_ms,1.1181
1784672831,3e64a14c0,debug,render-scroll,p95_ms,1.7033
1784672870,3e64a14c0,debug,styled-typing,p50_ms,2.5367
1784672870,3e64a14c0,debug,styled-typing,p95_ms,2.9624
1784672879,3e64a14c0,debug,wall,open_ms,108.8360
1784672879,3e64a14c0,debug,wall,typing_p50_ms,0.8637
1784672905,3e64a14c0,debug,burst-typing,p50_ms,4.2466
1784672905,3e64a14c0,debug,burst-typing,p95_ms,16.1298
1784672941,3e64a14c0,debug,typing,monster_p50_ms,2.1351
1784672941,3e64a14c0,debug,typing,scratch_p50_ms,0.4847
1784673102,3e64a14c0,debug,documents-list,refresh_ms,58.1208
1784673102,3e64a14c0,debug,documents-list,scroll_p50_ms,0.0113
1784673102,3e64a14c0,debug,documents-list,paint_p50_ms,0.2516
1784673193,3e64a14c0,debug,plain-typing,keystroke_p50_ms,0.2995
1784673304,3e64a14c0,debug,diff-open,open_ms,103.7184
1784673304,3e64a14c0,debug,diff-typing,p50_ms,0.3137
1784673304,3e64a14c0,debug,diff-resize,frame_p50_ms,4.4333
1784673304,3e64a14c0,debug,diff-resize,frame_worst_ms,4.9449
1784673739,3e64a14c0,debug,monster-resize,sync_ms,27.5811
1784673739,3e64a14c0,debug,monster-resize,repair_effect_ms,61.5115
1784673985,3e64a14c0,debug,code-typing,p50_ms,0.6957
1784673985,3e64a14c0,debug,code-typing,p95_ms,0.7170
1784674045,3e64a14c0,debug,list-scroll,build_ms,5.7767
1784674045,3e64a14c0,debug,list-scroll,frame_p50_ms,0.0347
1784674045,3e64a14c0,debug,list-scroll,frame_p95_ms,0.0433
1784674045,3e64a14c0,debug,tree-ops,toggle_ms,0.0758
1784674045,3e64a14c0,debug,tree-ops,build_ms,359.2457
1784674568,3e64a14c0,debug,plain-typing,keystroke_p50_ms,0.2919
1784674784,3e64a14c0,debug,list-scroll,build_ms,9.8256
1784674784,3e64a14c0,debug,list-scroll,frame_p50_ms,0.0357
1784674784,3e64a14c0,debug,list-scroll,frame_p95_ms,0.0598
1784674784,3e64a14c0,debug,tree-ops,toggle_ms,0.0769
1784674784,3e64a14c0,debug,tree-ops,build_ms,365.1846
1784675065,3e64a14c0,debug,diff-open,open_ms,193.8283
1784675065,3e64a14c0,debug,diff-typing,p50_ms,0.6130
1784675066,3e64a14c0,debug,diff-resize,frame_p50_ms,9.4605
1784675066,3e64a14c0,debug,diff-resize,frame_worst_ms,12.1927
1784675181,3e64a14c0,debug,monster-resize,sync_ms,29.2848
1784675181,3e64a14c0,debug,monster-resize,repair_effect_ms,87.3362
1784675624,3e64a14c0,debug,search-landing,worst_ms,27.1275
1784675624,3e64a14c0,debug,search-scroll,paint_p50_ms,0.4759
1784675624,3e64a14c0,debug,search-scroll,paint_p95_ms,0.7086
1784676053,3e64a14c0,debug,tree-demo,toggle_ms,0.7173
1784676096,3e64a14c0,debug,styled-typing,p50_ms,4.5024
1784676096,3e64a14c0,debug,styled-typing,p95_ms,5.3101
1784676136,3e64a14c0,debug,monster-search-scroll,paint_p50_ms,0.0000
1784676136,3e64a14c0,debug,monster-search-scroll,paint_max_ms,0.0000
1784676198,3e64a14c0,debug,render-scroll,avg_ms,2.9986
1784676198,3e64a14c0,debug,render-scroll,p50_ms,2.9147
1784676198,3e64a14c0,debug,render-scroll,p95_ms,4.2255
1784676287,3e64a14c0,debug,monster-scroll,paint_p50_ms,9.3535
1784676287,3e64a14c0,debug,monster-scroll,paint_p95_ms,12.4162
1784676317,3e64a14c0,debug,wall,open_ms,349.4760
1784676317,3e64a14c0,debug,wall,typing_p50_ms,3.1923
1784676394,3e64a14c0,debug,burst-typing,p50_ms,16.3285
1784676394,3e64a14c0,debug,burst-typing,p95_ms,51.9722
1784676467,3e64a14c0,debug,typing,monster_p50_ms,5.8603
1784676467,3e64a14c0,debug,typing,scratch_p50_ms,1.5628
1784676871,3e64a14c0,debug,code-typing,p50_ms,0.7268
1784676871,3e64a14c0,debug,code-typing,p95_ms,0.9221
1784726518,3e64a14c0,debug,diff-open,open_ms,106.0633
1784726518,3e64a14c0,debug,diff-typing,p50_ms,0.4449
1784726518,3e64a14c0,debug,diff-resize,frame_p50_ms,4.2095
1784726518,3e64a14c0,debug,diff-resize,frame_worst_ms,4.7947
1784731125,b7b1e325e,debug,plain-typing,keystroke_p50_ms,0.4378
1784731193,b7b1e325e,debug,diff-open,open_ms,84.1804
1784731193,b7b1e325e,debug,diff-typing,p50_ms,0.6249
1784731193,b7b1e325e,debug,diff-resize,frame_p50_ms,7.5653
1784731193,b7b1e325e,debug,diff-resize,frame_worst_ms,9.5667
1784731331,b7b1e325e,debug,monster-resize,sync_ms,37.4637
1784731332,b7b1e325e,debug,monster-resize,repair_effect_ms,188.8727
1784731784,b7b1e325e,debug,tree-demo,toggle_ms,0.5087
1784731886,b7b1e325e,debug,styled-typing,p50_ms,3.7832
1784731886,b7b1e325e,debug,styled-typing,p95_ms,15.2428
1784731998,b7b1e325e,debug,monster-scroll,paint_p50_ms,5.8430
1784731998,b7b1e325e,debug,monster-scroll,paint_p95_ms,7.4491
1784732093,b7b1e325e,debug,monster-search-scroll,paint_p50_ms,0.0000
1784732093,b7b1e325e,debug,monster-search-scroll,paint_max_ms,0.0000
1784732205,b7b1e325e,debug,render-scroll,avg_ms,2.2366
1784732205,b7b1e325e,debug,render-scroll,p50_ms,1.3210
1784732205,b7b1e325e,debug,render-scroll,p95_ms,4.3312
1784732232,b7b1e325e,debug,wall,open_ms,108.9153
1784732232,b7b1e325e,debug,wall,typing_p50_ms,0.8974
1784732328,b7b1e325e,debug,burst-typing,p50_ms,6.4075
1784732328,b7b1e325e,debug,burst-typing,p95_ms,23.4557
1784732431,b7b1e325e,debug,typing,monster_p50_ms,2.3444
1784732431,b7b1e325e,debug,typing,scratch_p50_ms,0.5490
1784732480,b7b1e325e,debug,documents-list,refresh_ms,66.6604
1784732480,b7b1e325e,debug,documents-list,scroll_p50_ms,0.0109
1784732480,b7b1e325e,debug,documents-list,paint_p50_ms,0.2560
1784732543,b7b1e325e,debug,plain-typing,keystroke_p50_ms,0.4215
1784732612,4faf464cb,debug,diff-open,open_ms,83.8121
1784732612,4faf464cb,debug,diff-typing,p50_ms,0.3740
1784732613,4faf464cb,debug,diff-resize,frame_p50_ms,7.6025
1784732613,4faf464cb,debug,diff-resize,frame_worst_ms,7.6807
1784732699,f11925af1,debug,monster-resize,sync_ms,34.2215
1784732699,f11925af1,debug,monster-resize,repair_effect_ms,195.3671
1784732783,f11925af1,debug,code-typing,p50_ms,0.9250
1784732783,f11925af1,debug,code-typing,p95_ms,0.9853
1784732806,f11925af1,debug,list-scroll,build_ms,8.0838
1784732806,f11925af1,debug,list-scroll,frame_p50_ms,0.0350
1784732806,f11925af1,debug,list-scroll,frame_p95_ms,0.0416
1784732806,f11925af1,debug,tree-ops,toggle_ms,0.0719
1784732806,f11925af1,debug,tree-ops,build_ms,346.7978
1784732857,f11925af1,debug,search-landing,worst_ms,82.6078
1784732857,f11925af1,debug,search-scroll,paint_p50_ms,0.3762
1784732857,f11925af1,debug,search-scroll,paint_p95_ms,0.5494
1784733088,f11925af1,debug,search-landing,worst_ms,74.9668
1784733454,f11925af1,debug,search-landing,worst_ms,24.6415
1784733481,f11925af1,debug,search-landing,worst_ms,24.0473
1784733507,f11925af1,debug,search-landing,worst_ms,24.7476
1784733719,f11925af1,debug,tree-demo,toggle_ms,0.4037
1784733745,f11925af1,debug,render-scroll,avg_ms,1.4368
1784733745,f11925af1,debug,render-scroll,p50_ms,1.3417
1784733745,f11925af1,debug,render-scroll,p95_ms,2.0054
1784733774,f11925af1,debug,monster-search-scroll,paint_p50_ms,0.0000
1784733774,f11925af1,debug,monster-search-scroll,paint_max_ms,0.0000
1784733817,f11925af1,debug,styled-typing,p50_ms,2.9545
1784733817,f11925af1,debug,styled-typing,p95_ms,3.4899
1784733849,f11925af1,debug,monster-scroll,paint_p50_ms,2.6376
1784733849,f11925af1,debug,monster-scroll,paint_p95_ms,3.4574
1784733858,f11925af1,debug,wall,open_ms,105.0662
1784733858,f11925af1,debug,wall,typing_p50_ms,0.8280
1784733883,f11925af1,debug,burst-typing,p50_ms,4.3815
1784733883,f11925af1,debug,burst-typing,p95_ms,16.5376
1784733918,52577e578,debug,typing,monster_p50_ms,2.6712
1784733918,52577e578,debug,typing,scratch_p50_ms,0.7154
1784733971,52577e578,debug,plain-typing,keystroke_p50_ms,0.2974
1784734056,52577e578,debug,diff-open,open_ms,53.2750
1784734056,52577e578,debug,diff-typing,p50_ms,0.6042
1784734056,52577e578,debug,diff-resize,frame_p50_ms,4.0716
1784734056,52577e578,debug,diff-resize,frame_worst_ms,4.7194
1784734322,52577e578,debug,code-typing,p50_ms,0.6637
1784734322,52577e578,debug,code-typing,p95_ms,0.6845
1784734355,52577e578,debug,code-typing,p50_ms,0.6960
1784734355,52577e578,debug,code-typing,p95_ms,0.9028
1784734389,52577e578,debug,code-typing,p50_ms,0.6647
1784734389,52577e578,debug,code-typing,p95_ms,0.6804
1784745497,52577e578,debug,plain-typing,keystroke_p50_ms,0.2904
1784745575,52577e578,debug,list-scroll,build_ms,10.7597
1784745575,52577e578,debug,list-scroll,frame_p50_ms,0.0370
1784745575,52577e578,debug,list-scroll,frame_p95_ms,0.0453
1784745575,52577e578,debug,tree-ops,toggle_ms,0.0748
1784745575,52577e578,debug,tree-ops,build_ms,350.0168
1784745639,52577e578,debug,plain-typing,keystroke_p50_ms,0.2885
1784745693,52577e578,debug,list-scroll,build_ms,4.0270
1784745693,52577e578,debug,list-scroll,frame_p50_ms,0.0312
1784745693,52577e578,debug,list-scroll,frame_p95_ms,0.0345
1784745693,52577e578,debug,tree-ops,toggle_ms,0.0744
1784745693,52577e578,debug,tree-ops,build_ms,338.9229
1784746680,e88adb455,debug,search-landing,worst_ms,27.0959
1784746681,e88adb455,debug,search-scroll,paint_p50_ms,0.3892
1784746681,e88adb455,debug,search-scroll,paint_p95_ms,0.5936
1784746795,cfd6b4a53,debug,tree-demo,toggle_ms,0.5936
1784746824,cfd6b4a53,debug,styled-typing,p50_ms,2.9092
1784746824,cfd6b4a53,debug,styled-typing,p95_ms,3.5020
1784746856,cfd6b4a53,debug,monster-scroll,paint_p50_ms,2.7323
1784746856,cfd6b4a53,debug,monster-scroll,paint_p95_ms,3.7753
1784746883,cfd6b4a53,debug,monster-search-scroll,paint_p50_ms,0.0000
1784746883,cfd6b4a53,debug,monster-search-scroll,paint_max_ms,0.0000
1784746917,cfd6b4a53,debug,render-scroll,avg_ms,1.2340
1784746917,cfd6b4a53,debug,render-scroll,p50_ms,1.1968
1784746917,cfd6b4a53,debug,render-scroll,p95_ms,1.7511
1784746925,cfd6b4a53,debug,wall,open_ms,108.6823
1784746925,cfd6b4a53,debug,wall,typing_p50_ms,0.9501
1784746950,cfd6b4a53,debug,burst-typing,p50_ms,4.2648
1784746950,cfd6b4a53,debug,burst-typing,p95_ms,16.3873
1784746985,cfd6b4a53,debug,typing,monster_p50_ms,2.3653
1784746985,cfd6b4a53,debug,typing,scratch_p50_ms,0.5612
1784747036,cfd6b4a53,debug,diff-open,open_ms,54.1119
1784747036,cfd6b4a53,debug,diff-typing,p50_ms,0.4232
1784747036,cfd6b4a53,debug,diff-resize,frame_p50_ms,3.8271
1784747036,cfd6b4a53,debug,diff-resize,frame_worst_ms,4.1561
1784747097,cfd6b4a53,debug,monster-resize,sync_ms,27.2955
1784747098,cfd6b4a53,debug,monster-resize,repair_effect_ms,61.6812
1784748675,cfd6b4a53,debug,search-landing,worst_ms,47.7497
1784748676,cfd6b4a53,debug,search-scroll,paint_p50_ms,0.4819
1784748676,cfd6b4a53,debug,search-scroll,paint_p95_ms,2.4322
1784748927,cfd6b4a53,debug,search-landing,worst_ms,27.4167
1784748927,cfd6b4a53,debug,search-scroll,paint_p50_ms,0.3694
1784748927,cfd6b4a53,debug,search-scroll,paint_p95_ms,0.5518
1784759440,5e9574d6d,debug,plain-typing,keystroke_p50_ms,0.2958
1784759662,5e9574d6d,debug,plain-typing,keystroke_p50_ms,0.3497
1784760004,5e9574d6d,debug,plain-typing,keystroke_p50_ms,0.2990
1784760244,5e9574d6d,debug,search-landing,worst_ms,26.8062
1784760244,5e9574d6d,debug,search-scroll,paint_p50_ms,0.3660
1784760244,5e9574d6d,debug,search-scroll,paint_p95_ms,0.5416
1784763933,1f1abba96,debug,plain-typing,keystroke_p50_ms,0.3026
1784766376,ce9506e90,debug,plain-typing,keystroke_p50_ms,0.2880
1784766443,ce9506e90,debug,plain-typing,keystroke_p50_ms,0.2911
1784767157,8ad7f5b08,debug,tree-demo,toggle_ms,0.8649
1784767186,8ad7f5b08,debug,render-scroll,avg_ms,1.2757
1784767186,8ad7f5b08,debug,render-scroll,p50_ms,1.2258
1784767186,8ad7f5b08,debug,render-scroll,p95_ms,1.8695
1784767212,8ad7f5b08,debug,monster-scroll,paint_p50_ms,2.6140
1784767212,8ad7f5b08,debug,monster-scroll,paint_p95_ms,3.5889
1784767239,8ad7f5b08,debug,monster-search-scroll,paint_p50_ms,0.0000
1784767239,8ad7f5b08,debug,monster-search-scroll,paint_max_ms,0.0000
1784767276,8ad7f5b08,debug,styled-typing,p50_ms,2.9217
1784767276,8ad7f5b08,debug,styled-typing,p95_ms,4.5292
1784767286,8ad7f5b08,debug,wall,open_ms,109.8168
1784767286,8ad7f5b08,debug,wall,typing_p50_ms,1.0321
1784767313,8ad7f5b08,debug,burst-typing,p50_ms,4.7957
1784767313,8ad7f5b08,debug,burst-typing,p95_ms,16.0955
1784767348,8ad7f5b08,debug,typing,monster_p50_ms,2.5855
1784767348,8ad7f5b08,debug,typing,scratch_p50_ms,0.6994
1784767425,8ad7f5b08,debug,documents-list,refresh_ms,69.8548
1784767425,8ad7f5b08,debug,documents-list,scroll_p50_ms,0.0110
1784767425,8ad7f5b08,debug,documents-list,paint_p50_ms,0.2532
1784767479,8ad7f5b08,debug,plain-typing,keystroke_p50_ms,0.3010
1784767687,8ad7f5b08,debug,diff-open,open_ms,48.2418
1784767687,8ad7f5b08,debug,diff-typing,p50_ms,0.5412
1784767687,8ad7f5b08,debug,diff-resize,frame_p50_ms,4.0463
1784767687,8ad7f5b08,debug,diff-resize,frame_worst_ms,4.5464
1784767986,451ff6e11,debug,monster-resize,sync_ms,27.7023
1784767986,451ff6e11,debug,monster-resize,repair_effect_ms,59.6571
1784768747,451ff6e11,debug,code-typing,p50_ms,0.5987
1784768747,451ff6e11,debug,code-typing,p95_ms,0.6685
1784769884,451ff6e11,debug,list-scroll,build_ms,9.6516
1784769884,451ff6e11,debug,list-scroll,frame_p50_ms,0.0335
1784769884,451ff6e11,debug,list-scroll,frame_p95_ms,0.0520
1784769884,451ff6e11,debug,tree-ops,toggle_ms,0.0731
1784769884,451ff6e11,debug,tree-ops,build_ms,360.0371
1784771108,451ff6e11,debug,search-landing,worst_ms,26.1416
1784771108,451ff6e11,debug,search-scroll,paint_p50_ms,0.2916
1784771108,451ff6e11,debug,search-scroll,paint_p95_ms,0.4710
1784819891,451ff6e11,debug,tree-demo,toggle_ms,0.3715
1784819911,451ff6e11,debug,monster-search-scroll,paint_p50_ms,0.0000
1784819911,451ff6e11,debug,monster-search-scroll,paint_max_ms,0.0000
1784819942,451ff6e11,debug,monster-scroll,paint_p50_ms,2.5446
1784819942,451ff6e11,debug,monster-scroll,paint_p95_ms,3.3158
1784819979,451ff6e11,debug,styled-typing,p50_ms,2.7392
1784819979,451ff6e11,debug,styled-typing,p95_ms,3.2802
1784820013,451ff6e11,debug,render-scroll,avg_ms,1.2234
1784820013,451ff6e11,debug,render-scroll,p50_ms,1.1900
1784820013,451ff6e11,debug,render-scroll,p95_ms,1.7345
1784820021,451ff6e11,debug,wall,open_ms,105.3524
1784820022,451ff6e11,debug,wall,typing_p50_ms,0.8561
1784820042,451ff6e11,debug,burst-typing,p50_ms,4.1897
1784820042,451ff6e11,debug,burst-typing,p95_ms,16.4212
1784820077,451ff6e11,debug,typing,monster_p50_ms,2.5013
1784820077,451ff6e11,debug,typing,scratch_p50_ms,0.6212
1784820095,451ff6e11,debug,plain-typing,keystroke_p50_ms,0.2975
1784820150,451ff6e11,debug,monster-resize,sync_ms,28.5995
1784820150,451ff6e11,debug,monster-resize,repair_effect_ms,61.5539
1784820330,451ff6e11,debug,diff-open,open_ms,106.4207
1784820330,451ff6e11,debug,diff-typing,p50_ms,0.4310
1784820331,451ff6e11,debug,diff-resize,frame_p50_ms,4.2030
1784820331,451ff6e11,debug,diff-resize,frame_worst_ms,4.5868
1784822955,451ff6e11,debug,plain-typing,keystroke_p50_ms,0.3008
1784823017,451ff6e11,debug,monster-resize,sync_ms,26.6462
1784823017,451ff6e11,debug,monster-resize,repair_effect_ms,60.9490
1784823800,451ff6e11,debug,plain-typing,keystroke_p50_ms,0.2962
1784823837,451ff6e11,debug,diff-open,open_ms,93.4697
1784823837,451ff6e11,debug,diff-typing,p50_ms,0.3462
1784823837,451ff6e11,debug,diff-resize,frame_p50_ms,4.3779
1784823837,451ff6e11,debug,diff-resize,frame_worst_ms,4.6505
1784823871,451ff6e11,debug,monster-resize,sync_ms,28.9629
1784823871,451ff6e11,debug,monster-resize,repair_effect_ms,61.7537
1784825628,eb4499e39,debug,plain-typing,keystroke_p50_ms,0.2898
1784827318,466c2922a,debug,documents-list,refresh_ms,59.4631
1784827318,466c2922a,debug,documents-list,scroll_p50_ms,0.0109
1784827318,466c2922a,debug,documents-list,paint_p50_ms,0.2642
1784827332,466c2922a,debug,plain-typing,keystroke_p50_ms,0.2856
1784827386,466c2922a,debug,diff-open,open_ms,101.2391
1784827386,466c2922a,debug,diff-typing,p50_ms,0.3403
1784827387,466c2922a,debug,diff-resize,frame_p50_ms,4.3634
1784827387,466c2922a,debug,diff-resize,frame_worst_ms,4.8178
1784829044,86634bfd7,debug,diff-open,open_ms,58.9666
1784829044,86634bfd7,debug,diff-typing,p50_ms,0.3389
1784829045,86634bfd7,debug,diff-resize,frame_p50_ms,4.2996
1784829045,86634bfd7,debug,diff-resize,frame_worst_ms,4.5333
1784829463,86634bfd7,debug,list-scroll,build_ms,6.5822
1784829463,86634bfd7,debug,list-scroll,frame_p50_ms,0.0320
1784829463,86634bfd7,debug,list-scroll,frame_p95_ms,0.0351
1784829463,86634bfd7,debug,tree-ops,toggle_ms,0.0767
1784829463,86634bfd7,debug,tree-ops,build_ms,344.4888
1784914022,a9020a204,debug,plain-typing,keystroke_p50_ms,0.3003
1784914523,a9020a204,debug,render-scroll,avg_ms,1.2124
1784914523,a9020a204,debug,render-scroll,p50_ms,1.1650
1784914523,a9020a204,debug,render-scroll,p95_ms,1.7695
1784914552,a9020a204,debug,monster-search-scroll,paint_p50_ms,0.0000
1784914552,a9020a204,debug,monster-search-scroll,paint_max_ms,0.0000
1784914576,a9020a204,debug,monster-scroll,paint_p50_ms,2.4660
1784914576,a9020a204,debug,monster-scroll,paint_p95_ms,3.3248
1784914613,a9020a204,debug,styled-typing,p50_ms,2.6941
1784914613,a9020a204,debug,styled-typing,p95_ms,3.3063
1784914623,a9020a204,debug,wall,open_ms,107.6145
1784914623,a9020a204,debug,wall,typing_p50_ms,0.8698
1784914649,a9020a204,debug,burst-typing,p50_ms,4.4117
1784914649,a9020a204,debug,burst-typing,p95_ms,16.3178
1784914684,a9020a204,debug,typing,monster_p50_ms,2.4024
1784914684,a9020a204,debug,typing,scratch_p50_ms,0.6816
1784914851,a9020a204,debug,tree-demo,toggle_ms,0.3445
1784916450,a9020a204,debug,tree-demo,toggle_ms,1.5893
1784916481,a9020a204,debug,styled-typing,p50_ms,3.0363
1784916481,a9020a204,debug,styled-typing,p95_ms,3.7325
1784916514,a9020a204,debug,monster-scroll,paint_p50_ms,2.5650
1784916514,a9020a204,debug,monster-scroll,paint_p95_ms,3.4621
1784916537,a9020a204,debug,monster-search-scroll,paint_p50_ms,0.0000
1784916537,a9020a204,debug,monster-search-scroll,paint_max_ms,0.0000
1784916565,a9020a204,debug,render-scroll,avg_ms,1.1612
1784916565,a9020a204,debug,render-scroll,p50_ms,1.1089
1784916565,a9020a204,debug,render-scroll,p95_ms,1.7323
1784916573,a9020a204,debug,wall,open_ms,108.1811
1784916573,a9020a204,debug,wall,typing_p50_ms,0.9735
1784916598,a9020a204,debug,burst-typing,p50_ms,4.3363
1784916598,a9020a204,debug,burst-typing,p95_ms,16.5979
1784916634,a9020a204,debug,typing,monster_p50_ms,2.4901
1784916634,a9020a204,debug,typing,scratch_p50_ms,0.7208
1784921814,a9020a204,debug,documents-list,refresh_ms,43.4509
1784921814,a9020a204,debug,documents-list,scroll_p50_ms,0.0118
1784921814,a9020a204,debug,documents-list,paint_p50_ms,0.2523
1784934434,a9020a204,debug,plain-typing,keystroke_p50_ms,0.3103
1784942265,a9020a204,debug,diff-open,open_ms,256.0418
1784942265,a9020a204,debug,diff-typing,p50_ms,0.7150
1784942268,a9020a204,debug,diff-resize,frame_p50_ms,15.2550
1784942268,a9020a204,debug,diff-resize,frame_worst_ms,23.2501
1784985655,d7ffbc83e,debug,tree-demo,toggle_ms,0.4343
1784985660,d7ffbc83e,debug,styled-typing,p50_ms,2.9934
1784985660,d7ffbc83e,debug,styled-typing,p95_ms,4.0553
1784985695,d7ffbc83e,debug,monster-scroll,paint_p50_ms,2.5137
1784985695,d7ffbc83e,debug,monster-scroll,paint_p95_ms,3.3614
1784985721,d7ffbc83e,debug,monster-search-scroll,paint_p50_ms,0.0000
1784985721,d7ffbc83e,debug,monster-search-scroll,paint_max_ms,0.0000
1784985754,d7ffbc83e,debug,render-scroll,avg_ms,1.1111
1784985754,d7ffbc83e,debug,render-scroll,p50_ms,1.0594
1784985754,d7ffbc83e,debug,render-scroll,p95_ms,1.6454
1784985762,d7ffbc83e,debug,wall,open_ms,107.7648
1784985762,d7ffbc83e,debug,wall,typing_p50_ms,0.9659
1784985787,d7ffbc83e,debug,burst-typing,p50_ms,5.3011
1784985787,d7ffbc83e,debug,burst-typing,p95_ms,15.7190
1784985821,d7ffbc83e,debug,typing,monster_p50_ms,2.4208
1784985821,d7ffbc83e,debug,typing,scratch_p50_ms,0.6780
1784985883,d7ffbc83e,debug,documents-list,refresh_ms,43.9914
1784985883,d7ffbc83e,debug,documents-list,scroll_p50_ms,0.0127
1784985883,d7ffbc83e,debug,documents-list,paint_p50_ms,0.2838
1784985966,d7ffbc83e,debug,plain-typing,keystroke_p50_ms,0.4088
1784986273,d7ffbc83e,debug,diff-open,open_ms,61.0293
1784986273,d7ffbc83e,debug,diff-typing,p50_ms,0.4595
1784986274,d7ffbc83e,debug,diff-resize,frame_p50_ms,4.1803
1784986274,d7ffbc83e,debug,diff-resize,frame_worst_ms,4.5595
1784986517,d7ffbc83e,debug,tree-demo,toggle_ms,0.4016
1784987854,d7ffbc83e,debug,plain-typing,keystroke_p50_ms,0.2927
1784987922,d7ffbc83e,debug,diff-open,open_ms,29.8630
1784987922,d7ffbc83e,debug,diff-typing,p50_ms,0.3886
1784987922,d7ffbc83e,debug,diff-resize,frame_p50_ms,4.0603
1784987922,d7ffbc83e,debug,diff-resize,frame_worst_ms,4.3726
1784988303,d7ffbc83e,debug,monster-scroll,paint_p50_ms,2.9921
1784988303,d7ffbc83e,debug,monster-scroll,paint_p95_ms,4.4028
1784988306,d7ffbc83e,debug,tree-demo,toggle_ms,0.5492
1784988342,d7ffbc83e,debug,styled-typing,p50_ms,2.6898
1784988342,d7ffbc83e,debug,styled-typing,p95_ms,3.2303
1784988376,4fca0fbf2,debug,render-scroll,avg_ms,1.1356
1784988376,4fca0fbf2,debug,render-scroll,p50_ms,1.0820
1784988376,4fca0fbf2,debug,render-scroll,p95_ms,1.6990
1784988397,4fca0fbf2,debug,monster-search-scroll,paint_p50_ms,0.0000
1784988397,4fca0fbf2,debug,monster-search-scroll,paint_max_ms,0.0000
1784988405,4fca0fbf2,debug,wall,open_ms,109.1065
1784988405,4fca0fbf2,debug,wall,typing_p50_ms,0.9032
1784988430,4fca0fbf2,debug,burst-typing,p50_ms,4.1756
1784988430,4fca0fbf2,debug,burst-typing,p95_ms,16.3943
1784988461,4fca0fbf2,debug,typing,monster_p50_ms,2.4027
1784988461,4fca0fbf2,debug,typing,scratch_p50_ms,0.6258
1784988520,4fca0fbf2,debug,documents-list,refresh_ms,34.0977
1784988520,4fca0fbf2,debug,documents-list,scroll_p50_ms,0.0115
1784988520,4fca0fbf2,debug,documents-list,paint_p50_ms,0.2516
1784988565,4fca0fbf2,debug,plain-typing,keystroke_p50_ms,0.2903
1784988716,4fca0fbf2,debug,diff-open,open_ms,50.7215
1784988716,4fca0fbf2,debug,diff-typing,p50_ms,0.3923
1784988716,4fca0fbf2,debug,diff-resize,frame_p50_ms,4.1930
1784988716,4fca0fbf2,debug,diff-resize,frame_worst_ms,4.6500
1784991761,964f607b2,debug,tree-demo,toggle_ms,0.3510
1784991789,964f607b2,debug,render-scroll,avg_ms,1.1447
1784991789,964f607b2,debug,render-scroll,p50_ms,1.0972
1784991789,964f607b2,debug,render-scroll,p95_ms,1.6719
1784991828,964f607b2,debug,styled-typing,p50_ms,2.5141
1784991828,964f607b2,debug,styled-typing,p95_ms,2.9904
1784991859,964f607b2,debug,monster-scroll,paint_p50_ms,2.4059
1784991859,964f607b2,debug,monster-scroll,paint_p95_ms,3.2104
1784991886,964f607b2,debug,monster-search-scroll,paint_p50_ms,0.0000
1784991886,964f607b2,debug,monster-search-scroll,paint_max_ms,0.0000
1784991893,964f607b2,debug,wall,open_ms,111.2255
1784991893,964f607b2,debug,wall,typing_p50_ms,0.8612
1784991912,964f607b2,debug,burst-typing,p50_ms,4.1569
1784991912,964f607b2,debug,burst-typing,p95_ms,16.6820
1784991948,964f607b2,debug,typing,monster_p50_ms,2.1797
1784991948,964f607b2,debug,typing,scratch_p50_ms,0.4766
1784992164,964f607b2,debug,documents-list,refresh_ms,33.9183
1784992164,964f607b2,debug,documents-list,scroll_p50_ms,0.0121
1784992164,964f607b2,debug,documents-list,paint_p50_ms,0.2558
1784992290,964f607b2,debug,plain-typing,keystroke_p50_ms,0.2993
1784992597,964f607b2,debug,diff-open,open_ms,56.1727
1784992597,964f607b2,debug,diff-typing,p50_ms,0.4029
1784992597,964f607b2,debug,diff-resize,frame_p50_ms,4.0560
1784992597,964f607b2,debug,diff-resize,frame_worst_ms,4.7486
1784992885,810c512fa,debug,monster-resize,sync_ms,33.0429
1784992885,810c512fa,debug,monster-resize,repair_effect_ms,58.5907
1784993027,810c512fa,debug,code-typing,p50_ms,0.6250
1784993027,810c512fa,debug,code-typing,p95_ms,0.6993
1784993154,810c512fa,debug,list-scroll,build_ms,8.1304
1784993154,810c512fa,debug,list-scroll,frame_p50_ms,0.0355
1784993154,810c512fa,debug,list-scroll,frame_p95_ms,0.0510
1784993154,810c512fa,debug,tree-ops,toggle_ms,0.0722
1784993154,810c512fa,debug,tree-ops,build_ms,358.2472
1784994317,810c512fa,debug,monster-search-scroll,paint_p50_ms,0.0000
1784994317,810c512fa,debug,monster-search-scroll,paint_max_ms,0.0000
1784994322,810c512fa,debug,tree-demo,toggle_ms,0.5355
1784994357,810c512fa,debug,styled-typing,p50_ms,2.6968
1784994357,810c512fa,debug,styled-typing,p95_ms,3.1481
1784994388,810c512fa,debug,monster-scroll,paint_p50_ms,2.4770
1784994388,810c512fa,debug,monster-scroll,paint_p95_ms,3.3194
1784994422,810c512fa,debug,render-scroll,avg_ms,1.1104
1784994422,810c512fa,debug,render-scroll,p50_ms,1.0574
1784994422,810c512fa,debug,render-scroll,p95_ms,1.6425
1784994430,810c512fa,debug,wall,open_ms,105.1377
1784994430,810c512fa,debug,wall,typing_p50_ms,0.8889
1784994455,810c512fa,debug,burst-typing,p50_ms,4.2392
1784994455,810c512fa,debug,burst-typing,p95_ms,16.0103
1784994489,810c512fa,debug,typing,monster_p50_ms,2.3340
1784994489,810c512fa,debug,typing,scratch_p50_ms,0.5815
1784994549,810c512fa,debug,documents-list,refresh_ms,42.8835
1784994549,810c512fa,debug,documents-list,scroll_p50_ms,0.0116
1784994549,810c512fa,debug,documents-list,paint_p50_ms,0.2494
1784994594,810c512fa,debug,plain-typing,keystroke_p50_ms,0.2897
1784994751,810c512fa,debug,diff-open,open_ms,69.3024
1784994751,810c512fa,debug,diff-typing,p50_ms,0.7508
1784994751,810c512fa,debug,diff-resize,frame_p50_ms,4.1476
1784994751,810c512fa,debug,diff-resize,frame_worst_ms,4.3897
1784996745,40f6a60b7,debug,tree-demo,toggle_ms,0.3590
1784996750,40f6a60b7,debug,monster-scroll,paint_p50_ms,2.7318
1784996750,40f6a60b7,debug,monster-scroll,paint_p95_ms,3.9508
1784996784,40f6a60b7,debug,render-scroll,avg_ms,1.0930
1784996784,40f6a60b7,debug,render-scroll,p50_ms,1.0435
1784996784,40f6a60b7,debug,render-scroll,p95_ms,1.6119
1784996810,40f6a60b7,debug,monster-search-scroll,paint_p50_ms,0.0000
1784996810,40f6a60b7,debug,monster-search-scroll,paint_max_ms,0.0000
1784996846,40f6a60b7,debug,styled-typing,p50_ms,2.5952
1784996846,40f6a60b7,debug,styled-typing,p95_ms,3.0328
1784996856,40f6a60b7,debug,wall,open_ms,105.0612
1784996856,40f6a60b7,debug,wall,typing_p50_ms,0.8967
1784996876,40f6a60b7,debug,burst-typing,p50_ms,4.5670
1784996876,40f6a60b7,debug,burst-typing,p95_ms,16.8102
1784996905,40f6a60b7,debug,typing,monster_p50_ms,2.3052
1784996905,40f6a60b7,debug,typing,scratch_p50_ms,0.6348
1784996965,40f6a60b7,debug,documents-list,refresh_ms,42.9650
1784996965,40f6a60b7,debug,documents-list,scroll_p50_ms,0.0116
1784996965,40f6a60b7,debug,documents-list,paint_p50_ms,0.2506
1784997011,40f6a60b7,debug,plain-typing,keystroke_p50_ms,0.2832
1784997147,40f6a60b7,debug,plain-typing,keystroke_p50_ms,0.3004
1784997540,40f6a60b7,debug,tree-demo,toggle_ms,0.3903
1784997545,40f6a60b7,debug,monster-scroll,paint_p50_ms,2.7417
1784997545,40f6a60b7,debug,monster-scroll,paint_p95_ms,3.9898
1784997576,40f6a60b7,debug,styled-typing,p50_ms,2.6604
1784997576,40f6a60b7,debug,styled-typing,p95_ms,3.3362
1784997596,40f6a60b7,debug,monster-search-scroll,paint_p50_ms,0.0000
1784997596,40f6a60b7,debug,monster-search-scroll,paint_max_ms,0.0000
1784997624,40f6a60b7,debug,render-scroll,avg_ms,1.0848
1784997624,40f6a60b7,debug,render-scroll,p50_ms,1.0388
1784997624,40f6a60b7,debug,render-scroll,p95_ms,1.5880
1784997631,40f6a60b7,debug,wall,open_ms,104.9674
1784997631,40f6a60b7,debug,wall,typing_p50_ms,0.8481
1784997656,40f6a60b7,debug,burst-typing,p50_ms,4.1472
1784997656,40f6a60b7,debug,burst-typing,p95_ms,16.5441
1784997690,40f6a60b7,debug,typing,monster_p50_ms,2.3028
1784997690,40f6a60b7,debug,typing,scratch_p50_ms,0.6093
1784997751,40f6a60b7,debug,documents-list,refresh_ms,43.0015
1784997751,40f6a60b7,debug,documents-list,scroll_p50_ms,0.0116
1784997751,40f6a60b7,debug,documents-list,paint_p50_ms,0.2461
1784997797,40f6a60b7,debug,plain-typing,keystroke_p50_ms,0.2955
1784997947,40f6a60b7,debug,diff-open,open_ms,133.0458
1784997947,40f6a60b7,debug,diff-typing,p50_ms,0.3191
1784997948,40f6a60b7,debug,diff-resize,frame_p50_ms,4.1675
1784997948,40f6a60b7,debug,diff-resize,frame_worst_ms,4.5855
1785005494,515673685,debug,plain-typing,keystroke_p50_ms,0.3103
1785005841,515673685,debug,tree-demo,toggle_ms,0.3662
1785005848,515673685,debug,render-scroll,avg_ms,1.2050
1785005848,515673685,debug,render-scroll,p50_ms,1.1550
1785005848,515673685,debug,render-scroll,p95_ms,1.7641
1785005886,515673685,debug,styled-typing,p50_ms,2.5719
1785005886,515673685,debug,styled-typing,p95_ms,3.0855
1785005914,515673685,debug,monster-search-scroll,paint_p50_ms,0.0000
1785005914,515673685,debug,monster-search-scroll,paint_max_ms,0.0000
1785005944,515673685,debug,monster-scroll,paint_p50_ms,2.4379
1785005944,515673685,debug,monster-scroll,paint_p95_ms,3.2505
1785005951,515673685,debug,wall,open_ms,106.7982
1785005951,515673685,debug,wall,typing_p50_ms,0.8885
1785005976,515673685,debug,burst-typing,p50_ms,4.2470
1785005976,515673685,debug,burst-typing,p95_ms,16.5264
1785006010,515673685,debug,typing,monster_p50_ms,2.3878
1785006010,515673685,debug,typing,scratch_p50_ms,0.5995
1785006098,fe0505f4f,debug,documents-list,refresh_ms,62.8276
1785006098,fe0505f4f,debug,documents-list,scroll_p50_ms,0.0141
1785006098,fe0505f4f,debug,documents-list,paint_p50_ms,0.4040
1785006187,fe0505f4f,debug,plain-typing,keystroke_p50_ms,0.3114
1785006340,fe0505f4f,debug,diff-open,open_ms,48.3450
1785006340,fe0505f4f,debug,diff-typing,p50_ms,0.3675
1785006340,fe0505f4f,debug,diff-resize,frame_p50_ms,4.1125
1785006340,fe0505f4f,debug,diff-resize,frame_worst_ms,4.6205
1785006794,fe0505f4f,debug,tree-demo,toggle_ms,0.6455
1785006821,fe0505f4f,debug,monster-scroll,paint_p50_ms,2.8661
1785006821,fe0505f4f,debug,monster-scroll,paint_p95_ms,3.9192
1785006860,fe0505f4f,debug,styled-typing,p50_ms,2.6172
1785006860,fe0505f4f,debug,styled-typing,p95_ms,2.9736
1785006886,fe0505f4f,debug,monster-search-scroll,paint_p50_ms,0.0000
1785006886,fe0505f4f,debug,monster-search-scroll,paint_max_ms,0.0000
1785006919,fe0505f4f,debug,render-scroll,avg_ms,1.1057
1785006919,fe0505f4f,debug,render-scroll,p50_ms,1.0574
1785006919,fe0505f4f,debug,render-scroll,p95_ms,1.6264
1785006927,fe0505f4f,debug,wall,open_ms,105.7260
1785006927,fe0505f4f,debug,wall,typing_p50_ms,0.8721
1785006949,fe0505f4f,debug,burst-typing,p50_ms,4.2037
1785006949,fe0505f4f,debug,burst-typing,p95_ms,16.0425
1785006980,fe0505f4f,debug,typing,monster_p50_ms,2.3817
1785006980,fe0505f4f,debug,typing,scratch_p50_ms,0.6280
1785007042,fe0505f4f,debug,documents-list,refresh_ms,33.5552
1785007042,fe0505f4f,debug,documents-list,scroll_p50_ms,0.0115
1785007042,fe0505f4f,debug,documents-list,paint_p50_ms,0.2475
1785007088,fe0505f4f,debug,plain-typing,keystroke_p50_ms,0.2976
1785007242,fe0505f4f,debug,diff-open,open_ms,133.1189
1785007242,fe0505f4f,debug,diff-typing,p50_ms,0.2867
1785007242,fe0505f4f,debug,diff-resize,frame_p50_ms,4.0263
1785007242,fe0505f4f,debug,diff-resize,frame_worst_ms,4.6091
1785013500,9ae0b3d58,debug,tree-demo,toggle_ms,0.7244
1785013517,9ae0b3d58,debug,styled-typing,p50_ms,2.9785
1785013517,9ae0b3d58,debug,styled-typing,p95_ms,3.6227
1785013545,9ae0b3d58,debug,monster-scroll,paint_p50_ms,2.4560
1785013545,9ae0b3d58,debug,monster-scroll,paint_p95_ms,3.3099
1785013571,9ae0b3d58,debug,monster-search-scroll,paint_p50_ms,0.0000
1785013571,9ae0b3d58,debug,monster-search-scroll,paint_max_ms,0.0000
1785013605,9ae0b3d58,debug,render-scroll,avg_ms,1.1231
1785013605,9ae0b3d58,debug,render-scroll,p50_ms,1.0789
1785013605,9ae0b3d58,debug,render-scroll,p95_ms,1.6573
1785013612,9ae0b3d58,debug,wall,open_ms,107.3255
1785013612,9ae0b3d58,debug,wall,typing_p50_ms,0.9244
1785013637,9ae0b3d58,debug,burst-typing,p50_ms,4.2546
1785013637,9ae0b3d58,debug,burst-typing,p95_ms,15.8462
1785013672,9ae0b3d58,debug,typing,monster_p50_ms,2.4963
1785013672,9ae0b3d58,debug,typing,scratch_p50_ms,0.7022
1785013735,9ae0b3d58,debug,documents-list,refresh_ms,33.6450
1785013735,9ae0b3d58,debug,documents-list,scroll_p50_ms,0.0115
1785013735,9ae0b3d58,debug,documents-list,paint_p50_ms,0.2521
1785013782,9ae0b3d58,debug,plain-typing,keystroke_p50_ms,0.2878
1785013942,9ae0b3d58,debug,diff-open,open_ms,70.8670
1785013942,9ae0b3d58,debug,diff-typing,p50_ms,0.3125
1785013942,9ae0b3d58,debug,diff-resize,frame_p50_ms,4.2047
1785013942,9ae0b3d58,debug,diff-resize,frame_worst_ms,4.6872
1785015090,9ae0b3d58,debug,tree-demo,toggle_ms,0.4191
1785015095,9ae0b3d58,debug,monster-scroll,paint_p50_ms,3.2342
1785015095,9ae0b3d58,debug,monster-scroll,paint_p95_ms,4.6479
1785015131,9ae0b3d58,debug,render-scroll,avg_ms,1.1559
1785015131,9ae0b3d58,debug,render-scroll,p50_ms,1.1087
1785015131,9ae0b3d58,debug,render-scroll,p95_ms,1.7086
1785015168,9ae0b3d58,debug,styled-typing,p50_ms,2.6723
1785015168,9ae0b3d58,debug,styled-typing,p95_ms,3.2117
1785015197,9ae0b3d58,debug,monster-search-scroll,paint_p50_ms,0.0000
1785015197,9ae0b3d58,debug,monster-search-scroll,paint_max_ms,0.0000
1785015204,9ae0b3d58,debug,wall,open_ms,106.7839
1785015204,9ae0b3d58,debug,wall,typing_p50_ms,0.8802
1785015230,9ae0b3d58,debug,burst-typing,p50_ms,5.9155
1785015230,9ae0b3d58,debug,burst-typing,p95_ms,16.9177
1785015265,9ae0b3d58,debug,typing,monster_p50_ms,2.5062
1785015265,9ae0b3d58,debug,typing,scratch_p50_ms,0.6516
1785015329,9ae0b3d58,debug,documents-list,refresh_ms,45.6487
1785015329,9ae0b3d58,debug,documents-list,scroll_p50_ms,0.0288
1785015329,9ae0b3d58,debug,documents-list,paint_p50_ms,0.2684
1785015367,9ae0b3d58,debug,plain-typing,keystroke_p50_ms,0.3101
1785015527,9ae0b3d58,debug,diff-open,open_ms,154.1079
1785015527,9ae0b3d58,debug,diff-typing,p50_ms,0.3310
1785015527,9ae0b3d58,debug,diff-resize,frame_p50_ms,4.1685
1785015527,9ae0b3d58,debug,diff-resize,frame_worst_ms,4.7430
1785017777,9ae0b3d58,debug,tree-demo,toggle_ms,0.8411
1785017806,9ae0b3d58,debug,render-scroll,avg_ms,1.2378
1785017806,9ae0b3d58,debug,render-scroll,p50_ms,1.1914
1785017806,9ae0b3d58,debug,render-scroll,p95_ms,1.8068
1785017839,9ae0b3d58,debug,monster-scroll,paint_p50_ms,2.5981
1785017839,9ae0b3d58,debug,monster-scroll,paint_p95_ms,3.8004
1785017866,9ae0b3d58,debug,monster-search-scroll,paint_p50_ms,0.0000
1785017866,9ae0b3d58,debug,monster-search-scroll,paint_max_ms,0.0000
1785017903,9ae0b3d58,debug,styled-typing,p50_ms,2.7831
1785017903,9ae0b3d58,debug,styled-typing,p95_ms,3.3946
1785017912,9ae0b3d58,debug,wall,open_ms,116.5993
1785017912,9ae0b3d58,debug,wall,typing_p50_ms,1.0811
1785017933,9ae0b3d58,debug,burst-typing,p50_ms,5.5208
1785017933,9ae0b3d58,debug,burst-typing,p95_ms,19.9784
1785017967,9ae0b3d58,debug,typing,monster_p50_ms,2.8925
1785017967,9ae0b3d58,debug,typing,scratch_p50_ms,0.7959
1785018050,9ae0b3d58,debug,documents-list,refresh_ms,45.3973
1785018050,9ae0b3d58,debug,documents-list,scroll_p50_ms,0.0297
1785018050,9ae0b3d58,debug,documents-list,paint_p50_ms,0.2765
1785018083,9ae0b3d58,debug,plain-typing,keystroke_p50_ms,0.3182
1785018307,9ae0b3d58,debug,tree-demo,toggle_ms,0.3924
1785018317,9ae0b3d58,debug,styled-typing,p50_ms,2.8765
1785018317,9ae0b3d58,debug,styled-typing,p95_ms,3.3940
1785018352,9ae0b3d58,debug,monster-scroll,paint_p50_ms,2.5104
1785018352,9ae0b3d58,debug,monster-scroll,paint_p95_ms,3.3684
1785018378,9ae0b3d58,debug,monster-search-scroll,paint_p50_ms,0.0000
1785018378,9ae0b3d58,debug,monster-search-scroll,paint_max_ms,0.0000
1785018412,9ae0b3d58,debug,render-scroll,avg_ms,1.1253
1785018412,9ae0b3d58,debug,render-scroll,p50_ms,1.0800
1785018412,9ae0b3d58,debug,render-scroll,p95_ms,1.6595
1785018419,9ae0b3d58,debug,wall,open_ms,106.6805
1785018419,9ae0b3d58,debug,wall,typing_p50_ms,0.9223
1785018445,9ae0b3d58,debug,burst-typing,p50_ms,4.3368
1785018445,9ae0b3d58,debug,burst-typing,p95_ms,16.7403
1785018480,9ae0b3d58,debug,typing,monster_p50_ms,2.5028
1785018480,9ae0b3d58,debug,typing,scratch_p50_ms,0.6692
1785018554,9ae0b3d58,debug,documents-list,refresh_ms,35.5609
1785018554,9ae0b3d58,debug,documents-list,scroll_p50_ms,0.0294
1785018554,9ae0b3d58,debug,documents-list,paint_p50_ms,0.2766
1785018596,9ae0b3d58,debug,plain-typing,keystroke_p50_ms,0.3022
1785018756,9ae0b3d58,debug,diff-open,open_ms,58.9675
1785018756,9ae0b3d58,debug,diff-typing,p50_ms,0.4773
1785018756,9ae0b3d58,debug,diff-resize,frame_p50_ms,4.3076
1785018756,9ae0b3d58,debug,diff-resize,frame_worst_ms,4.6952
1785020549,9ae0b3d58,debug,tree-demo,toggle_ms,0.5697
1785020553,9ae0b3d58,debug,monster-scroll,paint_p50_ms,2.8577
1785020553,9ae0b3d58,debug,monster-scroll,paint_p95_ms,4.2505
1785020592,9ae0b3d58,debug,styled-typing,p50_ms,2.7592
1785020592,9ae0b3d58,debug,styled-typing,p95_ms,3.2668
1785020619,9ae0b3d58,debug,monster-search-scroll,paint_p50_ms,0.0000
1785020619,9ae0b3d58,debug,monster-search-scroll,paint_max_ms,0.0000
1785020653,9ae0b3d58,debug,render-scroll,avg_ms,1.1564
1785020653,9ae0b3d58,debug,render-scroll,p50_ms,1.0978
1785020653,9ae0b3d58,debug,render-scroll,p95_ms,1.7247
1785020663,9ae0b3d58,debug,wall,open_ms,107.6250
1785020663,9ae0b3d58,debug,wall,typing_p50_ms,0.9317
1785020688,9ae0b3d58,debug,burst-typing,p50_ms,4.4572
1785020688,9ae0b3d58,debug,burst-typing,p95_ms,15.7743
1785020724,9ae0b3d58,debug,typing,monster_p50_ms,2.4429
1785020724,9ae0b3d58,debug,typing,scratch_p50_ms,0.6720
1785020748,9ae0b3d58,debug,documents-list,refresh_ms,44.2266
1785020748,9ae0b3d58,debug,documents-list,scroll_p50_ms,0.0296
1785020748,9ae0b3d58,debug,documents-list,paint_p50_ms,0.2718
1785020776,9ae0b3d58,debug,plain-typing,keystroke_p50_ms,0.3048
1785020877,9ae0b3d58,debug,diff-open,open_ms,105.0208
1785020877,9ae0b3d58,debug,diff-typing,p50_ms,0.8457
1785020877,9ae0b3d58,debug,diff-resize,frame_p50_ms,4.4649
1785020877,9ae0b3d58,debug,diff-resize,frame_worst_ms,4.9088
1785021138,9ae0b3d58,debug,monster-resize,sync_ms,32.3470
1785021138,9ae0b3d58,debug,monster-resize,repair_effect_ms,62.0018
1785021289,9ae0b3d58,debug,code-typing,p50_ms,0.6112
1785021289,9ae0b3d58,debug,code-typing,p95_ms,0.7686
1785021614,9ae0b3d58,debug,tree-demo,toggle_ms,0.6450
1785021622,9ae0b3d58,debug,render-scroll,avg_ms,1.2858
1785021622,9ae0b3d58,debug,render-scroll,p50_ms,1.2150
1785021622,9ae0b3d58,debug,render-scroll,p95_ms,1.9379
1785021662,9ae0b3d58,debug,styled-typing,p50_ms,2.8816
1785021662,9ae0b3d58,debug,styled-typing,p95_ms,3.5568
1785021684,9ae0b3d58,debug,monster-search-scroll,paint_p50_ms,0.0000
1785021684,9ae0b3d58,debug,monster-search-scroll,paint_max_ms,0.0000
1785021715,9ae0b3d58,debug,monster-scroll,paint_p50_ms,2.5480
1785021715,9ae0b3d58,debug,monster-scroll,paint_p95_ms,3.4437
1785021722,9ae0b3d58,debug,wall,open_ms,108.9794
1785021722,9ae0b3d58,debug,wall,typing_p50_ms,0.9258
1785021748,9ae0b3d58,debug,burst-typing,p50_ms,4.1965
1785021748,9ae0b3d58,debug,burst-typing,p95_ms,16.5332
1785021784,9ae0b3d58,debug,typing,monster_p50_ms,2.5873
1785021784,9ae0b3d58,debug,typing,scratch_p50_ms,0.7317
1785021809,9ae0b3d58,debug,documents-list,refresh_ms,36.0086
1785021809,9ae0b3d58,debug,documents-list,scroll_p50_ms,0.0282
1785021809,9ae0b3d58,debug,documents-list,paint_p50_ms,0.2745
1785021836,9ae0b3d58,debug,plain-typing,keystroke_p50_ms,0.2968
1785021935,9ae0b3d58,debug,diff-open,open_ms,32.8823
1785021935,9ae0b3d58,debug,diff-typing,p50_ms,0.3425
1785021935,9ae0b3d58,debug,diff-resize,frame_p50_ms,4.2666
1785021935,9ae0b3d58,debug,diff-resize,frame_worst_ms,4.4530
1785022066,9ae0b3d58,debug,monster-resize,sync_ms,24.4362
1785022066,9ae0b3d58,debug,monster-resize,repair_effect_ms,62.3445
1785022174,9ae0b3d58,debug,code-typing,p50_ms,0.5973
1785022174,9ae0b3d58,debug,code-typing,p95_ms,0.7861
1785022236,9ae0b3d58,debug,list-scroll,build_ms,5.1239
1785022236,9ae0b3d58,debug,list-scroll,frame_p50_ms,0.0369
1785022236,9ae0b3d58,debug,list-scroll,frame_p95_ms,0.0602
1785022236,9ae0b3d58,debug,tree-ops,toggle_ms,0.0748
1785022236,9ae0b3d58,debug,tree-ops,build_ms,355.8553
1785022822,9ae0b3d58,debug,diff-open,open_ms,61.0847
1785022822,9ae0b3d58,debug,diff-typing,p50_ms,0.3375
1785022823,9ae0b3d58,debug,diff-resize,frame_p50_ms,4.1467
1785022823,9ae0b3d58,debug,diff-resize,frame_worst_ms,4.8749
1785024112,9ae0b3d58,debug,documents-list,refresh_ms,36.8815
1785024112,9ae0b3d58,debug,documents-list,scroll_p50_ms,0.0296
1785024112,9ae0b3d58,debug,documents-list,paint_p50_ms,0.2835
1785024493,9ae0b3d58,debug,tree-demo,toggle_ms,0.3925
1785024496,9ae0b3d58,debug,styled-typing,p50_ms,3.7328
1785024496,9ae0b3d58,debug,styled-typing,p95_ms,5.4039
1785024532,9ae0b3d58,debug,monster-scroll,paint_p50_ms,2.6292
1785024532,9ae0b3d58,debug,monster-scroll,paint_p95_ms,4.4718
1785024570,9ae0b3d58,debug,monster-search-scroll,paint_p50_ms,0.0000
1785024570,9ae0b3d58,debug,monster-search-scroll,paint_max_ms,0.0000
1785024609,9ae0b3d58,debug,render-scroll,avg_ms,1.2802
1785024609,9ae0b3d58,debug,render-scroll,p50_ms,1.1523
1785024609,9ae0b3d58,debug,render-scroll,p95_ms,1.9167
1785024616,9ae0b3d58,debug,wall,open_ms,110.0249
1785024616,9ae0b3d58,debug,wall,typing_p50_ms,0.9903
1785024642,9ae0b3d58,debug,burst-typing,p50_ms,4.3423
1785024642,9ae0b3d58,debug,burst-typing,p95_ms,16.4691
1785024678,9ae0b3d58,debug,typing,monster_p50_ms,2.5885
1785024678,9ae0b3d58,debug,typing,scratch_p50_ms,0.6931
1785024748,9ae0b3d58,debug,documents-list,refresh_ms,48.2667
1785024748,9ae0b3d58,debug,documents-list,scroll_p50_ms,0.0289
1785024748,9ae0b3d58,debug,documents-list,paint_p50_ms,0.2701
1785024800,9ae0b3d58,debug,plain-typing,keystroke_p50_ms,0.2947
1785024964,9ae0b3d58,debug,diff-open,open_ms,134.8332
1785024964,9ae0b3d58,debug,diff-typing,p50_ms,0.3882
1785024964,9ae0b3d58,debug,diff-resize,frame_p50_ms,4.6933
1785024964,9ae0b3d58,debug,diff-resize,frame_worst_ms,6.0461
1785025249,9ae0b3d58,debug,monster-resize,sync_ms,30.9183
1785025249,9ae0b3d58,debug,monster-resize,repair_effect_ms,61.5627
1785025402,9ae0b3d58,debug,code-typing,p50_ms,0.6165
1785025402,9ae0b3d58,debug,code-typing,p95_ms,0.9071
1785025538,9ae0b3d58,debug,list-scroll,build_ms,9.0483
1785025538,9ae0b3d58,debug,list-scroll,frame_p50_ms,0.0376
1785025538,9ae0b3d58,debug,list-scroll,frame_p95_ms,0.0615
1785025538,9ae0b3d58,debug,tree-ops,toggle_ms,0.0807
1785025538,9ae0b3d58,debug,tree-ops,build_ms,369.2156
1785025763,9ae0b3d58,debug,search-landing,worst_ms,45.2807
1785025763,9ae0b3d58,debug,search-scroll,paint_p50_ms,0.2737
1785025763,9ae0b3d58,debug,search-scroll,paint_p95_ms,0.4288
1785027266,9ae0b3d58,debug,diff-open,open_ms,154.0031
1785027267,9ae0b3d58,debug,diff-typing,p50_ms,0.5380
1785027267,9ae0b3d58,debug,diff-resize,frame_p50_ms,4.2435
1785027267,9ae0b3d58,debug,diff-resize,frame_worst_ms,5.0076
1785027682,9ae0b3d58,debug,search-landing,worst_ms,70.5945
1785027683,9ae0b3d58,debug,search-scroll,paint_p50_ms,0.4121
1785027683,9ae0b3d58,debug,search-scroll,paint_p95_ms,0.6079
1785027978,9ae0b3d58,debug,tree-demo,toggle_ms,0.3684
1785028008,9ae0b3d58,debug,styled-typing,p50_ms,2.7680
1785028008,9ae0b3d58,debug,styled-typing,p95_ms,3.2619
1785028043,9ae0b3d58,debug,render-scroll,avg_ms,1.1222
1785028043,9ae0b3d58,debug,render-scroll,p50_ms,1.0749
1785028043,9ae0b3d58,debug,render-scroll,p95_ms,1.6555
1785028069,9ae0b3d58,debug,monster-search-scroll,paint_p50_ms,0.0000
1785028069,9ae0b3d58,debug,monster-search-scroll,paint_max_ms,0.0000
1785028092,9ae0b3d58,debug,monster-scroll,paint_p50_ms,2.4345
1785028092,9ae0b3d58,debug,monster-scroll,paint_p95_ms,3.2553
1785028098,9ae0b3d58,debug,wall,open_ms,103.7047
1785028099,9ae0b3d58,debug,wall,typing_p50_ms,0.8829
1785028123,9ae0b3d58,debug,burst-typing,p50_ms,4.1178
1785028123,9ae0b3d58,debug,burst-typing,p95_ms,16.5460
1785028158,9ae0b3d58,debug,typing,monster_p50_ms,2.2621
1785028158,9ae0b3d58,debug,typing,scratch_p50_ms,0.6250
1785028222,9ae0b3d58,debug,documents-list,refresh_ms,44.1303
1785028222,9ae0b3d58,debug,documents-list,scroll_p50_ms,0.0288
1785028222,9ae0b3d58,debug,documents-list,paint_p50_ms,0.2645
1785028270,9ae0b3d58,debug,plain-typing,keystroke_p50_ms,0.3022
1785028431,9ae0b3d58,debug,diff-open,open_ms,54.6137
1785028431,9ae0b3d58,debug,diff-typing,p50_ms,0.4360
1785028432,9ae0b3d58,debug,diff-resize,frame_p50_ms,4.1805
1785028432,9ae0b3d58,debug,diff-resize,frame_worst_ms,4.8949
1785028705,9ae0b3d58,debug,monster-resize,sync_ms,31.2116
1785028705,9ae0b3d58,debug,monster-resize,repair_effect_ms,59.7445
1785028851,9ae0b3d58,debug,code-typing,p50_ms,0.5862
1785028851,9ae0b3d58,debug,code-typing,p95_ms,0.8434
1785028983,9ae0b3d58,debug,list-scroll,build_ms,7.8319
1785028983,9ae0b3d58,debug,list-scroll,frame_p50_ms,0.0353
1785028983,9ae0b3d58,debug,list-scroll,frame_p95_ms,0.0421
1785028984,9ae0b3d58,debug,tree-ops,toggle_ms,0.0723
1785028984,9ae0b3d58,debug,tree-ops,build_ms,349.8339
1785029195,9ae0b3d58,debug,search-landing,worst_ms,75.9684
1785029195,9ae0b3d58,debug,search-scroll,paint_p50_ms,0.2894
1785029195,9ae0b3d58,debug,search-scroll,paint_p95_ms,0.4187
1785029312,9ae0b3d58,debug,search-landing,worst_ms,24.4153
1785030694,9ae0b3d58,debug,tree-demo,toggle_ms,0.4180
1785030699,9ae0b3d58,debug,monster-scroll,paint_p50_ms,2.9179
1785030699,9ae0b3d58,debug,monster-scroll,paint_p95_ms,4.1712
1785030736,9ae0b3d58,debug,styled-typing,p50_ms,2.5800
1785030736,9ae0b3d58,debug,styled-typing,p95_ms,3.0850
1785030763,9ae0b3d58,debug,monster-search-scroll,paint_p50_ms,0.0000
1785030763,9ae0b3d58,debug,monster-search-scroll,paint_max_ms,0.0000
1785030796,9ae0b3d58,debug,render-scroll,avg_ms,1.0953
1785030796,9ae0b3d58,debug,render-scroll,p50_ms,1.0450
1785030796,9ae0b3d58,debug,render-scroll,p95_ms,1.6202
1785030804,9ae0b3d58,debug,wall,open_ms,104.7605
1785030804,9ae0b3d58,debug,wall,typing_p50_ms,0.8360
1785030825,9ae0b3d58,debug,burst-typing,p50_ms,5.6465
1785030825,9ae0b3d58,debug,burst-typing,p95_ms,14.9978
1785030853,9ae0b3d58,debug,typing,monster_p50_ms,2.3380
1785030853,9ae0b3d58,debug,typing,scratch_p50_ms,0.6499
1785030919,9ae0b3d58,debug,documents-list,refresh_ms,35.0477
1785030919,9ae0b3d58,debug,documents-list,scroll_p50_ms,0.1000
1785030919,9ae0b3d58,debug,documents-list,paint_p50_ms,0.3475
1785030959,9ae0b3d58,debug,plain-typing,keystroke_p50_ms,0.2963
1785031120,9ae0b3d58,debug,diff-open,open_ms,34.0095
1785031120,9ae0b3d58,debug,diff-typing,p50_ms,0.5660
1785031121,9ae0b3d58,debug,diff-resize,frame_p50_ms,4.1655
1785031121,9ae0b3d58,debug,diff-resize,frame_worst_ms,4.8982
1785031397,9ae0b3d58,debug,monster-resize,sync_ms,25.1019
1785031397,9ae0b3d58,debug,monster-resize,repair_effect_ms,59.5360
1785031562,a62a2e4e8,debug,code-typing,p50_ms,0.5958
1785031562,a62a2e4e8,debug,code-typing,p95_ms,0.6593
1785031660,a62a2e4e8,debug,list-scroll,build_ms,6.6229
1785031660,a62a2e4e8,debug,list-scroll,frame_p50_ms,0.0346
1785031660,a62a2e4e8,debug,list-scroll,frame_p95_ms,0.0451
1785031661,a62a2e4e8,debug,tree-ops,toggle_ms,0.0764
1785031661,a62a2e4e8,debug,tree-ops,build_ms,353.3382
1785031838,a62a2e4e8,debug,search-landing,worst_ms,57.0235
1785031838,a62a2e4e8,debug,search-scroll,paint_p50_ms,0.3101
1785031838,a62a2e4e8,debug,search-scroll,paint_p95_ms,0.4798
1785033105,a62a2e4e8,debug,tree-demo,toggle_ms,0.3779
1785033123,a62a2e4e8,debug,styled-typing,p50_ms,3.0434
1785033123,a62a2e4e8,debug,styled-typing,p95_ms,3.8127
1785033151,a62a2e4e8,debug,monster-search-scroll,paint_p50_ms,0.0000
1785033151,a62a2e4e8,debug,monster-search-scroll,paint_max_ms,0.0000
1785033182,a62a2e4e8,debug,monster-scroll,paint_p50_ms,2.5469
1785033182,a62a2e4e8,debug,monster-scroll,paint_p95_ms,4.2628
1785033216,a62a2e4e8,debug,render-scroll,avg_ms,1.1330
1785033216,a62a2e4e8,debug,render-scroll,p50_ms,1.0795
1785033216,a62a2e4e8,debug,render-scroll,p95_ms,1.6748
1785033225,a62a2e4e8,debug,wall,open_ms,106.9970
1785033225,a62a2e4e8,debug,wall,typing_p50_ms,0.8883
1785033250,a62a2e4e8,debug,burst-typing,p50_ms,4.2539
1785033250,a62a2e4e8,debug,burst-typing,p95_ms,16.1579
1785033278,a62a2e4e8,debug,typing,monster_p50_ms,2.5845
1785033278,a62a2e4e8,debug,typing,scratch_p50_ms,0.6661
1785033368,a62a2e4e8,debug,documents-list,refresh_ms,42.8994
1785033368,a62a2e4e8,debug,documents-list,scroll_p50_ms,0.0910
1785033368,a62a2e4e8,debug,documents-list,paint_p50_ms,0.3345
1785033396,a62a2e4e8,debug,plain-typing,keystroke_p50_ms,0.3057
1785033560,a62a2e4e8,debug,diff-open,open_ms,45.8584
1785033560,a62a2e4e8,debug,diff-typing,p50_ms,0.4204
1785033560,a62a2e4e8,debug,diff-resize,frame_p50_ms,4.3195
1785033560,a62a2e4e8,debug,diff-resize,frame_worst_ms,5.1089
1785033840,a62a2e4e8,debug,monster-resize,sync_ms,32.0512
1785033840,a62a2e4e8,debug,monster-resize,repair_effect_ms,61.9599
1785033990,a62a2e4e8,debug,code-typing,p50_ms,0.5812
1785033990,a62a2e4e8,debug,code-typing,p95_ms,0.6815
1785034085,a62a2e4e8,debug,list-scroll,build_ms,6.2589
1785034085,a62a2e4e8,debug,list-scroll,frame_p50_ms,0.0345
1785034085,a62a2e4e8,debug,list-scroll,frame_p95_ms,0.0446
1785034085,a62a2e4e8,debug,tree-ops,toggle_ms,0.0740
1785034085,a62a2e4e8,debug,tree-ops,build_ms,354.2338
1785034258,a62a2e4e8,debug,search-landing,worst_ms,55.6332
1785034259,a62a2e4e8,debug,search-scroll,paint_p50_ms,0.3142
1785034259,a62a2e4e8,debug,search-scroll,paint_p95_ms,0.4749
1785035189,a62a2e4e8,debug,tree-demo,toggle_ms,0.7323
1785035199,a62a2e4e8,debug,styled-typing,p50_ms,2.8930
1785035199,a62a2e4e8,debug,styled-typing,p95_ms,3.5157
1785035234,a62a2e4e8,debug,render-scroll,avg_ms,1.1303
1785035234,a62a2e4e8,debug,render-scroll,p50_ms,1.0826
1785035234,a62a2e4e8,debug,render-scroll,p95_ms,1.6630
1785035264,a62a2e4e8,debug,monster-scroll,paint_p50_ms,2.4638
1785035264,a62a2e4e8,debug,monster-scroll,paint_p95_ms,3.2930
1785035292,a62a2e4e8,debug,monster-search-scroll,paint_p50_ms,0.0000
1785035292,a62a2e4e8,debug,monster-search-scroll,paint_max_ms,0.0000
1785035299,a62a2e4e8,debug,wall,open_ms,106.5838
1785035299,a62a2e4e8,debug,wall,typing_p50_ms,0.9195
1785035324,a62a2e4e8,debug,burst-typing,p50_ms,4.2060
1785035324,a62a2e4e8,debug,burst-typing,p95_ms,16.8077
1785035359,a62a2e4e8,debug,typing,monster_p50_ms,2.4538
1785035359,a62a2e4e8,debug,typing,scratch_p50_ms,0.7178
1785035425,a62a2e4e8,debug,documents-list,refresh_ms,44.0972
1785035425,a62a2e4e8,debug,documents-list,scroll_p50_ms,0.0880
1785035425,a62a2e4e8,debug,documents-list,paint_p50_ms,0.3306
1785035454,a62a2e4e8,debug,plain-typing,keystroke_p50_ms,0.2894
1785035618,a62a2e4e8,debug,diff-open,open_ms,64.3555
1785035618,a62a2e4e8,debug,diff-typing,p50_ms,0.9342
1785035619,a62a2e4e8,debug,diff-resize,frame_p50_ms,4.2037
1785035619,a62a2e4e8,debug,diff-resize,frame_worst_ms,5.3565
1785035901,a62a2e4e8,debug,monster-resize,sync_ms,33.7510
1785035901,a62a2e4e8,debug,monster-resize,repair_effect_ms,62.3867
1785036052,a62a2e4e8,debug,code-typing,p50_ms,0.6023
1785036052,a62a2e4e8,debug,code-typing,p95_ms,0.7695
1785036147,a62a2e4e8,debug,list-scroll,build_ms,7.0232
1785036147,a62a2e4e8,debug,list-scroll,frame_p50_ms,0.0350
1785036147,a62a2e4e8,debug,list-scroll,frame_p95_ms,0.0475
1785036147,a62a2e4e8,debug,tree-ops,toggle_ms,0.0746
1785036147,a62a2e4e8,debug,tree-ops,build_ms,355.2467
1785036362,a62a2e4e8,debug,search-landing,worst_ms,65.3125
1785036363,a62a2e4e8,debug,search-scroll,paint_p50_ms,0.3102
1785036363,a62a2e4e8,debug,search-scroll,paint_p95_ms,0.5009
1785037379,a62a2e4e8,debug,tree-demo,toggle_ms,1.1536
1785037387,a62a2e4e8,debug,render-scroll,avg_ms,1.2232
1785037387,a62a2e4e8,debug,render-scroll,p50_ms,1.1766
1785037387,a62a2e4e8,debug,render-scroll,p95_ms,1.7827
1785037419,a62a2e4e8,debug,monster-scroll,paint_p50_ms,2.5064
1785037419,a62a2e4e8,debug,monster-scroll,paint_p95_ms,3.4160
1785037455,a62a2e4e8,debug,styled-typing,p50_ms,2.6489
1785037455,a62a2e4e8,debug,styled-typing,p95_ms,3.0901
1785037482,a62a2e4e8,debug,monster-search-scroll,paint_p50_ms,0.0000
1785037482,a62a2e4e8,debug,monster-search-scroll,paint_max_ms,0.0000
1785037491,a62a2e4e8,debug,wall,open_ms,105.7378
1785037491,a62a2e4e8,debug,wall,typing_p50_ms,0.8994
1785037516,a62a2e4e8,debug,burst-typing,p50_ms,4.2699
1785037516,a62a2e4e8,debug,burst-typing,p95_ms,16.3655
1785037547,a62a2e4e8,debug,typing,monster_p50_ms,2.4196
1785037547,a62a2e4e8,debug,typing,scratch_p50_ms,0.6089
1785037613,a62a2e4e8,debug,documents-list,refresh_ms,43.0117
1785037613,a62a2e4e8,debug,documents-list,scroll_p50_ms,0.0951
1785037613,a62a2e4e8,debug,documents-list,paint_p50_ms,0.3332
1785037663,a62a2e4e8,debug,plain-typing,keystroke_p50_ms,0.2900
1785037828,a62a2e4e8,debug,diff-open,open_ms,50.4104
1785037828,a62a2e4e8,debug,diff-typing,p50_ms,0.8705
1785037828,a62a2e4e8,debug,diff-resize,frame_p50_ms,4.1796
1785037828,a62a2e4e8,debug,diff-resize,frame_worst_ms,4.6335
1785038112,a62a2e4e8,debug,monster-resize,sync_ms,23.9302
1785038112,a62a2e4e8,debug,monster-resize,repair_effect_ms,62.8078
1785038263,a62a2e4e8,debug,code-typing,p50_ms,0.5829
1785038263,a62a2e4e8,debug,code-typing,p95_ms,0.6323
1785038401,a62a2e4e8,debug,list-scroll,build_ms,8.2680
1785038401,a62a2e4e8,debug,list-scroll,frame_p50_ms,0.0349
1785038401,a62a2e4e8,debug,list-scroll,frame_p95_ms,0.0417
1785038401,a62a2e4e8,debug,tree-ops,toggle_ms,0.0767
1785038401,a62a2e4e8,debug,tree-ops,build_ms,348.0860
1785038587,a62a2e4e8,debug,search-landing,worst_ms,55.2703
1785038587,a62a2e4e8,debug,search-scroll,paint_p50_ms,0.3138
1785038587,a62a2e4e8,debug,search-scroll,paint_p95_ms,0.4819
1785055230,a62a2e4e8,debug,tree-demo,toggle_ms,0.4301
1785055238,a62a2e4e8,debug,render-scroll,avg_ms,1.2201
1785055238,a62a2e4e8,debug,render-scroll,p50_ms,1.1716
1785055238,a62a2e4e8,debug,render-scroll,p95_ms,1.7760
1785055278,a62a2e4e8,debug,styled-typing,p50_ms,2.6258
1785055278,a62a2e4e8,debug,styled-typing,p95_ms,3.1205
1785055309,a62a2e4e8,debug,monster-scroll,paint_p50_ms,2.4509
1785055309,a62a2e4e8,debug,monster-scroll,paint_p95_ms,3.3021
1785055335,a62a2e4e8,debug,monster-search-scroll,paint_p50_ms,0.0000
1785055335,a62a2e4e8,debug,monster-search-scroll,paint_max_ms,0.0000
1785055341,a62a2e4e8,debug,wall,open_ms,105.9495
1785055341,a62a2e4e8,debug,wall,typing_p50_ms,0.9056
1785055366,a62a2e4e8,debug,burst-typing,p50_ms,4.2967
1785055366,a62a2e4e8,debug,burst-typing,p95_ms,15.8441
1785055401,a62a2e4e8,debug,typing,monster_p50_ms,2.3757
1785055401,a62a2e4e8,debug,typing,scratch_p50_ms,0.6421
1785055507,a62a2e4e8,debug,documents-list,refresh_ms,34.9168
1785055507,a62a2e4e8,debug,documents-list,scroll_p50_ms,0.0930
1785055507,a62a2e4e8,debug,documents-list,paint_p50_ms,0.3333
1785055536,a62a2e4e8,debug,plain-typing,keystroke_p50_ms,0.3188
1785055704,a62a2e4e8,debug,diff-open,open_ms,141.7903
1785055704,a62a2e4e8,debug,diff-typing,p50_ms,0.5637
1785055704,a62a2e4e8,debug,diff-resize,frame_p50_ms,4.1401
1785055704,a62a2e4e8,debug,diff-resize,frame_worst_ms,4.4982
1785055995,e65671e47,debug,monster-resize,sync_ms,27.8047
1785055995,e65671e47,debug,monster-resize,repair_effect_ms,60.9917
1785056317,e65671e47,debug,code-typing,p50_ms,0.6056
1785056317,e65671e47,debug,code-typing,p95_ms,0.7090
1785056427,e65671e47,debug,list-scroll,build_ms,4.0761
1785056427,e65671e47,debug,list-scroll,frame_p50_ms,0.0337
1785056427,e65671e47,debug,list-scroll,frame_p95_ms,0.0527
1785056428,e65671e47,debug,tree-ops,toggle_ms,0.0746
1785056428,e65671e47,debug,tree-ops,build_ms,346.2832
1785056640,e65671e47,debug,search-landing,worst_ms,55.5206
1785056640,e65671e47,debug,search-scroll,paint_p50_ms,0.3023
1785056640,e65671e47,debug,search-scroll,paint_p95_ms,0.4805
1785061801,5241f8ad0,debug,tree-demo,toggle_ms,0.6417
1785061833,5241f8ad0,debug,styled-typing,p50_ms,2.9130
1785061833,5241f8ad0,debug,styled-typing,p95_ms,3.5517
1785061854,5241f8ad0,debug,monster-search-scroll,paint_p50_ms,0.0000
1785061854,5241f8ad0,debug,monster-search-scroll,paint_max_ms,0.0000
1785061888,5241f8ad0,debug,render-scroll,avg_ms,1.1417
1785061888,5241f8ad0,debug,render-scroll,p50_ms,1.0900
1785061888,5241f8ad0,debug,render-scroll,p95_ms,1.6901
1785061919,5241f8ad0,debug,monster-scroll,paint_p50_ms,2.5105
1785061919,5241f8ad0,debug,monster-scroll,paint_p95_ms,3.3692
1785061926,5241f8ad0,debug,wall,open_ms,106.9089
1785061926,5241f8ad0,debug,wall,typing_p50_ms,0.9779
1785061951,5241f8ad0,debug,burst-typing,p50_ms,4.3974
1785061951,5241f8ad0,debug,burst-typing,p95_ms,16.0580
1785061987,5241f8ad0,debug,typing,monster_p50_ms,2.5497
1785061987,5241f8ad0,debug,typing,scratch_p50_ms,0.7173
1785062057,5241f8ad0,debug,documents-list,refresh_ms,43.5949
1785062057,5241f8ad0,debug,documents-list,scroll_p50_ms,0.0958
1785062057,5241f8ad0,debug,documents-list,paint_p50_ms,0.3431
1785062109,20d3a495a,debug,plain-typing,keystroke_p50_ms,0.3090
1785062278,20d3a495a,debug,diff-open,open_ms,60.0440
1785062278,20d3a495a,debug,diff-typing,p50_ms,0.6974
1785062278,20d3a495a,debug,diff-resize,frame_p50_ms,4.1552
1785062278,20d3a495a,debug,diff-resize,frame_worst_ms,4.3329
1785062569,20d3a495a,debug,monster-resize,sync_ms,31.7840
1785062569,20d3a495a,debug,monster-resize,repair_effect_ms,60.2949
1785062723,20d3a495a,debug,code-typing,p50_ms,0.6795
1785062723,20d3a495a,debug,code-typing,p95_ms,0.8526
1785062842,20d3a495a,debug,list-scroll,build_ms,9.1723
1785062842,20d3a495a,debug,list-scroll,frame_p50_ms,0.0357
1785062842,20d3a495a,debug,list-scroll,frame_p95_ms,0.0587
1785062842,20d3a495a,debug,tree-ops,toggle_ms,0.0777
1785062842,20d3a495a,debug,tree-ops,build_ms,359.3243
1785063046,20d3a495a,debug,search-landing,worst_ms,57.1493
1785063046,20d3a495a,debug,search-scroll,paint_p50_ms,0.2919
1785063046,20d3a495a,debug,search-scroll,paint_p95_ms,0.4680
1785065879,20d3a495a,debug,monster-search-scroll,paint_p50_ms,0.0000
1785065879,20d3a495a,debug,monster-search-scroll,paint_max_ms,0.0000
1785065879,20d3a495a,debug,tree-demo,toggle_ms,0.3684
1785065918,20d3a495a,debug,styled-typing,p50_ms,2.7963
1785065918,20d3a495a,debug,styled-typing,p95_ms,3.3732
1785065953,20d3a495a,debug,render-scroll,avg_ms,1.1482
1785065953,20d3a495a,debug,render-scroll,p50_ms,1.1000
1785065953,20d3a495a,debug,render-scroll,p95_ms,1.6826
1785065986,20d3a495a,debug,monster-scroll,paint_p50_ms,2.5380
1785065986,20d3a495a,debug,monster-scroll,paint_p95_ms,3.4207
1785065992,20d3a495a,debug,wall,open_ms,106.8276
1785065992,20d3a495a,debug,wall,typing_p50_ms,0.8900
1785066018,20d3a495a,debug,burst-typing,p50_ms,4.3143
1785066018,20d3a495a,debug,burst-typing,p95_ms,16.3291
1785066053,20d3a495a,debug,typing,monster_p50_ms,2.4796
1785066053,20d3a495a,debug,typing,scratch_p50_ms,0.6645
1785066123,20d3a495a,debug,documents-list,refresh_ms,44.8909
1785066123,20d3a495a,debug,documents-list,scroll_p50_ms,0.0971
1785066123,20d3a495a,debug,documents-list,paint_p50_ms,0.3414
1785066174,20d3a495a,debug,plain-typing,keystroke_p50_ms,0.2913
1785066345,20d3a495a,debug,diff-open,open_ms,142.8987
1785066345,20d3a495a,debug,diff-typing,p50_ms,0.8413
1785066345,20d3a495a,debug,diff-resize,frame_p50_ms,4.3759
1785066345,20d3a495a,debug,diff-resize,frame_worst_ms,4.7239
1785067216,20d3a495a,debug,tree-demo,toggle_ms,0.3660
1785067218,20d3a495a,debug,monster-search-scroll,paint_p50_ms,0.0000
1785067218,20d3a495a,debug,monster-search-scroll,paint_max_ms,0.0000
1785067257,20d3a495a,debug,styled-typing,p50_ms,2.6912
1785067257,20d3a495a,debug,styled-typing,p95_ms,3.2448
1785067291,20d3a495a,debug,render-scroll,avg_ms,1.1650
1785067291,20d3a495a,debug,render-scroll,p50_ms,1.1083
1785067291,20d3a495a,debug,render-scroll,p95_ms,1.7502
1785067322,20d3a495a,debug,monster-scroll,paint_p50_ms,2.4989
1785067322,20d3a495a,debug,monster-scroll,paint_p95_ms,3.3531
1785067330,20d3a495a,debug,wall,open_ms,106.1219
1785067330,20d3a495a,debug,wall,typing_p50_ms,0.9010
1785067352,20d3a495a,debug,burst-typing,p50_ms,4.2606
1785067352,20d3a495a,debug,burst-typing,p95_ms,16.8295
1785067387,20d3a495a,debug,typing,monster_p50_ms,2.5228
1785067387,20d3a495a,debug,typing,scratch_p50_ms,0.7228
1785067457,20d3a495a,debug,documents-list,refresh_ms,35.3748
1785067457,20d3a495a,debug,documents-list,scroll_p50_ms,0.0988
1785067457,20d3a495a,debug,documents-list,paint_p50_ms,0.3479
1785067486,20d3a495a,debug,plain-typing,keystroke_p50_ms,0.2852
1785067655,20d3a495a,debug,diff-open,open_ms,43.8646
1785067655,20d3a495a,debug,diff-typing,p50_ms,0.4145
1785067656,20d3a495a,debug,diff-resize,frame_p50_ms,4.4349
1785067656,20d3a495a,debug,diff-resize,frame_worst_ms,5.0328
1785067959,20d3a495a,debug,tree-demo,toggle_ms,0.4882
1785067970,20d3a495a,debug,render-scroll,avg_ms,1.2293
1785067970,20d3a495a,debug,render-scroll,p50_ms,1.1867
1785067970,20d3a495a,debug,render-scroll,p95_ms,1.7883
1785068001,20d3a495a,debug,styled-typing,p50_ms,2.7171
1785068001,20d3a495a,debug,styled-typing,p95_ms,3.3067
1785068027,20d3a495a,debug,monster-search-scroll,paint_p50_ms,0.0000
1785068027,20d3a495a,debug,monster-search-scroll,paint_max_ms,0.0000
1785068060,20d3a495a,debug,monster-scroll,paint_p50_ms,2.4537
1785068060,20d3a495a,debug,monster-scroll,paint_p95_ms,3.2971
1785068066,20d3a495a,debug,wall,open_ms,107.6919
1785068066,20d3a495a,debug,wall,typing_p50_ms,0.8901
1785068100,20d3a495a,debug,burst-typing,p50_ms,7.6680
1785068100,20d3a495a,debug,burst-typing,p95_ms,58.3402
1785068144,20d3a495a,debug,typing,monster_p50_ms,2.4110
1785068144,20d3a495a,debug,typing,scratch_p50_ms,0.6680
1785068169,20d3a495a,debug,documents-list,refresh_ms,35.8646
1785068169,20d3a495a,debug,documents-list,scroll_p50_ms,0.0950
1785068169,20d3a495a,debug,documents-list,paint_p50_ms,0.3378
1785068198,20d3a495a,debug,plain-typing,keystroke_p50_ms,0.3006
1785068300,20d3a495a,debug,diff-open,open_ms,61.7750
1785068300,20d3a495a,debug,diff-typing,p50_ms,0.4527
1785068300,20d3a495a,debug,diff-resize,frame_p50_ms,4.2360
1785068300,20d3a495a,debug,diff-resize,frame_worst_ms,5.2355
1785068566,b35691a6d,debug,monster-resize,sync_ms,26.5088
1785068566,b35691a6d,debug,monster-resize,repair_effect_ms,59.7683
1785068722,b35691a6d,debug,code-typing,p50_ms,0.6890
1785068722,b35691a6d,debug,code-typing,p95_ms,0.8766
1785068855,b35691a6d,debug,list-scroll,build_ms,6.4294
1785068855,b35691a6d,debug,list-scroll,frame_p50_ms,0.0347
1785068855,b35691a6d,debug,list-scroll,frame_p95_ms,0.0484
1785068855,b35691a6d,debug,tree-ops,toggle_ms,0.0770
1785068855,b35691a6d,debug,tree-ops,build_ms,366.9473
1785069054,b35691a6d,debug,tree-demo,toggle_ms,0.7981
1785069061,b35691a6d,debug,monster-search-scroll,paint_p50_ms,0.0000
1785069061,b35691a6d,debug,monster-search-scroll,paint_max_ms,0.0000
1785069100,19504c6da,debug,styled-typing,p50_ms,2.7597
1785069100,19504c6da,debug,styled-typing,p95_ms,3.3472
1785069131,19504c6da,debug,monster-scroll,paint_p50_ms,2.5161
1785069131,19504c6da,debug,monster-scroll,paint_p95_ms,3.4056
1785069167,19504c6da,debug,render-scroll,avg_ms,1.1544
1785069167,19504c6da,debug,render-scroll,p50_ms,1.1049
1785069167,19504c6da,debug,render-scroll,p95_ms,1.7120
1785069174,19504c6da,debug,wall,open_ms,107.6664
1785069174,19504c6da,debug,wall,typing_p50_ms,0.9736
1785069199,19504c6da,debug,burst-typing,p50_ms,4.3442
1785069199,19504c6da,debug,burst-typing,p95_ms,16.9632
1785069235,19504c6da,debug,typing,monster_p50_ms,2.4724
1785069235,19504c6da,debug,typing,scratch_p50_ms,0.6942
1785069261,19504c6da,debug,documents-list,refresh_ms,36.1270
1785069261,19504c6da,debug,documents-list,scroll_p50_ms,0.0956
1785069261,19504c6da,debug,documents-list,paint_p50_ms,0.3451
1785069291,19504c6da,debug,plain-typing,keystroke_p50_ms,0.3343
1785069396,19504c6da,debug,diff-open,open_ms,154.3386
1785069396,19504c6da,debug,diff-typing,p50_ms,0.6928
1785069396,19504c6da,debug,diff-resize,frame_p50_ms,4.3487
1785069396,19504c6da,debug,diff-resize,frame_worst_ms,4.7539
1785069540,19504c6da,debug,monster-resize,sync_ms,23.7290
1785069540,19504c6da,debug,monster-resize,repair_effect_ms,60.9736
1785069651,19504c6da,debug,code-typing,p50_ms,0.6782
1785069651,19504c6da,debug,code-typing,p95_ms,0.8092
1785069708,19504c6da,debug,list-scroll,build_ms,9.6457
1785069708,19504c6da,debug,list-scroll,frame_p50_ms,0.0333
1785069708,19504c6da,debug,list-scroll,frame_p95_ms,0.0596
1785069708,19504c6da,debug,tree-ops,toggle_ms,0.0773
1785069708,19504c6da,debug,tree-ops,build_ms,363.2142
1785069869,19504c6da,debug,search-landing,worst_ms,79.8158
1785069869,19504c6da,debug,search-scroll,paint_p50_ms,0.3060
1785069869,19504c6da,debug,search-scroll,paint_p95_ms,0.5162
1785070553,19504c6da,debug,search-landing,worst_ms,25.5235
1785070748,19504c6da,debug,tree-demo,toggle_ms,0.5093
1785070763,19504c6da,debug,styled-typing,p50_ms,2.8296
1785070763,19504c6da,debug,styled-typing,p95_ms,3.3852
1785070797,19504c6da,debug,monster-scroll,paint_p50_ms,2.5087
1785070797,19504c6da,debug,monster-scroll,paint_p95_ms,3.4144
1785070824,19504c6da,debug,monster-search-scroll,paint_p50_ms,0.0000
1785070824,19504c6da,debug,monster-search-scroll,paint_max_ms,0.0000
1785070858,0f1337b2e,debug,render-scroll,avg_ms,1.1227
1785070858,0f1337b2e,debug,render-scroll,p50_ms,1.0745
1785070858,0f1337b2e,debug,render-scroll,p95_ms,1.6388
1785070864,0f1337b2e,debug,wall,open_ms,106.2428
1785070864,0f1337b2e,debug,wall,typing_p50_ms,0.9278
1785070890,0f1337b2e,debug,burst-typing,p50_ms,4.4719
1785070890,0f1337b2e,debug,burst-typing,p95_ms,16.0422
1785070920,0f1337b2e,debug,typing,monster_p50_ms,2.5081
1785070920,0f1337b2e,debug,typing,scratch_p50_ms,0.6890
1785070991,0f1337b2e,debug,documents-list,refresh_ms,44.3564
1785070991,0f1337b2e,debug,documents-list,scroll_p50_ms,0.0971
1785070991,0f1337b2e,debug,documents-list,paint_p50_ms,0.3405
1785071032,0f1337b2e,debug,plain-typing,keystroke_p50_ms,0.2958
1785071205,0f1337b2e,debug,diff-open,open_ms,91.1873
1785071205,0f1337b2e,debug,diff-typing,p50_ms,0.3406
1785071206,0f1337b2e,debug,diff-resize,frame_p50_ms,4.2095
1785071206,0f1337b2e,debug,diff-resize,frame_worst_ms,4.3998
1785071509,0f1337b2e,debug,monster-resize,sync_ms,27.3122
1785071509,0f1337b2e,debug,monster-resize,repair_effect_ms,61.2201
1785071667,0f1337b2e,debug,code-typing,p50_ms,0.6755
1785071667,0f1337b2e,debug,code-typing,p95_ms,0.7643
1785071768,0f1337b2e,debug,list-scroll,build_ms,4.5940
1785071768,0f1337b2e,debug,list-scroll,frame_p50_ms,0.0330
1785071768,0f1337b2e,debug,list-scroll,frame_p95_ms,0.0358
1785071769,0f1337b2e,debug,tree-ops,toggle_ms,0.0768
1785071769,0f1337b2e,debug,tree-ops,build_ms,340.0405
1785071991,5818433fc,debug,search-landing,worst_ms,67.1240
1785071991,5818433fc,debug,search-scroll,paint_p50_ms,0.3303
1785071991,5818433fc,debug,search-scroll,paint_p95_ms,0.5360
1785072801,f46d7ed87,debug,tree-demo,toggle_ms,0.7021
1785072804,f46d7ed87,debug,styled-typing,p50_ms,3.0441
1785072804,f46d7ed87,debug,styled-typing,p95_ms,3.7540
1785072837,f46d7ed87,debug,monster-scroll,paint_p50_ms,2.5854
1785072837,f46d7ed87,debug,monster-scroll,paint_p95_ms,3.5283
1785072866,f46d7ed87,debug,monster-search-scroll,paint_p50_ms,0.0000
1785072866,f46d7ed87,debug,monster-search-scroll,paint_max_ms,0.0000
1785072899,f46d7ed87,debug,render-scroll,avg_ms,1.1322
1785072899,f46d7ed87,debug,render-scroll,p50_ms,1.0826
1785072899,f46d7ed87,debug,render-scroll,p95_ms,1.6863
1785072906,f46d7ed87,debug,wall,open_ms,107.5145
1785072906,f46d7ed87,debug,wall,typing_p50_ms,0.9473
1785072925,f46d7ed87,debug,burst-typing,p50_ms,4.5543
1785072925,f46d7ed87,debug,burst-typing,p95_ms,17.5114
1785072960,f46d7ed87,debug,typing,monster_p50_ms,2.4897
1785072960,f46d7ed87,debug,typing,scratch_p50_ms,0.7418
1785073030,f46d7ed87,debug,documents-list,refresh_ms,43.8184
1785073030,f46d7ed87,debug,documents-list,scroll_p50_ms,0.0907
1785073030,f46d7ed87,debug,documents-list,paint_p50_ms,0.3340
1785073061,f46d7ed87,debug,plain-typing,keystroke_p50_ms,0.3125
1785073235,f46d7ed87,debug,diff-open,open_ms,143.2271
1785073235,f46d7ed87,debug,diff-typing,p50_ms,0.8227
1785073235,f46d7ed87,debug,diff-resize,frame_p50_ms,4.2793
1785073235,f46d7ed87,debug,diff-resize,frame_worst_ms,4.5030
1785073540,f46d7ed87,debug,monster-resize,sync_ms,23.8678
1785073540,f46d7ed87,debug,monster-resize,repair_effect_ms,61.6549
1785073719,f46d7ed87,debug,code-typing,p50_ms,0.6899
1785073719,f46d7ed87,debug,code-typing,p95_ms,0.8532
1785073826,f46d7ed87,debug,list-scroll,build_ms,6.4690
1785073826,f46d7ed87,debug,list-scroll,frame_p50_ms,0.0345
1785073826,f46d7ed87,debug,list-scroll,frame_p95_ms,0.0445
1785073826,f46d7ed87,debug,tree-ops,toggle_ms,0.0747
1785073826,f46d7ed87,debug,tree-ops,build_ms,348.9146
1785074141,f46d7ed87,debug,search-landing,worst_ms,57.5469
1785074141,f46d7ed87,debug,search-scroll,paint_p50_ms,0.3319
1785074141,f46d7ed87,debug,search-scroll,paint_p95_ms,0.5151
1785075446,f46d7ed87,debug,search-landing,worst_ms,79.9527
1785075446,f46d7ed87,debug,search-scroll,paint_p50_ms,0.3970
1785075446,f46d7ed87,debug,search-scroll,paint_p95_ms,0.6576
1785075711,f46d7ed87,debug,search-landing,worst_ms,56.5638
1785075711,f46d7ed87,debug,search-scroll,paint_p50_ms,0.3725
1785075711,f46d7ed87,debug,search-scroll,paint_p95_ms,0.5587
1785075775,f46d7ed87,debug,search-landing,worst_ms,23.8162
1785076001,f46d7ed87,debug,tree-demo,toggle_ms,0.3556
1785076013,f46d7ed87,debug,styled-typing,p50_ms,2.9148
1785076013,f46d7ed87,debug,styled-typing,p95_ms,3.8045
1785076047,f46d7ed87,debug,monster-scroll,paint_p50_ms,2.5395
1785076047,f46d7ed87,debug,monster-scroll,paint_p95_ms,3.4699
1785076074,f46d7ed87,debug,monster-search-scroll,paint_p50_ms,0.0000
1785076074,f46d7ed87,debug,monster-search-scroll,paint_max_ms,0.0000
1785076107,f46d7ed87,debug,render-scroll,avg_ms,1.1197
1785076107,f46d7ed87,debug,render-scroll,p50_ms,1.0678
1785076107,f46d7ed87,debug,render-scroll,p95_ms,1.6591
1785076114,f46d7ed87,debug,wall,open_ms,104.2792
1785076114,f46d7ed87,debug,wall,typing_p50_ms,0.8537
1785076133,f46d7ed87,debug,burst-typing,p50_ms,4.1820
1785076133,f46d7ed87,debug,burst-typing,p95_ms,16.9126
1785076168,f46d7ed87,debug,typing,monster_p50_ms,2.4359
1785076168,f46d7ed87,debug,typing,scratch_p50_ms,0.6827
1785076241,f46d7ed87,debug,documents-list,refresh_ms,34.2808
1785076241,f46d7ed87,debug,documents-list,scroll_p50_ms,0.0923
1785076241,f46d7ed87,debug,documents-list,paint_p50_ms,0.3302
1785076293,f46d7ed87,debug,plain-typing,keystroke_p50_ms,0.2839
1785076467,f46d7ed87,debug,diff-open,open_ms,20.9664
1785076467,f46d7ed87,debug,diff-typing,p50_ms,0.5094
1785076467,f46d7ed87,debug,diff-resize,frame_p50_ms,4.3598
1785076467,f46d7ed87,debug,diff-resize,frame_worst_ms,4.7541
1785076767,f46d7ed87,debug,monster-resize,sync_ms,26.6687
1785076767,f46d7ed87,debug,monster-resize,repair_effect_ms,61.3952
1785076924,f46d7ed87,debug,code-typing,p50_ms,0.6709
1785076924,f46d7ed87,debug,code-typing,p95_ms,0.7365
1785077073,f46d7ed87,debug,list-scroll,build_ms,4.4837
1785077073,f46d7ed87,debug,list-scroll,frame_p50_ms,0.0353
1785077073,f46d7ed87,debug,list-scroll,frame_p95_ms,0.0670
1785077073,f46d7ed87,debug,tree-ops,toggle_ms,0.0724
1785077073,f46d7ed87,debug,tree-ops,build_ms,354.3555
1785077259,f46d7ed87,debug,search-landing,worst_ms,55.1960
1785077259,f46d7ed87,debug,search-scroll,paint_p50_ms,0.2970
1785077259,f46d7ed87,debug,search-scroll,paint_p95_ms,0.4491
1785089125,8891fa4cb,debug,plain-typing,keystroke_p50_ms,0.3032
1785089174,8891fa4cb,debug,list-scroll,build_ms,10.8363
1785089174,8891fa4cb,debug,list-scroll,frame_p50_ms,0.0382
1785089174,8891fa4cb,debug,list-scroll,frame_p95_ms,0.0473
1785089174,8891fa4cb,debug,tree-ops,toggle_ms,0.0726
1785089174,8891fa4cb,debug,tree-ops,build_ms,348.7769
1785090132,8891fa4cb,debug,tree-demo,toggle_ms,0.3599
1785090143,8891fa4cb,debug,styled-typing,p50_ms,2.7535
1785090143,8891fa4cb,debug,styled-typing,p95_ms,3.4912
1785090170,8891fa4cb,debug,monster-scroll,paint_p50_ms,2.4545
1785090170,8891fa4cb,debug,monster-scroll,paint_p95_ms,3.3267
1785090196,8891fa4cb,debug,monster-search-scroll,paint_p50_ms,0.0000
1785090196,8891fa4cb,debug,monster-search-scroll,paint_max_ms,0.0000
1785090229,8891fa4cb,debug,render-scroll,avg_ms,1.0820
1785090229,8891fa4cb,debug,render-scroll,p50_ms,1.0336
1785090229,8891fa4cb,debug,render-scroll,p95_ms,1.6086
1785090236,8891fa4cb,debug,wall,open_ms,105.6315
1785090236,8891fa4cb,debug,wall,typing_p50_ms,0.9154
1785090261,8891fa4cb,debug,burst-typing,p50_ms,4.2789
1785090261,8891fa4cb,debug,burst-typing,p95_ms,17.2606
1785090292,8891fa4cb,debug,typing,monster_p50_ms,2.5493
1785090292,8891fa4cb,debug,typing,scratch_p50_ms,0.6221
1785090367,8891fa4cb,debug,documents-list,refresh_ms,43.5596
1785090367,8891fa4cb,debug,documents-list,scroll_p50_ms,0.0959
1785090367,8891fa4cb,debug,documents-list,paint_p50_ms,0.3414
1785090465,8891fa4cb,debug,tree-demo,toggle_ms,1.5048
1785090470,8891fa4cb,debug,monster-scroll,paint_p50_ms,2.8187
1785090470,8891fa4cb,debug,monster-scroll,paint_p95_ms,4.9745
1785090498,8891fa4cb,debug,monster-search-scroll,paint_p50_ms,0.0000
1785090498,8891fa4cb,debug,monster-search-scroll,paint_max_ms,0.0000
1785090534,8891fa4cb,debug,styled-typing,p50_ms,2.8515
1785090534,8891fa4cb,debug,styled-typing,p95_ms,3.4670
1785090569,8891fa4cb,debug,render-scroll,avg_ms,1.1223
1785090569,8891fa4cb,debug,render-scroll,p50_ms,1.0607
1785090569,8891fa4cb,debug,render-scroll,p95_ms,1.6441
1785090577,8891fa4cb,debug,wall,open_ms,107.5119
1785090577,8891fa4cb,debug,wall,typing_p50_ms,0.8687
1785090602,8891fa4cb,debug,burst-typing,p50_ms,4.2935
1785090602,8891fa4cb,debug,burst-typing,p95_ms,16.2985
1785090638,8891fa4cb,debug,typing,monster_p50_ms,2.6266
1785090638,8891fa4cb,debug,typing,scratch_p50_ms,0.6683
1785090665,8891fa4cb,debug,documents-list,refresh_ms,34.9080
1785090665,8891fa4cb,debug,documents-list,scroll_p50_ms,0.0949
1785090665,8891fa4cb,debug,documents-list,paint_p50_ms,0.3387
1785090695,8891fa4cb,debug,plain-typing,keystroke_p50_ms,0.2922
1785090874,8891fa4cb,debug,diff-open,open_ms,58.7572
1785090874,8891fa4cb,debug,diff-typing,p50_ms,0.7770
1785090874,8891fa4cb,debug,diff-resize,frame_p50_ms,4.1747
1785090874,8891fa4cb,debug,diff-resize,frame_worst_ms,4.8714
1785091183,8891fa4cb,debug,monster-resize,sync_ms,33.6954
1785091183,8891fa4cb,debug,monster-resize,repair_effect_ms,61.3730
1785091351,8891fa4cb,debug,code-typing,p50_ms,0.6861
1785091351,8891fa4cb,debug,code-typing,p95_ms,0.7154
1785091512,8891fa4cb,debug,list-scroll,build_ms,4.0624
1785091512,8891fa4cb,debug,list-scroll,frame_p50_ms,0.0353
1785091512,8891fa4cb,debug,list-scroll,frame_p95_ms,0.0420
1785091512,8891fa4cb,debug,tree-ops,toggle_ms,0.0774
1785091512,8891fa4cb,debug,tree-ops,build_ms,347.3653
1785091731,8891fa4cb,debug,search-landing,worst_ms,57.8988
1785091731,8891fa4cb,debug,search-scroll,paint_p50_ms,0.3219
1785091731,8891fa4cb,debug,search-scroll,paint_p95_ms,0.5124
1785096213,5035495b5,debug,tree-demo,toggle_ms,1.3421
1785096214,5035495b5,debug,monster-search-scroll,paint_p50_ms,0.0000
1785096214,5035495b5,debug,monster-search-scroll,paint_max_ms,0.0000
1785096245,5035495b5,debug,monster-scroll,paint_p50_ms,2.5355
1785096245,5035495b5,debug,monster-scroll,paint_p95_ms,3.3924
1785096279,5035495b5,debug,render-scroll,avg_ms,1.1096
1785096279,5035495b5,debug,render-scroll,p50_ms,1.0599
1785096279,5035495b5,debug,render-scroll,p95_ms,1.6417
1785096317,5035495b5,debug,styled-typing,p50_ms,2.5782
1785096317,5035495b5,debug,styled-typing,p95_ms,3.0714
1785096322,5035495b5,debug,wall,open_ms,105.9676
1785096322,5035495b5,debug,wall,typing_p50_ms,0.9610
1785096346,5035495b5,debug,burst-typing,p50_ms,4.1303
1785096346,5035495b5,debug,burst-typing,p95_ms,16.3315
1785096375,5035495b5,debug,typing,monster_p50_ms,2.3479
1785096375,5035495b5,debug,typing,scratch_p50_ms,0.6526
1785096476,5035495b5,debug,plain-typing,keystroke_p50_ms,0.3056
1785096652,5035495b5,debug,diff-open,open_ms,49.5072
1785096652,5035495b5,debug,diff-typing,p50_ms,0.8342
1785096652,5035495b5,debug,diff-resize,frame_p50_ms,4.0944
1785096652,5035495b5,debug,diff-resize,frame_worst_ms,4.6157
1785097205,5035495b5,debug,monster-resize,sync_ms,26.6277
1785097205,5035495b5,debug,monster-resize,repair_effect_ms,61.4736
1785097469,5035495b5,debug,code-typing,p50_ms,0.6708
1785097469,5035495b5,debug,code-typing,p95_ms,0.6854
1785097722,5035495b5,debug,list-scroll,build_ms,7.3039
1785097722,5035495b5,debug,list-scroll,frame_p50_ms,0.0345
1785097722,5035495b5,debug,list-scroll,frame_p95_ms,0.0499
1785097722,5035495b5,debug,tree-ops,toggle_ms,0.0710
1785097722,5035495b5,debug,tree-ops,build_ms,348.4507
1785097955,5035495b5,debug,search-landing,worst_ms,63.5440
1785097955,5035495b5,debug,search-scroll,paint_p50_ms,0.2922
1785097955,5035495b5,debug,search-scroll,paint_p95_ms,0.4475
1785099656,5035495b5,debug,documents-list,refresh_ms,32.0393
1785099656,5035495b5,debug,documents-list,scroll_p50_ms,0.0958
1785099656,5035495b5,debug,documents-list,paint_p50_ms,0.3245
1785099687,5035495b5,debug,plain-typing,keystroke_p50_ms,0.2936
1785099863,5035495b5,debug,diff-open,open_ms,34.8579
1785099863,5035495b5,debug,diff-typing,p50_ms,0.9465
1785099863,5035495b5,debug,diff-resize,frame_p50_ms,4.2535
1785099863,5035495b5,debug,diff-resize,frame_worst_ms,5.9057
1785100170,5035495b5,debug,monster-resize,sync_ms,23.9837
1785100170,5035495b5,debug,monster-resize,repair_effect_ms,60.5478
1785100327,5035495b5,debug,code-typing,p50_ms,0.6878
1785100327,5035495b5,debug,code-typing,p95_ms,0.7036
1785100436,5035495b5,debug,list-scroll,build_ms,8.4485
1785100436,5035495b5,debug,list-scroll,frame_p50_ms,0.0347
1785100436,5035495b5,debug,list-scroll,frame_p95_ms,0.0530
1785100436,5035495b5,debug,tree-ops,toggle_ms,0.0775
1785100436,5035495b5,debug,tree-ops,build_ms,345.2326
1785100624,5035495b5,debug,search-landing,worst_ms,75.0460
1785100624,5035495b5,debug,search-scroll,paint_p50_ms,0.2771
1785100624,5035495b5,debug,search-scroll,paint_p95_ms,0.4160
1785101067,5035495b5,debug,tree-demo,toggle_ms,0.8989
1785101092,5035495b5,debug,monster-scroll,paint_p50_ms,2.6808
1785101092,5035495b5,debug,monster-scroll,paint_p95_ms,3.5755
1785101120,5035495b5,debug,monster-search-scroll,paint_p50_ms,0.0000
1785101120,5035495b5,debug,monster-search-scroll,paint_max_ms,0.0000
1785101154,5035495b5,debug,render-scroll,avg_ms,1.2282
1785101154,5035495b5,debug,render-scroll,p50_ms,1.1889
1785101154,5035495b5,debug,render-scroll,p95_ms,1.7252
1785101191,5035495b5,debug,styled-typing,p50_ms,2.7710
1785101191,5035495b5,debug,styled-typing,p95_ms,3.3505
1785101198,5035495b5,debug,wall,open_ms,121.2553
1785101198,5035495b5,debug,wall,typing_p50_ms,0.9317
1785101223,5035495b5,debug,burst-typing,p50_ms,4.2816
1785101223,5035495b5,debug,burst-typing,p95_ms,16.5140
1785101258,5035495b5,debug,typing,monster_p50_ms,2.6195
1785101258,5035495b5,debug,typing,scratch_p50_ms,0.6400
1785101759,5035495b5,debug,tree-demo,toggle_ms,0.5507
1785101769,5035495b5,debug,styled-typing,p50_ms,2.6022
1785101769,5035495b5,debug,styled-typing,p95_ms,3.2530
1785101801,5035495b5,debug,monster-scroll,paint_p50_ms,2.3697
1785101801,5035495b5,debug,monster-scroll,paint_p95_ms,3.1723
1785101827,5035495b5,debug,monster-search-scroll,paint_p50_ms,0.0000
1785101827,5035495b5,debug,monster-search-scroll,paint_max_ms,0.0000
1785101853,5035495b5,debug,render-scroll,avg_ms,1.0668
1785101853,5035495b5,debug,render-scroll,p50_ms,1.0229
1785101853,5035495b5,debug,render-scroll,p95_ms,1.5546
1785101860,5035495b5,debug,wall,open_ms,103.2117
1785101860,5035495b5,debug,wall,typing_p50_ms,0.8420
1785101878,5035495b5,debug,burst-typing,p50_ms,4.1884
1785101878,5035495b5,debug,burst-typing,p95_ms,16.0118
1785101906,5035495b5,debug,typing,monster_p50_ms,2.0892
1785101906,5035495b5,debug,typing,scratch_p50_ms,0.4829
1785101979,5035495b5,debug,documents-list,refresh_ms,42.7599
1785101979,5035495b5,debug,documents-list,scroll_p50_ms,0.0943
1785101979,5035495b5,debug,documents-list,paint_p50_ms,0.3306
1785102009,5035495b5,debug,plain-typing,keystroke_p50_ms,0.3021
1785102187,5035495b5,debug,diff-open,open_ms,115.6677
1785102187,5035495b5,debug,diff-typing,p50_ms,0.4070
1785102187,5035495b5,debug,diff-resize,frame_p50_ms,4.0812
1785102187,5035495b5,debug,diff-resize,frame_worst_ms,4.6210
1785102495,5035495b5,debug,monster-resize,sync_ms,26.1310
1785102495,5035495b5,debug,monster-resize,repair_effect_ms,59.5816
1785102653,5035495b5,debug,code-typing,p50_ms,0.6824
1785102653,5035495b5,debug,code-typing,p95_ms,0.6932
1785102758,5035495b5,debug,list-scroll,build_ms,8.1943
1785102758,5035495b5,debug,list-scroll,frame_p50_ms,0.0347
1785102758,5035495b5,debug,list-scroll,frame_p95_ms,0.0526
1785102758,5035495b5,debug,tree-ops,toggle_ms,0.0715
1785102758,5035495b5,debug,tree-ops,build_ms,345.9756
1785102949,5035495b5,debug,search-landing,worst_ms,54.9451
1785102949,5035495b5,debug,search-scroll,paint_p50_ms,0.2915
1785102949,5035495b5,debug,search-scroll,paint_p95_ms,0.5235
1785105661,dee226e71,debug,tree-demo,toggle_ms,0.3668
1785105686,dee226e71,debug,monster-scroll,paint_p50_ms,2.6132
1785105686,dee226e71,debug,monster-scroll,paint_p95_ms,3.6723
1785105724,dee226e71,debug,styled-typing,p50_ms,2.4787
1785105724,dee226e71,debug,styled-typing,p95_ms,2.9671
1785105750,dee226e71,debug,monster-search-scroll,paint_p50_ms,0.0000
1785105750,dee226e71,debug,monster-search-scroll,paint_max_ms,0.0000
1785105783,dee226e71,debug,render-scroll,avg_ms,1.0846
1785105783,dee226e71,debug,render-scroll,p50_ms,1.0386
1785105783,dee226e71,debug,render-scroll,p95_ms,1.5915
1785105790,bf2fa556e,debug,wall,open_ms,105.4548
1785105790,bf2fa556e,debug,wall,typing_p50_ms,0.8455
1785105815,bf2fa556e,debug,burst-typing,p50_ms,4.3627
1785105815,bf2fa556e,debug,burst-typing,p95_ms,15.7221
1785105851,bf2fa556e,debug,typing,monster_p50_ms,2.1660
1785105851,bf2fa556e,debug,typing,scratch_p50_ms,0.5897
1785106199,bf2fa556e,debug,documents-list,refresh_ms,43.2100
1785106199,bf2fa556e,debug,documents-list,scroll_p50_ms,0.0954
1785106199,bf2fa556e,debug,documents-list,paint_p50_ms,0.3416
1785106380,bf2fa556e,debug,plain-typing,keystroke_p50_ms,0.2934
1785107104,bf2fa556e,debug,diff-open,open_ms,137.0330
1785107104,bf2fa556e,debug,diff-typing,p50_ms,0.4337
1785107104,bf2fa556e,debug,diff-resize,frame_p50_ms,4.2000
1785107104,bf2fa556e,debug,diff-resize,frame_worst_ms,4.8582
1785108335,bf2fa556e,debug,monster-resize,sync_ms,26.5883
1785108335,bf2fa556e,debug,monster-resize,repair_effect_ms,60.6945
1785108749,bf2fa556e,debug,code-typing,p50_ms,0.6725
1785108749,bf2fa556e,debug,code-typing,p95_ms,0.6899
1785109091,bf2fa556e,debug,tree-demo,toggle_ms,0.5891
1785109102,bf2fa556e,debug,styled-typing,p50_ms,2.5992
1785109102,bf2fa556e,debug,styled-typing,p95_ms,3.0418
1785109129,bf2fa556e,debug,render-scroll,avg_ms,1.0666
1785109129,bf2fa556e,debug,render-scroll,p50_ms,1.0227
1785109129,bf2fa556e,debug,render-scroll,p95_ms,1.5637
1785109154,bf2fa556e,debug,monster-search-scroll,paint_p50_ms,0.0000
1785109154,bf2fa556e,debug,monster-search-scroll,paint_max_ms,0.0000
1785109179,bf2fa556e,debug,monster-scroll,paint_p50_ms,2.3268
1785109179,bf2fa556e,debug,monster-scroll,paint_p95_ms,3.0717
1785109185,bf2fa556e,debug,wall,open_ms,103.3157
1785109185,bf2fa556e,debug,wall,typing_p50_ms,0.8619
1785109209,bf2fa556e,debug,burst-typing,p50_ms,4.0446
1785109209,bf2fa556e,debug,burst-typing,p95_ms,15.4313
1785109238,bf2fa556e,debug,typing,monster_p50_ms,2.1542
1785109238,bf2fa556e,debug,typing,scratch_p50_ms,0.5151
1785109302,bf2fa556e,debug,documents-list,refresh_ms,44.0320
1785109302,bf2fa556e,debug,documents-list,scroll_p50_ms,0.0989
1785109302,bf2fa556e,debug,documents-list,paint_p50_ms,0.3443
1785109375,bf2fa556e,debug,plain-typing,keystroke_p50_ms,0.3027
1785109579,bf2fa556e,debug,diff-open,open_ms,64.3607
1785109579,bf2fa556e,debug,diff-typing,p50_ms,0.3660
1785109579,bf2fa556e,debug,diff-resize,frame_p50_ms,4.1522
1785109579,bf2fa556e,debug,diff-resize,frame_worst_ms,4.3760
1785109962,bf2fa556e,debug,monster-resize,sync_ms,26.9637
1785109962,bf2fa556e,debug,monster-resize,repair_effect_ms,62.2567
1785110149,bf2fa556e,debug,code-typing,p50_ms,0.7156
1785110149,bf2fa556e,debug,code-typing,p95_ms,0.7346
1785110285,bf2fa556e,debug,list-scroll,build_ms,7.4487
1785110285,bf2fa556e,debug,list-scroll,frame_p50_ms,0.0353
1785110285,bf2fa556e,debug,list-scroll,frame_p95_ms,0.0488
1785110285,bf2fa556e,debug,tree-ops,toggle_ms,0.0752
1785110285,bf2fa556e,debug,tree-ops,build_ms,350.7738
1785110539,bf2fa556e,debug,search-landing,worst_ms,74.8439
1785110539,bf2fa556e,debug,search-scroll,paint_p50_ms,0.2885
1785110539,bf2fa556e,debug,search-scroll,paint_p95_ms,0.4343
1785111887,bf2fa556e,debug,monster-search-scroll,paint_p50_ms,0.0000
1785111887,bf2fa556e,debug,monster-search-scroll,paint_max_ms,0.0000
1785111891,bf2fa556e,debug,tree-demo,toggle_ms,0.7052
1785111921,bf2fa556e,debug,monster-scroll,paint_p50_ms,2.5479
1785111921,bf2fa556e,debug,monster-scroll,paint_p95_ms,3.4330
1785111960,bf2fa556e,debug,styled-typing,p50_ms,2.4409
1785111960,bf2fa556e,debug,styled-typing,p95_ms,2.9278
1785111993,bf2fa556e,debug,render-scroll,avg_ms,1.1422
1785111993,bf2fa556e,debug,render-scroll,p50_ms,1.0945
1785111993,bf2fa556e,debug,render-scroll,p95_ms,1.6698
1785111999,bf2fa556e,debug,wall,open_ms,106.6811
1785111999,bf2fa556e,debug,wall,typing_p50_ms,0.8448
1785112018,bf2fa556e,debug,burst-typing,p50_ms,4.2311
1785112018,bf2fa556e,debug,burst-typing,p95_ms,17.0628
1785112054,bf2fa556e,debug,typing,monster_p50_ms,2.3842
1785112054,bf2fa556e,debug,typing,scratch_p50_ms,0.5920
1785112251,bf2fa556e,debug,documents-list,refresh_ms,43.5190
1785112251,bf2fa556e,debug,documents-list,scroll_p50_ms,0.1005
1785112251,bf2fa556e,debug,documents-list,paint_p50_ms,0.3523
1785112336,bf2fa556e,debug,plain-typing,keystroke_p50_ms,0.3003
1785112666,bf2fa556e,debug,tree-demo,toggle_ms,0.8786
1785112696,bf2fa556e,debug,styled-typing,p50_ms,2.6221
1785112696,bf2fa556e,debug,styled-typing,p95_ms,3.0903
1785112731,bf2fa556e,debug,render-scroll,avg_ms,1.1207
1785112731,bf2fa556e,debug,render-scroll,p50_ms,1.0745
1785112731,bf2fa556e,debug,render-scroll,p95_ms,1.6307
1785112753,bf2fa556e,debug,monster-search-scroll,paint_p50_ms,0.0000
1785112753,bf2fa556e,debug,monster-search-scroll,paint_max_ms,0.0000
1785112784,bf2fa556e,debug,monster-scroll,paint_p50_ms,2.4052
1785112784,bf2fa556e,debug,monster-scroll,paint_p95_ms,3.1660
1785112790,bf2fa556e,debug,wall,open_ms,109.5169
1785112790,bf2fa556e,debug,wall,typing_p50_ms,0.8725
1785112815,bf2fa556e,debug,burst-typing,p50_ms,4.5666
1785112815,bf2fa556e,debug,burst-typing,p95_ms,9.0889
1785112852,bf2fa556e,debug,typing,monster_p50_ms,2.2020
1785112852,bf2fa556e,debug,typing,scratch_p50_ms,0.4973
1785112945,bf2fa556e,debug,documents-list,refresh_ms,36.2912
1785112945,bf2fa556e,debug,documents-list,scroll_p50_ms,0.0996
1785112945,bf2fa556e,debug,documents-list,paint_p50_ms,0.3530
1785113033,bf2fa556e,debug,plain-typing,keystroke_p50_ms,0.3031
1785113465,bf2fa556e,debug,diff-open,open_ms,92.7738
1785113465,bf2fa556e,debug,diff-typing,p50_ms,0.7115
1785113465,bf2fa556e,debug,diff-resize,frame_p50_ms,4.0605
1785113465,bf2fa556e,debug,diff-resize,frame_worst_ms,4.4416
1785114520,bf2fa556e,debug,documents-list,refresh_ms,107.1047
1785114520,bf2fa556e,debug,documents-list,scroll_p50_ms,0.0967
1785114520,bf2fa556e,debug,documents-list,paint_p50_ms,0.3409
1785114531,bf2fa556e,debug,tree-demo,toggle_ms,0.7825
1785114555,bf2fa556e,debug,monster-scroll,paint_p50_ms,2.7350
1785114555,bf2fa556e,debug,monster-scroll,paint_p95_ms,3.6202
1785114590,bf2fa556e,debug,render-scroll,avg_ms,1.2471
1785114590,bf2fa556e,debug,render-scroll,p50_ms,1.2141
1785114590,bf2fa556e,debug,render-scroll,p95_ms,1.7459
1785114629,bf2fa556e,debug,styled-typing,p50_ms,2.8338
1785114629,bf2fa556e,debug,styled-typing,p95_ms,3.8030
1785114646,bf2fa556e,debug,diff-open,open_ms,143.7990
1785114646,bf2fa556e,debug,diff-typing,p50_ms,0.5614
1785114646,bf2fa556e,debug,diff-resize,frame_p50_ms,4.0523
1785114646,bf2fa556e,debug,diff-resize,frame_worst_ms,4.2375
1785114656,bf2fa556e,debug,monster-search-scroll,paint_p50_ms,0.0000
1785114656,bf2fa556e,debug,monster-search-scroll,paint_max_ms,0.0000
1785114663,bf2fa556e,debug,wall,open_ms,109.5705
1785114663,bf2fa556e,debug,wall,typing_p50_ms,0.8784
1785114689,bf2fa556e,debug,burst-typing,p50_ms,4.2671
1785114689,bf2fa556e,debug,burst-typing,p95_ms,16.9701
1785114725,bf2fa556e,debug,typing,monster_p50_ms,2.3248
1785114725,bf2fa556e,debug,typing,scratch_p50_ms,0.5886
1785114821,bf2fa556e,debug,monster-resize,sync_ms,39.7824
1785114821,bf2fa556e,debug,monster-resize,repair_effect_ms,82.5969
1785114825,bf2fa556e,debug,plain-typing,keystroke_p50_ms,0.3033
1785115301,bf2fa556e,debug,code-typing,p50_ms,0.7157
1785115301,bf2fa556e,debug,code-typing,p95_ms,0.7739
1785115625,bf2fa556e,debug,list-scroll,build_ms,6.6782
1785115625,bf2fa556e,debug,list-scroll,frame_p50_ms,0.0350
1785115625,bf2fa556e,debug,list-scroll,frame_p95_ms,0.0655
1785115625,bf2fa556e,debug,tree-ops,toggle_ms,0.0763
1785115625,bf2fa556e,debug,tree-ops,build_ms,369.1437
1785116518,bf2fa556e,debug,search-landing,worst_ms,56.2797
1785116518,bf2fa556e,debug,search-scroll,paint_p50_ms,0.2911
1785116518,bf2fa556e,debug,search-scroll,paint_p95_ms,0.4246
1785138154,9f0a1d6d6,debug,tree-demo,toggle_ms,0.6879
1785138185,9f0a1d6d6,debug,styled-typing,p50_ms,3.0047
1785138185,9f0a1d6d6,debug,styled-typing,p95_ms,3.5722
1785138220,9f0a1d6d6,debug,render-scroll,avg_ms,1.2583
1785138220,9f0a1d6d6,debug,render-scroll,p50_ms,1.2264
1785138220,9f0a1d6d6,debug,render-scroll,p95_ms,1.7626
1785138229,9f0a1d6d6,debug,documents-list,refresh_ms,42.6265
1785138229,9f0a1d6d6,debug,documents-list,scroll_p50_ms,0.0958
1785138229,9f0a1d6d6,debug,documents-list,paint_p50_ms,0.3313
1785138247,9f0a1d6d6,debug,monster-search-scroll,paint_p50_ms,0.0000
1785138247,9f0a1d6d6,debug,monster-search-scroll,paint_max_ms,0.0000
1785138271,9f0a1d6d6,debug,monster-scroll,paint_p50_ms,2.5152
1785138271,9f0a1d6d6,debug,monster-scroll,paint_p95_ms,3.2336
1785138278,9f0a1d6d6,debug,wall,open_ms,107.7972
1785138278,9f0a1d6d6,debug,wall,typing_p50_ms,0.9292
1785138303,9f0a1d6d6,debug,burst-typing,p50_ms,5.0242
1785138303,9f0a1d6d6,debug,burst-typing,p95_ms,16.5126
1785138338,9f0a1d6d6,debug,typing,monster_p50_ms,2.3625
1785138338,9f0a1d6d6,debug,typing,scratch_p50_ms,0.5927
1785139967,2306a7148,debug,plain-typing,keystroke_p50_ms,0.2992
1785140000,2306a7148,debug,diff-open,open_ms,67.7022
1785140000,2306a7148,debug,diff-typing,p50_ms,0.3133
1785140000,2306a7148,debug,diff-resize,frame_p50_ms,4.2780
1785140000,2306a7148,debug,diff-resize,frame_worst_ms,4.5357
1785140339,2306a7148,debug,monster-resize,sync_ms,29.3584
1785140339,2306a7148,debug,monster-resize,repair_effect_ms,60.8322
1785140504,2306a7148,debug,code-typing,p50_ms,0.6783
1785140504,2306a7148,debug,code-typing,p95_ms,0.7601
1785140653,2306a7148,debug,list-scroll,build_ms,6.7859
1785140653,2306a7148,debug,list-scroll,frame_p50_ms,0.0348
1785140653,2306a7148,debug,list-scroll,frame_p95_ms,0.0455
1785140653,2306a7148,debug,tree-ops,toggle_ms,0.0750
1785140653,2306a7148,debug,tree-ops,build_ms,340.0556
1785140860,2306a7148,debug,search-landing,worst_ms,63.7438
1785140860,2306a7148,debug,search-scroll,paint_p50_ms,0.2877
1785140860,2306a7148,debug,search-scroll,paint_p95_ms,0.4561
1785142345,2306a7148,debug,plain-typing,keystroke_p50_ms,0.2958
1785142834,2306a7148,debug,tree-demo,toggle_ms,0.7264
1785143676,2306a7148,debug,styled-typing,p50_ms,2802.6049
1785143676,2306a7148,debug,styled-typing,p95_ms,4897.7788
1785145711,2306a7148,debug,tree-demo,toggle_ms,0.4889
1785145727,2306a7148,debug,monster-search-scroll,paint_p50_ms,0.0000
1785145727,2306a7148,debug,monster-search-scroll,paint_max_ms,0.0000
1785145772,2306a7148,debug,styled-typing,p50_ms,1.9617
1785145772,2306a7148,debug,styled-typing,p95_ms,2.5777
1785145807,2306a7148,debug,monster-scroll,paint_p50_ms,2.1906
1785145807,2306a7148,debug,monster-scroll,paint_p95_ms,3.1258
1785145844,2306a7148,debug,render-scroll,avg_ms,0.7675
1785145844,2306a7148,debug,render-scroll,p50_ms,0.7225
1785145844,2306a7148,debug,render-scroll,p95_ms,1.3132
1785145856,2306a7148,debug,wall,open_ms,110.5993
1785145856,2306a7148,debug,wall,typing_p50_ms,0.9649
1785145892,2306a7148,debug,burst-typing,p50_ms,4.5981
1785145892,2306a7148,debug,burst-typing,p95_ms,17.1922
1785145933,2306a7148,debug,typing,monster_p50_ms,2.1354
1785145933,2306a7148,debug,typing,scratch_p50_ms,0.6290
1785146539,2306a7148,debug,tree-demo,toggle_ms,0.8156
1785146562,2306a7148,debug,render-scroll,avg_ms,1.4647
1785146562,2306a7148,debug,render-scroll,p50_ms,1.3765
1785146562,2306a7148,debug,render-scroll,p95_ms,2.1185
1785146615,2306a7148,debug,styled-typing,p50_ms,3.1178
1785146615,2306a7148,debug,styled-typing,p95_ms,3.9833
1785146648,2306a7148,debug,monster-search-scroll,paint_p50_ms,0.0000
1785146648,2306a7148,debug,monster-search-scroll,paint_max_ms,0.0000
1785146683,2306a7148,debug,monster-scroll,paint_p50_ms,2.6728
1785146683,2306a7148,debug,monster-scroll,paint_p95_ms,3.6078
1785146696,2306a7148,debug,wall,open_ms,108.0625
1785146696,2306a7148,debug,wall,typing_p50_ms,0.9367
1785146727,2306a7148,debug,burst-typing,p50_ms,4.7404
1785146727,2306a7148,debug,burst-typing,p95_ms,17.4239
1785146771,2306a7148,debug,typing,monster_p50_ms,2.3283
1785146771,2306a7148,debug,typing,scratch_p50_ms,0.6574
1785146835,2306a7148,debug,plain-typing,keystroke_p50_ms,0.3645
1785147313,2306a7148,debug,tree-demo,toggle_ms,0.3910
1785147313,2306a7148,debug,render-scroll,avg_ms,1.7041
1785147313,2306a7148,debug,render-scroll,p50_ms,1.5445
1785147313,2306a7148,debug,render-scroll,p95_ms,2.8300
1785147355,2306a7148,debug,monster-scroll,paint_p50_ms,2.8433
1785147355,2306a7148,debug,monster-scroll,paint_p95_ms,4.0168
1785147387,2306a7148,debug,monster-search-scroll,paint_p50_ms,0.0000
1785147387,2306a7148,debug,monster-search-scroll,paint_max_ms,0.0000
1785147429,2306a7148,debug,styled-typing,p50_ms,3.2057
1785147429,2306a7148,debug,styled-typing,p95_ms,4.7227
1785147442,2306a7148,debug,wall,open_ms,114.6342
1785147442,2306a7148,debug,wall,typing_p50_ms,0.8803
1785147473,2306a7148,debug,burst-typing,p50_ms,5.0679
1785147473,2306a7148,debug,burst-typing,p95_ms,18.0433
1785147519,2306a7148,debug,typing,monster_p50_ms,2.8260
1785147519,2306a7148,debug,typing,scratch_p50_ms,0.8401
1785147716,2306a7148,debug,wall,open_ms,152.8285
1785147716,2306a7148,debug,wall,typing_p50_ms,1.0909
1785147794,2306a7148,debug,wall,open_ms,121.5458
1785147794,2306a7148,debug,wall,typing_p50_ms,0.9494
1785147889,2306a7148,debug,tree-demo,toggle_ms,0.5939
1785147894,2306a7148,debug,monster-scroll,paint_p50_ms,3.1395
1785147894,2306a7148,debug,monster-scroll,paint_p95_ms,4.9975
1785147928,2306a7148,debug,monster-search-scroll,paint_p50_ms,0.0000
1785147928,2306a7148,debug,monster-search-scroll,paint_max_ms,0.0000
1785147969,2306a7148,debug,styled-typing,p50_ms,3.2766
1785147969,2306a7148,debug,styled-typing,p95_ms,5.7301
1785148011,2306a7148,debug,render-scroll,avg_ms,1.3284
1785148011,2306a7148,debug,render-scroll,p50_ms,1.2482
1785148011,2306a7148,debug,render-scroll,p95_ms,2.0710
1785148023,2306a7148,debug,wall,open_ms,109.8262
1785148023,2306a7148,debug,wall,typing_p50_ms,0.9700
1785148055,2306a7148,debug,burst-typing,p50_ms,5.2877
1785148055,2306a7148,debug,burst-typing,p95_ms,17.9157
1785148101,2306a7148,debug,typing,monster_p50_ms,2.8978
1785148101,2306a7148,debug,typing,scratch_p50_ms,0.7920
1785148442,2306a7148,debug,tree-demo,toggle_ms,0.4564
1785148448,2306a7148,debug,styled-typing,p50_ms,3.7766
1785148448,2306a7148,debug,styled-typing,p95_ms,7.7759
1785148493,2306a7148,debug,monster-scroll,paint_p50_ms,2.7802
1785148493,2306a7148,debug,monster-scroll,paint_p95_ms,4.0172
1785148527,2306a7148,debug,monster-search-scroll,paint_p50_ms,0.0000
1785148527,2306a7148,debug,monster-search-scroll,paint_max_ms,0.0000
1785148568,2306a7148,debug,render-scroll,avg_ms,1.3211
1785148568,2306a7148,debug,render-scroll,p50_ms,1.2650
1785148568,2306a7148,debug,render-scroll,p95_ms,1.9340
1785148580,2306a7148,debug,wall,open_ms,107.6262
1785148580,2306a7148,debug,wall,typing_p50_ms,0.9770
1785148611,2306a7148,debug,burst-typing,p50_ms,4.7788
1785148611,2306a7148,debug,burst-typing,p95_ms,17.6525
1785148657,2306a7148,debug,typing,monster_p50_ms,2.9130
1785148657,2306a7148,debug,typing,scratch_p50_ms,0.8059
1785148796,2306a7148,debug,plain-typing,keystroke_p50_ms,0.3003
1785148982,2306a7148,debug,tree-demo,toggle_ms,0.3630
1785148988,2306a7148,debug,styled-typing,p50_ms,4.1617
1785148988,2306a7148,debug,styled-typing,p95_ms,7.0581
1785149031,2306a7148,debug,render-scroll,avg_ms,1.4159
1785149031,2306a7148,debug,render-scroll,p50_ms,1.2908
1785149031,2306a7148,debug,render-scroll,p95_ms,2.1979
1785149063,2306a7148,debug,monster-scroll,paint_p50_ms,2.7321
1785149063,2306a7148,debug,monster-scroll,paint_p95_ms,3.9543
1785149095,2306a7148,debug,monster-search-scroll,paint_p50_ms,0.0000
1785149095,2306a7148,debug,monster-search-scroll,paint_max_ms,0.0000
1785149108,2306a7148,debug,wall,open_ms,107.9703
1785149108,2306a7148,debug,wall,typing_p50_ms,0.9076
1785149139,2306a7148,debug,burst-typing,p50_ms,4.7753
1785149139,2306a7148,debug,burst-typing,p95_ms,18.2735
1785149185,2306a7148,debug,typing,monster_p50_ms,2.8818
1785149185,2306a7148,debug,typing,scratch_p50_ms,0.7857
1785149386,2306a7148,debug,render-scroll,avg_ms,1.0097
1785149386,2306a7148,debug,render-scroll,p50_ms,0.9327
1785149386,2306a7148,debug,render-scroll,p95_ms,1.6634
1785149500,2306a7148,debug,styled-typing,p50_ms,2.5466
1785149500,2306a7148,debug,styled-typing,p95_ms,4.0417
1785149547,2306a7148,debug,typing,monster_p50_ms,2.2623
1785149547,2306a7148,debug,typing,scratch_p50_ms,0.7521
1785149762,2306a7148,debug,plain-typing,keystroke_p50_ms,0.3260
1785149938,2306a7148,debug,styled-typing,p50_ms,3.1663
1785149938,2306a7148,debug,styled-typing,p95_ms,4.6930
1785149979,2306a7148,debug,render-scroll,avg_ms,1.3236
1785149979,2306a7148,debug,render-scroll,p50_ms,1.2539
1785149979,2306a7148,debug,render-scroll,p95_ms,1.9845
1785150025,2306a7148,debug,typing,monster_p50_ms,2.8561
1785150025,2306a7148,debug,typing,scratch_p50_ms,0.7713
1785150230,2306a7148,debug,monster-scroll,paint_p50_ms,2.6658
1785150230,2306a7148,debug,monster-scroll,paint_p95_ms,3.7290
1785150355,2306a7148,debug,styled-typing,p50_ms,3.8002
1785150355,2306a7148,debug,styled-typing,p95_ms,5.7938
1785150357,2306a7148,debug,tree-demo,toggle_ms,0.3742
1785150392,2306a7148,debug,monster-search-scroll,paint_p50_ms,0.0000
1785150392,2306a7148,debug,monster-search-scroll,paint_max_ms,0.0000
1785150428,2306a7148,debug,monster-scroll,paint_p50_ms,2.6632
1785150428,2306a7148,debug,monster-scroll,paint_p95_ms,3.7275
1785150467,2306a7148,debug,render-scroll,avg_ms,1.1843
1785150467,2306a7148,debug,render-scroll,p50_ms,1.1475
1785150467,2306a7148,debug,render-scroll,p95_ms,1.6723
1785150478,2306a7148,debug,wall,open_ms,105.0973
1785150478,2306a7148,debug,wall,typing_p50_ms,0.9677
1785150507,2306a7148,debug,burst-typing,p50_ms,5.4014
1785150507,2306a7148,debug,burst-typing,p95_ms,16.0601
1785150550,2306a7148,debug,typing,monster_p50_ms,2.3924
1785150550,2306a7148,debug,typing,scratch_p50_ms,0.5270
1785150608,2306a7148,debug,plain-typing,keystroke_p50_ms,0.2928
1785150754,2306a7148,debug,monster-resize,sync_ms,28.1852
1785150754,2306a7148,debug,monster-resize,repair_effect_ms,59.3300
1785150990,2306a7148,debug,monster-resize,sync_ms,21.2417
1785150990,2306a7148,debug,monster-resize,repair_effect_ms,60.7115
1785151508,2306a7148,debug,documents-list,refresh_ms,32.7298
1785151508,2306a7148,debug,documents-list,scroll_p50_ms,0.0918
1785151508,2306a7148,debug,documents-list,paint_p50_ms,0.3350
1785151625,2306a7148,debug,diff-open,open_ms,83.3719
1785151625,2306a7148,debug,diff-typing,p50_ms,0.9295
1785151625,2306a7148,debug,diff-resize,frame_p50_ms,4.3935
1785151625,2306a7148,debug,diff-resize,frame_worst_ms,4.7968
1785151958,2306a7148,debug,code-typing,p50_ms,0.6171
1785151958,2306a7148,debug,code-typing,p95_ms,0.8005
1785152113,2306a7148,debug,list-scroll,build_ms,5.2289
1785152113,2306a7148,debug,list-scroll,frame_p50_ms,0.0355
1785152113,2306a7148,debug,list-scroll,frame_p95_ms,0.0487
1785152113,2306a7148,debug,tree-ops,toggle_ms,0.0766
1785152114,2306a7148,debug,tree-ops,build_ms,354.8665
1785152602,2306a7148,debug,search-landing,worst_ms,43.1720
1785152602,2306a7148,debug,search-scroll,paint_p50_ms,0.3815
1785152602,2306a7148,debug,search-scroll,paint_p95_ms,0.5658
1785153354,2306a7148,debug,plain-typing,keystroke_p50_ms,0.3942
1785153542,2306a7148,debug,styled-typing,p50_ms,3.0130
1785153542,2306a7148,debug,styled-typing,p95_ms,3.5899
1785153579,2306a7148,debug,monster-scroll,paint_p50_ms,2.6755
1785153579,2306a7148,debug,monster-scroll,paint_p95_ms,3.6365
1785153619,2306a7148,debug,render-scroll,avg_ms,1.2700
1785153619,2306a7148,debug,render-scroll,p50_ms,1.2335
1785153619,2306a7148,debug,render-scroll,p95_ms,1.8210
1785153664,2306a7148,debug,typing,monster_p50_ms,2.8968
1785153664,2306a7148,debug,typing,scratch_p50_ms,0.8506
1785153898,2306a7148,debug,monster-scroll,paint_p50_ms,3.2124
1785153898,2306a7148,debug,monster-scroll,paint_p95_ms,4.7279
1785153907,2306a7148,debug,tree-demo,toggle_ms,0.3772
1785153941,2306a7148,debug,render-scroll,avg_ms,1.2262
1785153941,2306a7148,debug,render-scroll,p50_ms,1.1778
1785153941,2306a7148,debug,render-scroll,p95_ms,1.7978
1785153982,2306a7148,debug,styled-typing,p50_ms,3.0797
1785153982,2306a7148,debug,styled-typing,p95_ms,3.7567
1785154015,2306a7148,debug,monster-search-scroll,paint_p50_ms,0.0000
1785154015,2306a7148,debug,monster-search-scroll,paint_max_ms,0.0000
1785154028,2306a7148,debug,wall,open_ms,109.2671
1785154028,2306a7148,debug,wall,typing_p50_ms,0.9920
1785154058,2306a7148,debug,burst-typing,p50_ms,4.4093
1785154058,2306a7148,debug,burst-typing,p95_ms,16.9103
1785154105,2306a7148,debug,typing,monster_p50_ms,2.7628
1785154105,2306a7148,debug,typing,scratch_p50_ms,0.8269
1785154168,2306a7148,debug,plain-typing,keystroke_p50_ms,0.3255
1785154219,2306a7148,debug,list-scroll,build_ms,8.3522
1785154219,2306a7148,debug,list-scroll,frame_p50_ms,0.0383
1785154219,2306a7148,debug,list-scroll,frame_p95_ms,0.0736
1785154220,2306a7148,debug,tree-ops,toggle_ms,0.0782
1785154220,2306a7148,debug,tree-ops,build_ms,373.0260
1785156780,2306a7148,debug,plain-typing,keystroke_p50_ms,0.2907
1785156869,2306a7148,debug,diff-open,open_ms,300.6198
1785156869,2306a7148,debug,diff-typing,p50_ms,0.2111
1785156871,2306a7148,debug,diff-resize,frame_p50_ms,13.3256
1785156871,2306a7148,debug,diff-resize,frame_worst_ms,14.3955
1785156920,2306a7148,debug,diff-open,open_ms,31.3968
1785156920,2306a7148,debug,diff-typing,p50_ms,0.2118
1785156921,2306a7148,debug,diff-resize,frame_p50_ms,13.3106
1785156921,2306a7148,debug,diff-resize,frame_worst_ms,13.8797
1785157051,2306a7148,debug,diff-open,open_ms,140.2663
1785157051,2306a7148,debug,diff-typing,p50_ms,0.2046
1785157053,2306a7148,debug,diff-resize,frame_p50_ms,13.7223
1785157053,2306a7148,debug,diff-resize,frame_worst_ms,14.1565
1785157095,2306a7148,debug,diff-open,open_ms,27.6085
1785157095,2306a7148,debug,diff-typing,p50_ms,0.2124
1785157096,2306a7148,debug,diff-resize,frame_p50_ms,13.5135
1785157096,2306a7148,debug,diff-resize,frame_worst_ms,13.8101
1785157138,2306a7148,debug,diff-open,open_ms,30.9635
1785157138,2306a7148,debug,diff-typing,p50_ms,0.2292
1785157139,2306a7148,debug,diff-resize,frame_p50_ms,13.4290
1785157139,2306a7148,debug,diff-resize,frame_worst_ms,13.7475
1785157296,2306a7148,debug,diff-open,open_ms,111.5672
1785157296,2306a7148,debug,diff-typing,p50_ms,0.2333
1785157298,2306a7148,debug,diff-resize,frame_p50_ms,14.5523
1785157298,2306a7148,debug,diff-resize,frame_worst_ms,15.2845
1785157371,2306a7148,debug,diff-open,open_ms,30.6306
1785157371,2306a7148,debug,diff-typing,p50_ms,0.2486
1785157371,2306a7148,debug,diff-resize,frame_p50_ms,12.9258
1785157371,2306a7148,debug,diff-resize,frame_worst_ms,13.1152
1785157516,2306a7148,debug,diff-open,open_ms,110.4206
1785157516,2306a7148,debug,diff-typing,p50_ms,0.2162
1785157517,2306a7148,debug,diff-resize,frame_p50_ms,14.2720
1785157517,2306a7148,debug,diff-resize,frame_worst_ms,14.9278
1785157721,2306a7148,debug,diff-open,open_ms,117.8348
1785157721,2306a7148,debug,diff-typing,p50_ms,0.2018
1785157724,2306a7148,debug,diff-resize,frame_p50_ms,13.6883
1785157724,2306a7148,debug,diff-resize,frame_worst_ms,14.4051
1785157989,2306a7148,debug,diff-open,open_ms,521.8676
1785157989,2306a7148,debug,diff-typing,p50_ms,0.2218
1785157993,2306a7148,debug,diff-resize,frame_p50_ms,13.9838
1785157993,2306a7148,debug,diff-resize,frame_worst_ms,14.3217
1785158224,2306a7148,debug,plain-typing,keystroke_p50_ms,0.2899
1785158311,2306a7148,debug,diff-open,open_ms,44.9269
1785158311,2306a7148,debug,diff-typing,p50_ms,0.5226
1785158311,2306a7148,debug,diff-resize,frame_p50_ms,4.5568
1785158311,2306a7148,debug,diff-resize,frame_worst_ms,5.1705
1785158756,2306a7148,debug,tree-demo,toggle_ms,0.3381
1785158766,2306a7148,debug,styled-typing,p50_ms,2.9080
1785158766,2306a7148,debug,styled-typing,p95_ms,3.5976
1785158805,2306a7148,debug,monster-scroll,paint_p50_ms,2.5079
1785158805,2306a7148,debug,monster-scroll,paint_p95_ms,3.2964
1785158819,2306a7148,debug,documents-list,refresh_ms,33.6730
1785158819,2306a7148,debug,documents-list,scroll_p50_ms,0.0937
1785158819,2306a7148,debug,documents-list,paint_p50_ms,0.3418
1785158836,2306a7148,debug,monster-search-scroll,paint_p50_ms,0.0000
1785158836,2306a7148,debug,monster-search-scroll,paint_max_ms,0.0000
1785158874,2306a7148,debug,render-scroll,avg_ms,1.2551
1785158874,2306a7148,debug,render-scroll,p50_ms,1.1937
1785158874,2306a7148,debug,render-scroll,p95_ms,1.8248
1785158886,2306a7148,debug,wall,open_ms,107.9021
1785158886,2306a7148,debug,wall,typing_p50_ms,0.8710
1785158916,2306a7148,debug,burst-typing,p50_ms,4.3889
1785158916,2306a7148,debug,burst-typing,p95_ms,16.7341
1785158959,2306a7148,debug,typing,monster_p50_ms,2.3985
1785158959,2306a7148,debug,typing,scratch_p50_ms,0.6078
1785159321,2306a7148,debug,monster-resize,sync_ms,48.8137
1785159321,2306a7148,debug,monster-resize,repair_effect_ms,159.3195
1785159422,2306a7148,debug,code-typing,p50_ms,0.6133
1785159422,2306a7148,debug,code-typing,p95_ms,0.6670
1785159635,2306a7148,debug,list-scroll,build_ms,7.3005
1785159635,2306a7148,debug,list-scroll,frame_p50_ms,0.0354
1785159635,2306a7148,debug,list-scroll,frame_p95_ms,0.0485
1785159636,2306a7148,debug,tree-ops,toggle_ms,0.0740
1785159636,2306a7148,debug,tree-ops,build_ms,341.9669
1785159943,2306a7148,debug,search-landing,worst_ms,52.5156
1785159943,2306a7148,debug,search-scroll,paint_p50_ms,0.3442
1785159943,2306a7148,debug,search-scroll,paint_p95_ms,0.5413
1785160016,2306a7148,debug,plain-typing,keystroke_p50_ms,0.3052
1785160365,2306a7148,debug,plain-typing,keystroke_p50_ms,0.3034
1785160728,2306a7148,debug,plain-typing,keystroke_p50_ms,0.2928
1785160825,2306a7148,debug,diff-open,open_ms,19.3410
1785160825,2306a7148,debug,diff-typing,p50_ms,0.2643
1785160825,2306a7148,debug,diff-resize,frame_p50_ms,3.9758
1785160825,2306a7148,debug,diff-resize,frame_worst_ms,4.1057
1785161567,2306a7148,debug,plain-typing,keystroke_p50_ms,0.4071
1785161922,2306a7148,debug,diff-open,open_ms,248.2865
1785161923,2306a7148,debug,diff-typing,p50_ms,0.2385
1785161923,2306a7148,debug,diff-resize,frame_p50_ms,3.7016
1785161923,2306a7148,debug,diff-resize,frame_worst_ms,4.3706
1785163246,2306a7148,debug,plain-typing,keystroke_p50_ms,0.3012
1785163533,2306a7148,debug,diff-open,open_ms,167.6750
1785163533,2306a7148,debug,diff-typing,p50_ms,0.3313
1785163533,2306a7148,debug,diff-resize,frame_p50_ms,4.7037
1785163533,2306a7148,debug,diff-resize,frame_worst_ms,5.9759
1785164680,2306a7148,debug,tree-demo,toggle_ms,0.3931
1785164700,2306a7148,debug,monster-scroll,paint_p50_ms,2.5736
1785164700,2306a7148,debug,monster-scroll,paint_p95_ms,3.6232
1785164735,2306a7148,debug,styled-typing,p50_ms,2.2789
1785164735,2306a7148,debug,styled-typing,p95_ms,2.7371
1785164770,2306a7148,debug,render-scroll,avg_ms,1.0011
1785164770,2306a7148,debug,render-scroll,p50_ms,0.9633
1785164770,2306a7148,debug,render-scroll,p95_ms,1.4865
1785164793,2306a7148,debug,monster-search-scroll,paint_p50_ms,0.0000
1785164793,2306a7148,debug,monster-search-scroll,paint_max_ms,0.0000
1785164803,2306a7148,debug,wall,open_ms,101.8837
1785164803,2306a7148,debug,wall,typing_p50_ms,0.8256
1785164831,2306a7148,debug,burst-typing,p50_ms,4.0347
1785164831,2306a7148,debug,burst-typing,p95_ms,15.7410
1785164867,2306a7148,debug,typing,monster_p50_ms,2.2184
1785164867,2306a7148,debug,typing,scratch_p50_ms,0.5267
1785164949,2306a7148,debug,documents-list,refresh_ms,31.0476
1785164949,2306a7148,debug,documents-list,scroll_p50_ms,0.0920
1785164949,2306a7148,debug,documents-list,paint_p50_ms,0.3275
1785165444,2306a7148,debug,monster-resize,sync_ms,30.6078
1785165444,2306a7148,debug,monster-resize,repair_effect_ms,57.2241
1785165609,2306a7148,debug,code-typing,p50_ms,0.5909
1785165609,2306a7148,debug,code-typing,p95_ms,0.6283
1785165766,2306a7148,debug,list-scroll,build_ms,7.4183
1785165766,2306a7148,debug,list-scroll,frame_p50_ms,0.0351
1785165766,2306a7148,debug,list-scroll,frame_p95_ms,0.0450
1785165766,2306a7148,debug,tree-ops,toggle_ms,0.0741
1785165766,2306a7148,debug,tree-ops,build_ms,354.5435
1785166026,2306a7148,debug,search-landing,worst_ms,59.8181
1785166026,2306a7148,debug,search-scroll,paint_p50_ms,0.3249
1785166026,2306a7148,debug,search-scroll,paint_p95_ms,0.4667
1785167772,2306a7148,debug,list-scroll,build_ms,4.0456
1785167772,2306a7148,debug,list-scroll,frame_p50_ms,0.0318
1785167772,2306a7148,debug,list-scroll,frame_p95_ms,0.0345
1785167772,2306a7148,debug,tree-ops,toggle_ms,0.0757
1785167772,2306a7148,debug,tree-ops,build_ms,348.9357
1785168286,2306a7148,debug,plain-typing,keystroke_p50_ms,0.2925
1785168371,2306a7148,debug,diff-open,open_ms,19.5162
1785168371,2306a7148,debug,diff-typing,p50_ms,0.3330
1785168372,2306a7148,debug,diff-resize,frame_p50_ms,4.2318
1785168372,2306a7148,debug,diff-resize,frame_worst_ms,5.3447
1785168434,2306a7148,debug,list-scroll,build_ms,4.0347
1785168434,2306a7148,debug,list-scroll,frame_p50_ms,0.0321
1785168434,2306a7148,debug,list-scroll,frame_p95_ms,0.0353
1785168435,2306a7148,debug,tree-ops,toggle_ms,0.0737
1785168435,2306a7148,debug,tree-ops,build_ms,342.5597
1785180840,fe9f062f2,debug,plain-typing,keystroke_p50_ms,0.3046
1785181148,fe9f062f2,debug,diff-open,open_ms,50.3083
1785181149,fe9f062f2,debug,diff-typing,p50_ms,0.2995
1785181149,fe9f062f2,debug,diff-resize,frame_p50_ms,4.4786
1785181149,fe9f062f2,debug,diff-resize,frame_worst_ms,5.3910
1785181484,fe9f062f2,debug,search-landing,worst_ms,61.3306
1785181484,fe9f062f2,debug,search-scroll,paint_p50_ms,0.4632
1785181484,fe9f062f2,debug,search-scroll,paint_p95_ms,0.6377
1785186980,a2713cb44,debug,styled-typing,p50_ms,5.7059
1785186980,a2713cb44,debug,styled-typing,p95_ms,36.9838
1785187019,a2713cb44,debug,monster-scroll,paint_p50_ms,2.6168
1785187019,a2713cb44,debug,monster-scroll,paint_p95_ms,3.5877
1785187058,a2713cb44,debug,render-scroll,avg_ms,1.2309
1785187058,a2713cb44,debug,render-scroll,p50_ms,1.2000
1785187058,a2713cb44,debug,render-scroll,p95_ms,1.7860
1785187090,a2713cb44,debug,monster-search-scroll,paint_p50_ms,0.0000
1785187090,a2713cb44,debug,monster-search-scroll,paint_max_ms,0.0000
1785187101,a2713cb44,debug,wall,open_ms,107.9374
1785187101,a2713cb44,debug,wall,typing_p50_ms,1.0008
1785188116,a2713cb44,debug,tree-demo,toggle_ms,0.3532
1785188121,a2713cb44,debug,styled-typing,p50_ms,3.5239
1785188121,a2713cb44,debug,styled-typing,p95_ms,5.4250
1785188155,a2713cb44,debug,monster-scroll,paint_p50_ms,2.6705
1785188155,a2713cb44,debug,monster-scroll,paint_p95_ms,3.7000
1785188185,a2713cb44,debug,monster-search-scroll,paint_p50_ms,0.0000
1785188185,a2713cb44,debug,monster-search-scroll,paint_max_ms,0.0000
1785188223,a2713cb44,debug,render-scroll,avg_ms,1.2516
1785188223,a2713cb44,debug,render-scroll,p50_ms,1.1989
1785188223,a2713cb44,debug,render-scroll,p95_ms,1.8173
1785196912,a2713cb44,debug,plain-typing,keystroke_p50_ms,0.2864
1785197142,94cf0e9e6,debug,monster-search-scroll,paint_p50_ms,0.0000
1785197142,94cf0e9e6,debug,monster-search-scroll,paint_max_ms,0.0000
1785197148,94cf0e9e6,debug,tree-demo,toggle_ms,0.3377
1785197180,94cf0e9e6,debug,monster-scroll,paint_p50_ms,2.6015
1785197180,94cf0e9e6,debug,monster-scroll,paint_p95_ms,3.5250
1785197219,94cf0e9e6,debug,render-scroll,avg_ms,1.2318
1785197219,94cf0e9e6,debug,render-scroll,p50_ms,1.1871
1785197219,94cf0e9e6,debug,render-scroll,p95_ms,1.7526
1785197261,94cf0e9e6,debug,styled-typing,p50_ms,2.8994
1785197261,94cf0e9e6,debug,styled-typing,p95_ms,3.4277
1785197273,94cf0e9e6,debug,wall,open_ms,107.7459
1785197273,94cf0e9e6,debug,wall,typing_p50_ms,0.9121
1785197302,94cf0e9e6,debug,burst-typing,p50_ms,4.2175
1785197302,94cf0e9e6,debug,burst-typing,p95_ms,16.0928
1785197346,94cf0e9e6,debug,typing,monster_p50_ms,2.6521
1785197346,94cf0e9e6,debug,typing,scratch_p50_ms,0.7753
1785197410,94cf0e9e6,debug,diff-open,open_ms,62.6500
1785197410,94cf0e9e6,debug,diff-typing,p50_ms,0.6186
1785197411,94cf0e9e6,debug,diff-resize,frame_p50_ms,4.7790
1785197411,94cf0e9e6,debug,diff-resize,frame_worst_ms,5.9990
1785198262,94cf0e9e6,debug,plain-typing,keystroke_p50_ms,0.3055
1785198347,94cf0e9e6,debug,list-scroll,build_ms,3.9857
1785198347,94cf0e9e6,debug,list-scroll,frame_p50_ms,0.0330
1785198347,94cf0e9e6,debug,list-scroll,frame_p95_ms,0.0436
1785198347,94cf0e9e6,debug,tree-ops,toggle_ms,0.0764
1785198347,94cf0e9e6,debug,tree-ops,build_ms,340.0465
1785232729,afe0d6215,release,plain-typing,keystroke_p50_ms,0.0722
1785232790,afe0d6215,debug,plain-typing,keystroke_p50_ms,0.2983
1785232908,afe0d6215,debug,code-typing,p50_ms,0.6091
1785232908,afe0d6215,debug,code-typing,p95_ms,0.8369
1785233028,afe0d6215,debug,render-scroll,avg_ms,1.2126
1785233028,afe0d6215,debug,render-scroll,p50_ms,1.1767
1785233028,afe0d6215,debug,render-scroll,p95_ms,1.7585
1785234318,afe0d6215,debug,plain-typing,keystroke_p50_ms,0.2919
1785234787,afe0d6215,debug,tree-demo,toggle_ms,0.3847
1785234814,afe0d6215,debug,styled-typing,p50_ms,3.1463
1785234814,afe0d6215,debug,styled-typing,p95_ms,3.8418
1785234852,afe0d6215,debug,render-scroll,avg_ms,1.0184
1785234852,afe0d6215,debug,render-scroll,p50_ms,0.9789
1785234852,afe0d6215,debug,render-scroll,p95_ms,1.3890
1785234882,afe0d6215,debug,monster-search-scroll,paint_p50_ms,0.0000
1785234882,afe0d6215,debug,monster-search-scroll,paint_max_ms,0.0000
1785234916,afe0d6215,debug,monster-scroll,paint_p50_ms,2.2149
1785234916,afe0d6215,debug,monster-scroll,paint_p95_ms,2.9708
1785234927,afe0d6215,debug,wall,open_ms,107.9212
1785234927,afe0d6215,debug,wall,typing_p50_ms,1.2681
1785234956,afe0d6215,debug,burst-typing,p50_ms,4.4508
1785234956,afe0d6215,debug,burst-typing,p95_ms,15.8500
1785234997,afe0d6215,debug,typing,monster_p50_ms,2.7430
1785234997,afe0d6215,debug,typing,scratch_p50_ms,0.7498
1785237096,afe0d6215,debug,tree-demo,toggle_ms,0.3924
1785237101,afe0d6215,debug,styled-typing,p50_ms,3.9623
1785237101,afe0d6215,debug,styled-typing,p95_ms,6.2920
1785237139,afe0d6215,debug,monster-scroll,paint_p50_ms,2.3897
1785237139,afe0d6215,debug,monster-scroll,paint_p95_ms,3.0666
1785237170,afe0d6215,debug,monster-search-scroll,paint_p50_ms,0.0000
1785237170,afe0d6215,debug,monster-search-scroll,paint_max_ms,0.0000
1785237207,afe0d6215,debug,render-scroll,avg_ms,1.1596
1785237207,afe0d6215,debug,render-scroll,p50_ms,1.1496
1785237207,afe0d6215,debug,render-scroll,p95_ms,1.5656
1785237218,afe0d6215,debug,wall,open_ms,105.8494
1785237218,afe0d6215,debug,wall,typing_p50_ms,1.1512
1785237247,afe0d6215,debug,burst-typing,p50_ms,4.5656
1785237247,afe0d6215,debug,burst-typing,p95_ms,15.9547
1785237290,afe0d6215,debug,typing,monster_p50_ms,2.8382
1785237290,afe0d6215,debug,typing,scratch_p50_ms,0.7609
1785237865,afe0d6215,debug,tree-demo,toggle_ms,0.3805
1785237874,afe0d6215,debug,monster-search-scroll,paint_p50_ms,0.0000
1785237874,afe0d6215,debug,monster-search-scroll,paint_max_ms,0.0000
1785237911,afe0d6215,debug,monster-scroll,paint_p50_ms,2.2154
1785237911,afe0d6215,debug,monster-scroll,paint_p95_ms,2.9752
1785237951,afe0d6215,debug,styled-typing,p50_ms,2.8119
1785237951,afe0d6215,debug,styled-typing,p95_ms,3.4082
1785237988,afe0d6215,debug,render-scroll,avg_ms,1.0201
1785237988,afe0d6215,debug,render-scroll,p50_ms,0.9840
1785237988,afe0d6215,debug,render-scroll,p95_ms,1.3770
1785237999,afe0d6215,debug,wall,open_ms,109.5853
1785237999,afe0d6215,debug,wall,typing_p50_ms,1.1314
1785238028,afe0d6215,debug,burst-typing,p50_ms,4.3554
1785238028,afe0d6215,debug,burst-typing,p95_ms,16.3278
1785238072,afe0d6215,debug,typing,monster_p50_ms,2.5921
1785238072,afe0d6215,debug,typing,scratch_p50_ms,0.7084
1785238164,afe0d6215,debug,documents-list,refresh_ms,34.5066
1785238164,afe0d6215,debug,documents-list,scroll_p50_ms,0.0954
1785238164,afe0d6215,debug,documents-list,paint_p50_ms,0.3580
1785238229,afe0d6215,debug,plain-typing,keystroke_p50_ms,0.2896
1785238438,afe0d6215,debug,diff-open,open_ms,56.1223
1785238438,afe0d6215,debug,diff-typing,p50_ms,0.2983
1785238439,afe0d6215,debug,diff-resize,frame_p50_ms,4.9938
1785238439,afe0d6215,debug,diff-resize,frame_worst_ms,7.3075
1785239483,afe0d6215,debug,monster-resize,sync_ms,31.6298
1785239483,afe0d6215,debug,monster-resize,repair_effect_ms,61.1764
1785239752,afe0d6215,debug,code-typing,p50_ms,0.6502
1785239752,afe0d6215,debug,code-typing,p95_ms,0.8117
1785240012,afe0d6215,debug,list-scroll,build_ms,8.7264
1785240012,afe0d6215,debug,list-scroll,frame_p50_ms,0.0352
1785240012,afe0d6215,debug,list-scroll,frame_p95_ms,0.0589
1785240012,afe0d6215,debug,tree-ops,toggle_ms,0.0765
1785240012,afe0d6215,debug,tree-ops,build_ms,370.4609
1785240869,afe0d6215,debug,plain-typing,keystroke_p50_ms,0.2968
1785240982,afe0d6215,debug,code-typing,p50_ms,0.6156
1785240982,afe0d6215,debug,code-typing,p95_ms,0.6783
1785241135,afe0d6215,debug,render-scroll,avg_ms,1.1516
1785241135,afe0d6215,debug,render-scroll,p50_ms,1.1621
1785241135,afe0d6215,debug,render-scroll,p95_ms,1.5106
1785245705,unknown,debug,tree-demo,toggle_ms,0.3439
1785245732,unknown,debug,styled-typing,p50_ms,2.5485
1785245732,unknown,debug,styled-typing,p95_ms,3.0138
1785245760,unknown,debug,monster-scroll,paint_p50_ms,2.0214
1785245760,unknown,debug,monster-scroll,paint_p95_ms,2.7197
1785245789,unknown,debug,monster-search-scroll,paint_p50_ms,0.0000
1785245789,unknown,debug,monster-search-scroll,paint_max_ms,0.0000
1785245824,unknown,debug,render-scroll,avg_ms,1.0101
1785245824,unknown,debug,render-scroll,p50_ms,0.9386
1785245824,unknown,debug,render-scroll,p95_ms,1.3371
1785245835,unknown,debug,wall,open_ms,104.7055
1785245835,unknown,debug,wall,typing_p50_ms,1.0365
1785245863,unknown,debug,burst-typing,p50_ms,4.9839
1785245863,unknown,debug,burst-typing,p95_ms,9.4712
1785245905,unknown,debug,typing,monster_p50_ms,2.5535
1785245905,unknown,debug,typing,scratch_p50_ms,0.5392
1785246378,unknown,debug,documents-list,refresh_ms,32.8528
1785246378,unknown,debug,documents-list,scroll_p50_ms,0.0920
1785246378,unknown,debug,documents-list,paint_p50_ms,0.3443
1785246703,unknown,debug,plain-typing,keystroke_p50_ms,0.2930
1785247390,unknown,debug,diff-open,open_ms,34.0852
1785247390,unknown,debug,diff-typing,p50_ms,0.6284
1785247390,unknown,debug,diff-resize,frame_p50_ms,4.2092
1785247390,unknown,debug,diff-resize,frame_worst_ms,4.5224
1785247798,unknown,debug,monster-resize,sync_ms,19.9345
1785247798,unknown,debug,monster-resize,repair_effect_ms,62.3241
1785247983,unknown,debug,code-typing,p50_ms,0.6143
1785247983,unknown,debug,code-typing,p95_ms,0.7899
1785248156,unknown,debug,list-scroll,build_ms,4.2461
1785248156,unknown,debug,list-scroll,frame_p50_ms,0.0323
1785248156,unknown,debug,list-scroll,frame_p95_ms,0.0349
1785248156,unknown,debug,tree-ops,toggle_ms,0.0725
1785248156,unknown,debug,tree-ops,build_ms,348.9113
1785248473,unknown,debug,search-landing,worst_ms,67.0242
1785248474,unknown,debug,search-scroll,paint_p50_ms,0.4367
1785248474,unknown,debug,search-scroll,paint_p95_ms,0.6863
1785249055,unknown,debug,render-scroll,avg_ms,1.1362
1785249055,unknown,debug,render-scroll,p50_ms,1.1061
1785249055,unknown,debug,render-scroll,p95_ms,1.4890
1785252857,unknown,debug,fold-toggle,monster_ms,1.8255
1785253465,unknown,debug,tree-demo,toggle_ms,0.3483
1785253469,unknown,debug,styled-typing,p50_ms,3.5067
1785253469,unknown,debug,styled-typing,p95_ms,11.0748
1785253502,unknown,debug,monster-search-scroll,paint_p50_ms,0.0000
1785253502,unknown,debug,monster-search-scroll,paint_max_ms,0.0000
1785253537,unknown,debug,monster-scroll,paint_p50_ms,2.2515
1785253537,unknown,debug,monster-scroll,paint_p95_ms,3.0657
1785253590,unknown,debug,render-scroll,avg_ms,1.1140
1785253590,unknown,debug,render-scroll,p50_ms,1.0633
1785253590,unknown,debug,render-scroll,p95_ms,1.5126
1785253606,unknown,debug,wall,open_ms,109.0526
1785253606,unknown,debug,wall,typing_p50_ms,1.1392
1785253639,unknown,debug,burst-typing,p50_ms,6.6659
1785253639,unknown,debug,burst-typing,p95_ms,20.2215
1785253734,unknown,debug,typing,monster_p50_ms,2.7102
1785253734,unknown,debug,typing,scratch_p50_ms,0.7332
1785253836,unknown,debug,documents-list,refresh_ms,45.6377
1785253836,unknown,debug,documents-list,scroll_p50_ms,0.0900
1785253836,unknown,debug,documents-list,paint_p50_ms,0.3416
1785253901,unknown,debug,plain-typing,keystroke_p50_ms,0.3214
1785253903,unknown,debug,fold-toggle,monster_ms,1.7281
1785254114,unknown,debug,diff-open,open_ms,36.7889
1785254114,unknown,debug,diff-typing,p50_ms,0.5824
1785254114,unknown,debug,diff-resize,frame_p50_ms,4.4067
1785254114,unknown,debug,diff-resize,frame_worst_ms,5.1237
1785255223,unknown,debug,monster-resize,sync_ms,26.4489
1785255223,unknown,debug,monster-resize,repair_effect_ms,61.1507
1785255536,unknown,debug,code-typing,p50_ms,0.6101
1785255536,unknown,debug,code-typing,p95_ms,0.6916
1785255716,unknown,debug,list-scroll,build_ms,5.3834
1785255716,unknown,debug,list-scroll,frame_p50_ms,0.0355
1785255716,unknown,debug,list-scroll,frame_p95_ms,0.0427
1785255716,unknown,debug,tree-ops,toggle_ms,0.0746
1785255716,unknown,debug,tree-ops,build_ms,354.6028
1785256005,5a8dd3d49,debug,search-landing,worst_ms,65.0292
1785256005,5a8dd3d49,debug,search-scroll,paint_p50_ms,0.3431
1785256005,5a8dd3d49,debug,search-scroll,paint_p95_ms,0.5130
1785258098,5a8dd3d49,debug,tree-demo,toggle_ms,0.5223
1785258104,5a8dd3d49,debug,styled-typing,p50_ms,4.2026
1785258104,5a8dd3d49,debug,styled-typing,p95_ms,7.7075
1785258117,5a8dd3d49,debug,tree-demo,toggle_ms,0.3436
1785258129,5a8dd3d49,debug,styled-typing,p50_ms,2.9868
1785258129,5a8dd3d49,debug,styled-typing,p95_ms,3.8495
1785258136,5a8dd3d49,debug,monster-search-scroll,paint_p50_ms,0.0000
1785258136,5a8dd3d49,debug,monster-search-scroll,paint_max_ms,0.0000
1785258161,5a8dd3d49,debug,monster-scroll,paint_p50_ms,2.1801
1785258161,5a8dd3d49,debug,monster-scroll,paint_p95_ms,2.9308
1785258173,5a8dd3d49,debug,render-scroll,avg_ms,0.9842
1785258173,5a8dd3d49,debug,render-scroll,p50_ms,0.9338
1785258173,5a8dd3d49,debug,render-scroll,p95_ms,1.2951
1785258184,5a8dd3d49,debug,monster-search-scroll,paint_p50_ms,0.0000
1785258184,5a8dd3d49,debug,monster-search-scroll,paint_max_ms,0.0000
1785258208,5a8dd3d49,debug,monster-scroll,paint_p50_ms,2.1162
1785258208,5a8dd3d49,debug,monster-scroll,paint_p95_ms,2.8306
1785258213,5a8dd3d49,debug,render-scroll,avg_ms,0.9562
1785258213,5a8dd3d49,debug,render-scroll,p50_ms,0.9059
1785258213,5a8dd3d49,debug,render-scroll,p95_ms,1.2370
1785258219,5a8dd3d49,debug,wall,open_ms,106.9213
1785258219,5a8dd3d49,debug,wall,typing_p50_ms,1.0417
1785258224,5a8dd3d49,debug,wall,open_ms,104.5202
1785258224,5a8dd3d49,debug,wall,typing_p50_ms,0.9951
1785258246,5a8dd3d49,debug,burst-typing,p50_ms,4.3238
1785258246,5a8dd3d49,debug,burst-typing,p95_ms,14.9682
1785258247,5a8dd3d49,debug,burst-typing,p50_ms,4.2878
1785258247,5a8dd3d49,debug,burst-typing,p95_ms,15.5679
1785258283,5a8dd3d49,debug,typing,monster_p50_ms,2.2864
1785258283,5a8dd3d49,debug,typing,scratch_p50_ms,0.6044
1785258284,5a8dd3d49,debug,typing,monster_p50_ms,2.2945
1785258284,5a8dd3d49,debug,typing,scratch_p50_ms,0.6524
1785258371,5a8dd3d49,debug,documents-list,refresh_ms,62.5642
1785258371,5a8dd3d49,debug,documents-list,refresh_ms,53.1200
1785258371,5a8dd3d49,debug,documents-list,scroll_p50_ms,0.0920
1785258371,5a8dd3d49,debug,documents-list,scroll_p50_ms,0.0919
1785258371,5a8dd3d49,debug,documents-list,paint_p50_ms,0.3460
1785258371,5a8dd3d49,debug,documents-list,paint_p50_ms,0.3456
1785258432,5a8dd3d49,debug,plain-typing,keystroke_p50_ms,0.3052
1785258432,5a8dd3d49,debug,plain-typing,keystroke_p50_ms,0.2937
1785258432,5a8dd3d49,debug,fold-toggle,monster_ms,1.8296
1785258432,5a8dd3d49,debug,fold-toggle,monster_ms,1.7657
1785258741,5a8dd3d49,debug,diff-open,open_ms,306.1880
1785258741,5a8dd3d49,debug,diff-open,open_ms,322.2548
1785258741,5a8dd3d49,debug,diff-typing,p50_ms,0.3768
1785258741,5a8dd3d49,debug,diff-typing,p50_ms,0.3472
1785258741,5a8dd3d49,debug,diff-resize,frame_p50_ms,4.3937
1785258741,5a8dd3d49,debug,diff-resize,frame_worst_ms,4.9273
1785258741,5a8dd3d49,debug,diff-resize,frame_p50_ms,4.1471
1785258741,5a8dd3d49,debug,diff-resize,frame_worst_ms,5.0576
1785259205,5a8dd3d49,debug,monster-resize,sync_ms,71.1573
1785259205,5a8dd3d49,debug,monster-resize,sync_ms,64.6678
1785259205,5a8dd3d49,debug,monster-resize,repair_effect_ms,111.3897
1785259205,5a8dd3d49,debug,monster-resize,repair_effect_ms,112.3641
1785259444,5a8dd3d49,debug,code-typing,p50_ms,0.6157
1785259444,5a8dd3d49,debug,code-typing,p95_ms,0.6663
1785259444,5a8dd3d49,debug,code-typing,p50_ms,0.6173
1785259444,5a8dd3d49,debug,code-typing,p95_ms,0.6942
1785259639,5a8dd3d49,debug,list-scroll,build_ms,7.5053
1785259639,5a8dd3d49,debug,list-scroll,build_ms,7.6098
1785259639,5a8dd3d49,debug,list-scroll,frame_p50_ms,0.0350
1785259639,5a8dd3d49,debug,list-scroll,frame_p50_ms,0.0351
1785259639,5a8dd3d49,debug,list-scroll,frame_p95_ms,0.0466
1785259639,5a8dd3d49,debug,list-scroll,frame_p95_ms,0.0467
1785259639,5a8dd3d49,debug,tree-ops,toggle_ms,0.0761
1785259639,5a8dd3d49,debug,tree-ops,build_ms,357.1226
1785259639,5a8dd3d49,debug,tree-ops,toggle_ms,0.0769
1785259639,5a8dd3d49,debug,tree-ops,build_ms,361.8135
1785259818,5a8dd3d49,debug,search-landing,worst_ms,73.9192
1785259818,5a8dd3d49,debug,search-landing,worst_ms,112.3628
1785259818,5a8dd3d49,debug,search-scroll,paint_p50_ms,0.3915
1785259818,5a8dd3d49,debug,search-scroll,paint_p95_ms,0.6005
1785259818,5a8dd3d49,debug,search-scroll,paint_p50_ms,0.4011
1785259818,5a8dd3d49,debug,search-scroll,paint_p95_ms,0.6526
1785260075,5a8dd3d49,debug,search-landing,worst_ms,25.8777
1785270753,5a8dd3d49,debug,render-scroll,avg_ms,1.0933
1785270753,5a8dd3d49,debug,render-scroll,p50_ms,1.0398
1785270753,5a8dd3d49,debug,render-scroll,p95_ms,1.4514
1785270757,5a8dd3d49,debug,tree-demo,toggle_ms,0.6665
1785270785,5a8dd3d49,debug,monster-scroll,paint_p50_ms,2.0989
1785270785,5a8dd3d49,debug,monster-scroll,paint_p95_ms,2.8122
1785270808,5a8dd3d49,debug,monster-search-scroll,paint_p50_ms,0.0000
1785270808,5a8dd3d49,debug,monster-search-scroll,paint_max_ms,0.0000
1785270843,5a8dd3d49,debug,styled-typing,p50_ms,2.4147
1785270843,5a8dd3d49,debug,styled-typing,p95_ms,2.8594
1785270854,5a8dd3d49,debug,wall,open_ms,91.5889
1785270854,5a8dd3d49,debug,wall,typing_p50_ms,0.9894
1785270876,5a8dd3d49,debug,burst-typing,p50_ms,4.1262
1785270876,5a8dd3d49,debug,burst-typing,p95_ms,15.4539
1785270912,5a8dd3d49,debug,typing,monster_p50_ms,2.0946
1785270912,5a8dd3d49,debug,typing,scratch_p50_ms,0.5152
1785271064,5a8dd3d49,debug,documents-list,refresh_ms,14.7008
1785271064,5a8dd3d49,debug,documents-list,scroll_p50_ms,0.0892
1785271064,5a8dd3d49,debug,documents-list,paint_p50_ms,0.3387
1785271154,5a8dd3d49,debug,plain-typing,keystroke_p50_ms,0.3335
1785271156,5a8dd3d49,debug,fold-toggle,monster_ms,1.7178
1785271210,5a8dd3d49,debug,tree-demo,toggle_ms,0.3215
1785271211,5a8dd3d49,debug,styled-typing,p50_ms,2.9837
1785271211,5a8dd3d49,debug,styled-typing,p95_ms,3.5987
1785271251,5a8dd3d49,debug,monster-scroll,paint_p50_ms,2.2515
1785271251,5a8dd3d49,debug,monster-scroll,paint_p95_ms,3.0500
1785271276,5a8dd3d49,debug,monster-search-scroll,paint_p50_ms,0.0000
1785271276,5a8dd3d49,debug,monster-search-scroll,paint_max_ms,0.0000
1785271315,5a8dd3d49,debug,render-scroll,avg_ms,1.0682
1785271315,5a8dd3d49,debug,render-scroll,p50_ms,1.0135
1785271315,5a8dd3d49,debug,render-scroll,p95_ms,1.4382
1785271327,5a8dd3d49,debug,wall,open_ms,96.2683
1785271327,5a8dd3d49,debug,wall,typing_p50_ms,1.0645
1785271358,5a8dd3d49,debug,burst-typing,p50_ms,4.3989
1785271358,5a8dd3d49,debug,burst-typing,p95_ms,17.0537
1785271403,5a8dd3d49,debug,typing,monster_p50_ms,2.6473
1785271403,5a8dd3d49,debug,typing,scratch_p50_ms,0.5577
1785271464,5a8dd3d49,debug,diff-open,open_ms,5.2752
1785271464,5a8dd3d49,debug,diff-typing,p50_ms,0.3032
1785271464,5a8dd3d49,debug,diff-resize,frame_p50_ms,3.8928
1785271464,5a8dd3d49,debug,diff-resize,frame_worst_ms,4.0293
1785271508,5a8dd3d49,debug,documents-list,refresh_ms,19.1292
1785271508,5a8dd3d49,debug,documents-list,scroll_p50_ms,0.0941
1785271508,5a8dd3d49,debug,documents-list,paint_p50_ms,0.3545
1785271659,5a8dd3d49,debug,plain-typing,keystroke_p50_ms,0.3048
1785271661,5a8dd3d49,debug,fold-toggle,monster_ms,1.8168
1785272550,5a8dd3d49,debug,diff-open,open_ms,7.1060
1785272550,5a8dd3d49,debug,diff-typing,p50_ms,0.3199
1785272550,5a8dd3d49,debug,diff-resize,frame_p50_ms,4.1346
1785272550,5a8dd3d49,debug,diff-resize,frame_worst_ms,4.4377
1785272922,5a8dd3d49,debug,monster-resize,sync_ms,2.7361
1785272922,5a8dd3d49,debug,monster-resize,repair_effect_ms,32.1482
1785273120,5a8dd3d49,debug,code-typing,p50_ms,0.6328
1785273120,5a8dd3d49,debug,code-typing,p95_ms,0.7820
1785274961,5a8dd3d49,debug,tree-demo,toggle_ms,0.4036
1785275024,5a8dd3d49,debug,styled-typing,p50_ms,2.4185
1785275024,5a8dd3d49,debug,styled-typing,p95_ms,2.9050
1785275084,5a8dd3d49,debug,render-scroll,avg_ms,1.0536
1785275084,5a8dd3d49,debug,render-scroll,p50_ms,0.9824
1785275084,5a8dd3d49,debug,render-scroll,p95_ms,1.4578
1785275150,5a8dd3d49,debug,monster-search-scroll,paint_p50_ms,0.0000
1785275150,5a8dd3d49,debug,monster-search-scroll,paint_max_ms,0.0000
1785275217,5a8dd3d49,debug,monster-scroll,paint_p50_ms,2.1375
1785275217,5a8dd3d49,debug,monster-scroll,paint_p95_ms,2.7703
1785275228,5a8dd3d49,debug,wall,open_ms,79.4043
1785275228,5a8dd3d49,debug,wall,typing_p50_ms,1.1006
1785275292,5a8dd3d49,debug,burst-typing,p50_ms,4.3203
1785275292,5a8dd3d49,debug,burst-typing,p95_ms,15.9838
1785275359,5a8dd3d49,debug,typing,monster_p50_ms,2.5713
1785275359,5a8dd3d49,debug,typing,scratch_p50_ms,0.6504
1785275491,5a8dd3d49,debug,documents-list,refresh_ms,15.0145
1785275491,5a8dd3d49,debug,documents-list,scroll_p50_ms,0.0913
1785275491,5a8dd3d49,debug,documents-list,paint_p50_ms,0.3438
1785275581,5a8dd3d49,debug,plain-typing,keystroke_p50_ms,0.3042
1785275583,5a8dd3d49,debug,fold-toggle,monster_ms,1.8535
1785275880,5a8dd3d49,debug,diff-open,open_ms,4.3769
1785275880,5a8dd3d49,debug,diff-typing,p50_ms,0.3625
1785275880,5a8dd3d49,debug,diff-resize,frame_p50_ms,3.0602
1785275880,5a8dd3d49,debug,diff-resize,frame_worst_ms,3.3772
1785278906,78aee66d6,debug,plain-typing,keystroke_p50_ms,0.3017
1785278908,78aee66d6,debug,fold-toggle,monster_ms,1.7858
1785278970,78aee66d6,debug,monster-search-scroll,paint_p50_ms,0.0000
1785278970,78aee66d6,debug,monster-search-scroll,paint_max_ms,0.0000
1785278980,78aee66d6,debug,tree-demo,toggle_ms,0.4049
1785279015,78aee66d6,debug,styled-typing,p50_ms,2.5897
1785279015,78aee66d6,debug,styled-typing,p95_ms,3.4810
1785279052,78aee66d6,debug,monster-scroll,paint_p50_ms,2.1200
1785279052,78aee66d6,debug,monster-scroll,paint_p95_ms,2.7178
1785280051,78aee66d6,debug,render-scroll,avg_ms,1.0771
1785280051,78aee66d6,debug,render-scroll,p50_ms,0.9951
1785280051,78aee66d6,debug,render-scroll,p95_ms,1.5160
1785280062,78aee66d6,debug,wall,open_ms,79.6392
1785280062,78aee66d6,debug,wall,typing_p50_ms,1.6723
1785280091,78aee66d6,debug,burst-typing,p50_ms,4.5185
1785280091,78aee66d6,debug,burst-typing,p95_ms,16.0852
1785280135,78aee66d6,debug,typing,monster_p50_ms,2.5768
1785280135,78aee66d6,debug,typing,scratch_p50_ms,0.6207
1785280137,78aee66d6,debug,documents-list,refresh_ms,14.2077
1785280137,78aee66d6,debug,documents-list,scroll_p50_ms,0.0868
1785280137,78aee66d6,debug,documents-list,paint_p50_ms,0.3331
1785280140,78aee66d6,debug,plain-typing,keystroke_p50_ms,0.3020
1785280142,78aee66d6,debug,fold-toggle,monster_ms,1.7285
1785280145,78aee66d6,debug,diff-open,open_ms,4.4348
1785280145,78aee66d6,debug,diff-typing,p50_ms,0.3752
1785280145,78aee66d6,debug,diff-resize,frame_p50_ms,2.8771
1785280145,78aee66d6,debug,diff-resize,frame_worst_ms,3.0713
1785280162,78aee66d6,debug,monster-resize,sync_ms,2.9106
1785280162,78aee66d6,debug,monster-resize,repair_effect_ms,34.5818
1785280165,78aee66d6,debug,code-typing,p50_ms,0.5883
1785280165,78aee66d6,debug,code-typing,p95_ms,0.7079
1785280168,78aee66d6,debug,list-scroll,build_ms,7.7903
1785280168,78aee66d6,debug,list-scroll,frame_p50_ms,0.0353
1785280168,78aee66d6,debug,list-scroll,frame_p95_ms,0.0465
1785280169,78aee66d6,debug,tree-ops,toggle_ms,0.0703
1785280169,78aee66d6,debug,tree-ops,build_ms,340.9001
1785280188,78aee66d6,debug,search-landing,worst_ms,30.6655
1785280188,78aee66d6,debug,search-scroll,paint_p50_ms,0.3412
1785280188,78aee66d6,debug,search-scroll,paint_p95_ms,0.6070
1785280266,78aee66d6,debug,plain-typing,keystroke_p50_ms,0.3086
1785280268,78aee66d6,debug,fold-toggle,monster_ms,1.8168
1785280346,78aee66d6,debug,tree-demo,toggle_ms,0.4247
1785280347,78aee66d6,debug,monster-scroll,paint_p50_ms,3.3391
1785280347,78aee66d6,debug,monster-scroll,paint_p95_ms,4.3782
1785280390,78aee66d6,debug,styled-typing,p50_ms,2.7762
1785280390,78aee66d6,debug,styled-typing,p95_ms,3.2330
1785280430,78aee66d6,debug,monster-search-scroll,paint_p50_ms,0.0000
1785280430,78aee66d6,debug,monster-search-scroll,paint_max_ms,0.0000
1785281443,78aee66d6,debug,render-scroll,avg_ms,1.1894
1785281443,78aee66d6,debug,render-scroll,p50_ms,1.1070
1785281443,78aee66d6,debug,render-scroll,p95_ms,1.6148
1785281454,78aee66d6,debug,wall,open_ms,79.4736
1785281454,78aee66d6,debug,wall,typing_p50_ms,1.0689
1785281482,78aee66d6,debug,burst-typing,p50_ms,4.2524
1785281482,78aee66d6,debug,burst-typing,p95_ms,16.1558
1785281518,78aee66d6,debug,typing,monster_p50_ms,2.5158
1785281518,78aee66d6,debug,typing,scratch_p50_ms,0.6245
1785319064,78aee66d6,debug,tree-demo,toggle_ms,0.3600
1785319070,78aee66d6,debug,styled-typing,p50_ms,2.9946
1785319070,78aee66d6,debug,styled-typing,p95_ms,4.5701
1785319112,78aee66d6,debug,render-scroll,avg_ms,1.1573
1785319112,78aee66d6,debug,render-scroll,p50_ms,1.0839
1785319112,78aee66d6,debug,render-scroll,p95_ms,1.6280
1785319142,78aee66d6,debug,monster-search-scroll,paint_p50_ms,0.0000
1785319142,78aee66d6,debug,monster-search-scroll,paint_max_ms,0.0000
1785319176,78aee66d6,debug,monster-scroll,paint_p50_ms,2.2516
1785319176,78aee66d6,debug,monster-scroll,paint_p95_ms,2.9075
1785319187,78aee66d6,debug,wall,open_ms,81.7435
1785319187,78aee66d6,debug,wall,typing_p50_ms,1.0631
1785319216,78aee66d6,debug,burst-typing,p50_ms,4.6627
1785319216,78aee66d6,debug,burst-typing,p95_ms,15.9752
1785319258,78aee66d6,debug,typing,monster_p50_ms,2.1872
1785319258,78aee66d6,debug,typing,scratch_p50_ms,0.5299
1785319260,78aee66d6,debug,documents-list,refresh_ms,15.2967
1785319260,78aee66d6,debug,documents-list,scroll_p50_ms,0.0902
1785319260,78aee66d6,debug,documents-list,paint_p50_ms,0.3413
1785319263,78aee66d6,debug,plain-typing,keystroke_p50_ms,0.3468
1785319265,78aee66d6,debug,fold-toggle,monster_ms,1.7808
1785319268,78aee66d6,debug,diff-open,open_ms,4.4827
1785319268,78aee66d6,debug,diff-typing,p50_ms,0.3719
1785319268,78aee66d6,debug,diff-resize,frame_p50_ms,2.8925
1785319268,78aee66d6,debug,diff-resize,frame_worst_ms,3.2010
1785319299,78aee66d6,debug,monster-resize,sync_ms,31.5231
1785319299,78aee66d6,debug,monster-resize,repair_effect_ms,37.0751
1785319303,78aee66d6,debug,code-typing,p50_ms,0.6417
1785319303,78aee66d6,debug,code-typing,p95_ms,1.5332
1785319308,78aee66d6,debug,list-scroll,build_ms,10.8732
1785319308,78aee66d6,debug,list-scroll,frame_p50_ms,0.0333
1785319308,78aee66d6,debug,list-scroll,frame_p95_ms,0.0366
1785319308,78aee66d6,debug,tree-ops,toggle_ms,0.0762
1785319308,78aee66d6,debug,tree-ops,build_ms,713.7567
1785319340,78aee66d6,debug,search-landing,worst_ms,111.2557
1785319340,78aee66d6,debug,search-scroll,paint_p50_ms,0.5108
1785319340,78aee66d6,debug,search-scroll,paint_p95_ms,4.0048
1785319463,78aee66d6,debug,search-landing,worst_ms,29.4362
1785319463,78aee66d6,debug,search-landing,worst_ms,26.1582
1785319464,78aee66d6,debug,search-landing,worst_ms,26.6123
1785319465,78aee66d6,debug,search-landing,worst_ms,37.4717
1785319465,78aee66d6,debug,search-landing,worst_ms,27.0595
1785319475,78aee66d6,debug,search-landing,worst_ms,28.7104
1785319475,78aee66d6,debug,search-scroll,paint_p50_ms,0.4589
1785319475,78aee66d6,debug,search-scroll,paint_p95_ms,0.6579
1785319475,78aee66d6,debug,search-landing,worst_ms,30.6561
1785319475,78aee66d6,debug,search-scroll,paint_p50_ms,0.4654
1785319475,78aee66d6,debug,search-scroll,paint_p95_ms,0.6775
1785319476,78aee66d6,debug,search-landing,worst_ms,33.7269
1785319476,78aee66d6,debug,search-scroll,paint_p50_ms,0.5129
1785319476,78aee66d6,debug,search-scroll,paint_p95_ms,0.7464
1785322344,78aee66d6,debug,monster-search-scroll,paint_p50_ms,0.0000
1785322344,78aee66d6,debug,monster-search-scroll,paint_max_ms,0.0000
1785322353,78aee66d6,debug,tree-demo,toggle_ms,0.3441
1785322378,78aee66d6,debug,render-scroll,avg_ms,1.1815
1785322378,78aee66d6,debug,render-scroll,p50_ms,1.1049
1785322378,78aee66d6,debug,render-scroll,p95_ms,1.6585
1785322412,78aee66d6,debug,monster-scroll,paint_p50_ms,2.1713
1785322412,78aee66d6,debug,monster-scroll,paint_p95_ms,2.8218
1785322454,78aee66d6,debug,styled-typing,p50_ms,2.5865
1785322454,78aee66d6,debug,styled-typing,p95_ms,3.0682
1785322466,78aee66d6,debug,wall,open_ms,82.0634
1785322466,78aee66d6,debug,wall,typing_p50_ms,1.2306
1785322495,78aee66d6,debug,burst-typing,p50_ms,4.4770
1785322495,78aee66d6,debug,burst-typing,p95_ms,16.5486
1785322538,78aee66d6,debug,typing,monster_p50_ms,2.3232
1785322538,78aee66d6,debug,typing,scratch_p50_ms,0.5954
1785322538,78aee66d6,debug,documents-list,refresh_ms,17.9982
1785322538,78aee66d6,debug,documents-list,scroll_p50_ms,0.0885
1785322538,78aee66d6,debug,documents-list,paint_p50_ms,0.3351
1785322541,78aee66d6,debug,plain-typing,keystroke_p50_ms,0.2969
1785322543,78aee66d6,debug,fold-toggle,monster_ms,1.7824
1785322544,78aee66d6,debug,diff-open,open_ms,4.6101
1785322544,78aee66d6,debug,diff-typing,p50_ms,0.4079
1785322544,78aee66d6,debug,diff-resize,frame_p50_ms,2.7925
1785322544,78aee66d6,debug,diff-resize,frame_worst_ms,3.0117
1785322558,78aee66d6,debug,monster-resize,sync_ms,3.0130
1785322558,78aee66d6,debug,monster-resize,repair_effect_ms,35.6473
1785322560,78aee66d6,debug,code-typing,p50_ms,0.5937
1785322560,78aee66d6,debug,code-typing,p95_ms,0.6338
1785322562,78aee66d6,debug,list-scroll,build_ms,6.5217
1785322562,78aee66d6,debug,list-scroll,frame_p50_ms,0.0337
1785322562,78aee66d6,debug,list-scroll,frame_p95_ms,0.0450
1785322562,78aee66d6,debug,tree-ops,toggle_ms,0.0724
1785322562,78aee66d6,debug,tree-ops,build_ms,347.3682
1785322578,78aee66d6,debug,search-landing,worst_ms,33.1200
1785322579,78aee66d6,debug,search-scroll,paint_p50_ms,0.3679
1785322579,78aee66d6,debug,search-scroll,paint_p95_ms,0.5779
1785323647,6c764c12f,debug,fold-toggle,monster_ms,1.7908
1785323657,6c764c12f,debug,plain-typing,keystroke_p50_ms,0.3135
1785323658,6c764c12f,debug,fold-toggle,monster_ms,1.8182
1785324724,6c764c12f,debug,fold-toggle,monster_ms,1.8363
1785324733,6c764c12f,debug,plain-typing,keystroke_p50_ms,0.3052
1785324734,6c764c12f,debug,fold-toggle,monster_ms,1.8341
1785327860,6c764c12f,debug,plain-typing,keystroke_p50_ms,0.3013
1785327862,6c764c12f,debug,fold-toggle,monster_ms,1.8281
1785327935,6c764c12f,debug,plain-typing,keystroke_p50_ms,0.3110
1785327937,6c764c12f,debug,fold-toggle,monster_ms,1.8048
1785502831,a9d42eb8f,debug,plain-typing,keystroke_p50_ms,0.3800
1785502833,a9d42eb8f,debug,fold-toggle,monster_ms,1.8951
1785502841,a9d42eb8f,debug,plain-typing,keystroke_p50_ms,0.3051
1785502843,a9d42eb8f,debug,fold-toggle,monster_ms,1.8994
1785503789,a9d42eb8f,debug,plain-typing,keystroke_p50_ms,0.3568
1785503791,a9d42eb8f,debug,fold-toggle,monster_ms,1.8521
1785503982,a9d42eb8f,debug,diff-open,open_ms,9.3870
1785503982,a9d42eb8f,debug,diff-typing,p50_ms,0.4918
1785503983,a9d42eb8f,debug,diff-resize,frame_p50_ms,3.1235
1785503983,a9d42eb8f,debug,diff-resize,frame_worst_ms,3.4324
1785504077,a9d42eb8f,debug,monster-search-scroll,paint_p50_ms,0.0000
1785504077,a9d42eb8f,debug,monster-search-scroll,paint_max_ms,0.0000
1785504081,a9d42eb8f,debug,tree-demo,toggle_ms,0.3771
1785504121,a9d42eb8f,debug,styled-typing,p50_ms,2.7850
1785504121,a9d42eb8f,debug,styled-typing,p95_ms,3.4008
1785504156,a9d42eb8f,debug,monster-scroll,paint_p50_ms,2.3168
1785504156,a9d42eb8f,debug,monster-scroll,paint_p95_ms,3.0019
1785504193,a9d42eb8f,debug,render-scroll,avg_ms,1.1284
1785504193,a9d42eb8f,debug,render-scroll,p50_ms,1.0484
1785504193,a9d42eb8f,debug,render-scroll,p95_ms,1.5837
1785504204,a9d42eb8f,debug,wall,open_ms,81.2819
1785504204,a9d42eb8f,debug,wall,typing_p50_ms,1.1677
1785504229,a9d42eb8f,debug,burst-typing,p50_ms,4.6023
1785504229,a9d42eb8f,debug,burst-typing,p95_ms,15.2790
1785504273,a9d42eb8f,debug,typing,monster_p50_ms,2.7836
1785504273,a9d42eb8f,debug,typing,scratch_p50_ms,0.7461
1785504275,a9d42eb8f,debug,documents-list,refresh_ms,17.0750
1785504275,a9d42eb8f,debug,documents-list,scroll_p50_ms,0.0982
1785504275,a9d42eb8f,debug,documents-list,paint_p50_ms,0.3457
1785504278,a9d42eb8f,debug,plain-typing,keystroke_p50_ms,0.2956
1785504280,a9d42eb8f,debug,fold-toggle,monster_ms,1.8116
1785504284,a9d42eb8f,debug,diff-open,open_ms,9.3545
1785504284,a9d42eb8f,debug,diff-typing,p50_ms,0.5621
1785504284,a9d42eb8f,debug,diff-resize,frame_p50_ms,3.3218
1785504284,a9d42eb8f,debug,diff-resize,frame_worst_ms,4.1919
1785504303,a9d42eb8f,debug,monster-resize,sync_ms,3.3900
1785504303,a9d42eb8f,debug,monster-resize,repair_effect_ms,36.4153
1785504306,a9d42eb8f,debug,code-typing,p50_ms,0.6163
1785504306,a9d42eb8f,debug,code-typing,p95_ms,0.8134
1785504310,a9d42eb8f,debug,list-scroll,build_ms,8.3583
1785504310,a9d42eb8f,debug,list-scroll,frame_p50_ms,0.0355
1785504310,a9d42eb8f,debug,list-scroll,frame_p95_ms,0.0590
1785504310,a9d42eb8f,debug,tree-ops,toggle_ms,0.0738
1785504310,a9d42eb8f,debug,tree-ops,build_ms,362.0385
1785504331,a9d42eb8f,debug,search-landing,worst_ms,31.6050
1785504331,a9d42eb8f,debug,search-scroll,paint_p50_ms,0.3900
1785504331,a9d42eb8f,debug,search-scroll,paint_p95_ms,0.5992
1785504368,a9d42eb8f,debug,diff-open,open_ms,97.4990
1785504368,a9d42eb8f,debug,diff-open,open_ms,116.1558
1785504368,a9d42eb8f,debug,diff-typing,p50_ms,0.3391
1785504368,a9d42eb8f,debug,diff-typing,p50_ms,1.2933
1785504368,a9d42eb8f,debug,diff-resize,frame_p50_ms,3.4261
1785504368,a9d42eb8f,debug,diff-resize,frame_worst_ms,6.0752
1785504368,a9d42eb8f,debug,diff-resize,frame_p50_ms,3.8117
1785504368,a9d42eb8f,debug,diff-resize,frame_worst_ms,8.0265
1785504372,a9d42eb8f,debug,diff-open,open_ms,424.5090
1785504372,a9d42eb8f,debug,diff-typing,p50_ms,0.2995
1785504373,a9d42eb8f,debug,diff-resize,frame_p50_ms,2.0689
1785504373,a9d42eb8f,debug,diff-resize,frame_worst_ms,2.2480
1785504639,a9d42eb8f,debug,diff-open,open_ms,363.7900
1785504639,a9d42eb8f,debug,diff-typing,p50_ms,0.2630
1785504640,a9d42eb8f,debug,diff-resize,frame_p50_ms,1.8210
1785504640,a9d42eb8f,debug,diff-resize,frame_worst_ms,2.1767
1785504785,a9d42eb8f,debug,diff-open,open_ms,375.1287
1785504785,a9d42eb8f,debug,diff-typing,p50_ms,0.2810
1785504786,a9d42eb8f,debug,diff-resize,frame_p50_ms,1.6918
1785504786,a9d42eb8f,debug,diff-resize,frame_worst_ms,2.0793
1785504927,a9d42eb8f,debug,diff-open,open_ms,374.7891
1785504927,a9d42eb8f,debug,diff-typing,p50_ms,0.2875
1785504928,a9d42eb8f,debug,diff-resize,frame_p50_ms,1.7036
1785504928,a9d42eb8f,debug,diff-resize,frame_worst_ms,2.2615
1785504963,a9d42eb8f,debug,diff-open,open_ms,91.9076
1785504963,a9d42eb8f,debug,diff-typing,p50_ms,0.2918
1785504963,a9d42eb8f,debug,diff-open,open_ms,113.1240
1785504963,a9d42eb8f,debug,diff-typing,p50_ms,1.0208
1785504964,a9d42eb8f,debug,diff-resize,frame_p50_ms,3.0255
1785504964,a9d42eb8f,debug,diff-resize,frame_worst_ms,3.3227
1785504964,a9d42eb8f,debug,diff-resize,frame_p50_ms,3.6580
1785504964,a9d42eb8f,debug,diff-resize,frame_worst_ms,4.7537
1785504966,a9d42eb8f,debug,diff-open,open_ms,407.2710
1785504966,a9d42eb8f,debug,diff-typing,p50_ms,0.2875
1785504967,a9d42eb8f,debug,diff-resize,frame_p50_ms,1.9328
1785504967,a9d42eb8f,debug,diff-resize,frame_worst_ms,2.1838
1785505167,a9d42eb8f,debug,plain-typing,keystroke_p50_ms,0.2920
1785505169,a9d42eb8f,debug,fold-toggle,monster_ms,1.9124
1785505171,a9d42eb8f,debug,diff-open,open_ms,8.1240
1785505171,a9d42eb8f,debug,diff-typing,p50_ms,0.4084
1785505171,a9d42eb8f,debug,diff-resize,frame_p50_ms,3.1326
1785505171,a9d42eb8f,debug,diff-resize,frame_worst_ms,3.5253
1785505247,a9d42eb8f,debug,tree-demo,toggle_ms,0.3658
1785505259,a9d42eb8f,debug,styled-typing,p50_ms,2.7898
1785505259,a9d42eb8f,debug,styled-typing,p95_ms,3.3452
1785505289,a9d42eb8f,debug,monster-scroll,paint_p50_ms,2.2050
1785505289,a9d42eb8f,debug,monster-scroll,paint_p95_ms,2.8567
1785505319,a9d42eb8f,debug,monster-search-scroll,paint_p50_ms,0.0000
1785505319,a9d42eb8f,debug,monster-search-scroll,paint_max_ms,0.0000
1785505354,a9d42eb8f,debug,render-scroll,avg_ms,1.0602
1785505354,a9d42eb8f,debug,render-scroll,p50_ms,0.9913
1785505354,a9d42eb8f,debug,render-scroll,p95_ms,1.4672
1785505365,a9d42eb8f,debug,wall,open_ms,80.6850
1785505365,a9d42eb8f,debug,wall,typing_p50_ms,1.0513
1785505387,a9d42eb8f,debug,burst-typing,p50_ms,4.1840
1785505387,a9d42eb8f,debug,burst-typing,p95_ms,14.8085
1785505429,a9d42eb8f,debug,typing,monster_p50_ms,2.1228
1785505429,a9d42eb8f,debug,typing,scratch_p50_ms,0.5404
1785505431,a9d42eb8f,debug,documents-list,refresh_ms,14.4229
1785505431,a9d42eb8f,debug,documents-list,scroll_p50_ms,0.0967
1785505431,a9d42eb8f,debug,documents-list,paint_p50_ms,0.3431
1785505434,a9d42eb8f,debug,plain-typing,keystroke_p50_ms,0.2960
1785505436,a9d42eb8f,debug,fold-toggle,monster_ms,1.7277
1785505440,a9d42eb8f,debug,diff-open,open_ms,8.3087
1785505440,a9d42eb8f,debug,diff-typing,p50_ms,0.3616
1785505440,a9d42eb8f,debug,diff-resize,frame_p50_ms,2.9191
1785505440,a9d42eb8f,debug,diff-resize,frame_worst_ms,3.2271
1785505459,a9d42eb8f,debug,monster-resize,sync_ms,2.9001
1785505459,a9d42eb8f,debug,monster-resize,repair_effect_ms,34.8306
1785505462,a9d42eb8f,debug,code-typing,p50_ms,0.5956
1785505462,a9d42eb8f,debug,code-typing,p95_ms,0.6132
1785505465,a9d42eb8f,debug,list-scroll,build_ms,6.6762
1785505465,a9d42eb8f,debug,list-scroll,frame_p50_ms,0.0344
1785505465,a9d42eb8f,debug,list-scroll,frame_p95_ms,0.0455
1785505466,a9d42eb8f,debug,tree-ops,toggle_ms,0.0737
1785505466,a9d42eb8f,debug,tree-ops,build_ms,353.9268
1785505486,a9d42eb8f,debug,search-landing,worst_ms,30.6265
1785505486,a9d42eb8f,debug,search-scroll,paint_p50_ms,0.3466
1785505486,a9d42eb8f,debug,search-scroll,paint_p95_ms,0.5483
1785505608,a9d42eb8f,debug,plain-typing,keystroke_p50_ms,0.3098
1785505610,a9d42eb8f,debug,fold-toggle,monster_ms,1.9066
1785505643,a9d42eb8f,debug,diff-open,open_ms,8.8795
1785505643,a9d42eb8f,debug,diff-typing,p50_ms,0.4230
1785505643,a9d42eb8f,debug,diff-resize,frame_p50_ms,3.0460
1785505643,a9d42eb8f,debug,diff-resize,frame_worst_ms,3.4707
1785505694,a9d42eb8f,debug,search-landing,worst_ms,28.7566
1785505694,a9d42eb8f,debug,search-scroll,paint_p50_ms,0.4548
1785505694,a9d42eb8f,debug,search-scroll,paint_p95_ms,0.7091
1785505747,a9d42eb8f,debug,tree-demo,toggle_ms,0.4229
1785505757,a9d42eb8f,debug,render-scroll,avg_ms,1.2461
1785505757,a9d42eb8f,debug,render-scroll,p50_ms,1.1763
1785505757,a9d42eb8f,debug,render-scroll,p95_ms,1.6757
1785505785,a9d42eb8f,debug,monster-scroll,paint_p50_ms,2.4111
1785505785,a9d42eb8f,debug,monster-scroll,paint_p95_ms,3.1212
1785505826,a9d42eb8f,debug,styled-typing,p50_ms,2.9171
1785505826,a9d42eb8f,debug,styled-typing,p95_ms,3.3432
1785505858,a9d42eb8f,debug,monster-search-scroll,paint_p50_ms,0.0000
1785505858,a9d42eb8f,debug,monster-search-scroll,paint_max_ms,0.0000
1785505868,a9d42eb8f,debug,wall,open_ms,80.6633
1785505868,a9d42eb8f,debug,wall,typing_p50_ms,1.0992
1785505897,a9d42eb8f,debug,burst-typing,p50_ms,4.3841
1785505897,a9d42eb8f,debug,burst-typing,p95_ms,16.1123
1785505940,a9d42eb8f,debug,typing,monster_p50_ms,2.6432
1785505940,a9d42eb8f,debug,typing,scratch_p50_ms,0.6852
1785506293,a9d42eb8f,debug,styled-typing,p50_ms,2.7466
1785506293,a9d42eb8f,debug,styled-typing,p95_ms,3.2097
1785506328,a9d42eb8f,debug,monster-scroll,paint_p50_ms,2.3323
1785506328,a9d42eb8f,debug,monster-scroll,paint_p95_ms,2.9473
1785506358,a9d42eb8f,debug,monster-search-scroll,paint_p50_ms,0.0000
1785506358,a9d42eb8f,debug,monster-search-scroll,paint_max_ms,0.0000
1785506393,a9d42eb8f,debug,render-scroll,avg_ms,1.1950
1785506393,a9d42eb8f,debug,render-scroll,p50_ms,1.1240
1785506393,a9d42eb8f,debug,render-scroll,p95_ms,1.6253
1785506418,a9d42eb8f,debug,wall,open_ms,80.4197
1785506419,a9d42eb8f,debug,wall,typing_p50_ms,1.1646
1785506425,a9d42eb8f,debug,tree-demo,toggle_ms,0.3643
1785506455,a9d42eb8f,debug,burst-typing,p50_ms,4.2709
1785506455,a9d42eb8f,debug,burst-typing,p95_ms,15.8749
1785506497,a9d42eb8f,debug,typing,monster_p50_ms,2.4387
1785506497,a9d42eb8f,debug,typing,scratch_p50_ms,0.6420
1785509178,5c52d4010,debug,monster-search-scroll,paint_p50_ms,0.0000
1785509178,5c52d4010,debug,monster-search-scroll,paint_max_ms,0.0000
1785509183,5c52d4010,debug,tree-demo,toggle_ms,0.3738
1785509214,5c52d4010,debug,monster-scroll,paint_p50_ms,2.3713
1785509214,5c52d4010,debug,monster-scroll,paint_p95_ms,3.1574
1785509255,5c52d4010,debug,styled-typing,p50_ms,2.8622
1785509255,5c52d4010,debug,styled-typing,p95_ms,3.7060
1785509295,5c52d4010,debug,render-scroll,avg_ms,1.1559
1785509295,5c52d4010,debug,render-scroll,p50_ms,1.0792
1785509295,5c52d4010,debug,render-scroll,p95_ms,1.6242
1785509306,5c52d4010,debug,wall,open_ms,82.2075
1785509306,5c52d4010,debug,wall,typing_p50_ms,1.2865
1785509336,5c52d4010,debug,burst-typing,p50_ms,4.3828
1785509336,5c52d4010,debug,burst-typing,p95_ms,15.3055
1785509379,5c52d4010,debug,typing,monster_p50_ms,2.6218
1785509379,5c52d4010,debug,typing,scratch_p50_ms,0.7540
1785509382,5c52d4010,debug,documents-list,refresh_ms,16.2997
1785509382,5c52d4010,debug,documents-list,scroll_p50_ms,0.1002
1785509382,5c52d4010,debug,documents-list,paint_p50_ms,0.3471
1785509386,5c52d4010,debug,plain-typing,keystroke_p50_ms,0.3002
1785509387,5c52d4010,debug,fold-toggle,monster_ms,1.8128
1785509393,5c52d4010,debug,diff-open,open_ms,9.1190
1785509393,5c52d4010,debug,diff-typing,p50_ms,0.4186
1785509393,5c52d4010,debug,diff-resize,frame_p50_ms,3.0361
1785509393,5c52d4010,debug,diff-resize,frame_worst_ms,3.6555
1785509413,5c52d4010,debug,monster-resize,sync_ms,2.8966
1785509413,5c52d4010,debug,monster-resize,repair_effect_ms,35.2691
1785509417,5c52d4010,debug,code-typing,p50_ms,0.5992
1785509417,5c52d4010,debug,code-typing,p95_ms,0.8535
1785509421,5c52d4010,debug,list-scroll,build_ms,5.5039
1785509421,5c52d4010,debug,list-scroll,frame_p50_ms,0.0379
1785509421,5c52d4010,debug,list-scroll,frame_p95_ms,0.0658
1785509421,5c52d4010,debug,tree-ops,toggle_ms,0.0730
1785509421,5c52d4010,debug,tree-ops,build_ms,360.4399
1785509444,5c52d4010,debug,search-landing,worst_ms,33.5715
1785509444,5c52d4010,debug,search-scroll,paint_p50_ms,0.3727
1785509444,5c52d4010,debug,search-scroll,paint_p95_ms,0.6086
1785512652,5c52d4010,debug,plain-typing,keystroke_p50_ms,0.3229
1785512654,5c52d4010,debug,fold-toggle,monster_ms,1.8325
1785512675,5c52d4010,debug,diff-open,open_ms,8.7924
1785512675,5c52d4010,debug,diff-typing,p50_ms,0.4121
1785512675,5c52d4010,debug,diff-resize,frame_p50_ms,3.0229
1785512675,5c52d4010,debug,diff-resize,frame_worst_ms,3.3258
1785512688,5c52d4010,debug,monster-resize,sync_ms,2.9243
1785512688,5c52d4010,debug,monster-resize,repair_effect_ms,36.5791
1785512691,5c52d4010,debug,code-typing,p50_ms,0.6086
1785512691,5c52d4010,debug,code-typing,p95_ms,0.6561
1785512693,5c52d4010,debug,search-landing,worst_ms,29.7479
1785512693,5c52d4010,debug,search-scroll,paint_p50_ms,0.4620
1785512693,5c52d4010,debug,search-scroll,paint_p95_ms,0.6392
1785512738,5c52d4010,debug,documents-list,refresh_ms,15.3793
1785512738,5c52d4010,debug,documents-list,scroll_p50_ms,0.1030
1785512738,5c52d4010,debug,documents-list,paint_p50_ms,0.3506
1785512742,5c52d4010,debug,plain-typing,keystroke_p50_ms,0.3007
1785512743,5c52d4010,debug,fold-toggle,monster_ms,1.7646
1785512748,5c52d4010,debug,diff-open,open_ms,9.0652
1785512748,5c52d4010,debug,diff-typing,p50_ms,0.4177
1785512748,5c52d4010,debug,diff-resize,frame_p50_ms,2.8872
1785512748,5c52d4010,debug,diff-resize,frame_worst_ms,3.0385
1785512766,5c52d4010,debug,monster-resize,sync_ms,2.9304
1785512766,5c52d4010,debug,monster-resize,repair_effect_ms,36.3823
1785512769,5c52d4010,debug,code-typing,p50_ms,0.5902
1785512769,5c52d4010,debug,code-typing,p95_ms,0.6163
1785512773,5c52d4010,debug,list-scroll,build_ms,6.6845
1785512773,5c52d4010,debug,list-scroll,frame_p50_ms,0.0347
1785512773,5c52d4010,debug,list-scroll,frame_p95_ms,0.0455
1785512773,5c52d4010,debug,tree-ops,toggle_ms,0.0720
1785512773,5c52d4010,debug,tree-ops,build_ms,348.0439
1785512793,5c52d4010,debug,search-landing,worst_ms,30.0012
1785512793,5c52d4010,debug,search-scroll,paint_p50_ms,0.3298
1785512793,5c52d4010,debug,search-scroll,paint_p95_ms,0.5098
1785515685,dec7f34d3,debug,diff-open,open_ms,8.3135
1785515685,dec7f34d3,debug,diff-typing,p50_ms,0.4294
1785515685,dec7f34d3,debug,diff-resize,frame_p50_ms,3.1410
1785515685,dec7f34d3,debug,diff-resize,frame_worst_ms,3.5114
1785515695,dec7f34d3,debug,search-landing,worst_ms,30.8842
1785515695,dec7f34d3,debug,search-scroll,paint_p50_ms,0.4807
1785515695,dec7f34d3,debug,search-scroll,paint_p95_ms,0.7257
1785515736,dec7f34d3,debug,documents-list,refresh_ms,15.7756
1785515736,dec7f34d3,debug,documents-list,scroll_p50_ms,0.1125
1785515736,dec7f34d3,debug,documents-list,paint_p50_ms,0.3777
1785515740,dec7f34d3,debug,plain-typing,keystroke_p50_ms,0.3077
1785515745,dec7f34d3,debug,fold-toggle,monster_ms,1.8782
1785515751,dec7f34d3,debug,diff-open,open_ms,8.9089
1785515751,dec7f34d3,debug,diff-typing,p50_ms,0.5230
1785515751,dec7f34d3,debug,diff-resize,frame_p50_ms,3.1774
1785515751,dec7f34d3,debug,diff-resize,frame_worst_ms,3.5273
1785515778,dec7f34d3,debug,monster-resize,sync_ms,2.9000
1785515778,dec7f34d3,debug,monster-resize,repair_effect_ms,35.8783
1785515783,dec7f34d3,debug,code-typing,p50_ms,0.5846
1785515783,dec7f34d3,debug,code-typing,p95_ms,0.5991
1785515786,dec7f34d3,debug,list-scroll,build_ms,4.2870
1785515786,dec7f34d3,debug,list-scroll,frame_p50_ms,0.0333
1785515786,dec7f34d3,debug,list-scroll,frame_p95_ms,0.0488
1785515786,dec7f34d3,debug,tree-ops,toggle_ms,0.0762
1785515786,dec7f34d3,debug,tree-ops,build_ms,418.1073
1785515808,dec7f34d3,debug,search-landing,worst_ms,34.5944
1785515808,dec7f34d3,debug,search-scroll,paint_p50_ms,0.3493
1785515808,dec7f34d3,debug,search-scroll,paint_p95_ms,0.6194
1785515881,dec7f34d3,debug,monster-scroll,paint_p50_ms,2.7809
1785515881,dec7f34d3,debug,monster-scroll,paint_p95_ms,3.6540
1785515890,dec7f34d3,debug,tree-demo,toggle_ms,0.6702
1785515915,dec7f34d3,debug,monster-search-scroll,paint_p50_ms,0.0000
1785515915,dec7f34d3,debug,monster-search-scroll,paint_max_ms,0.0000
1785515956,dec7f34d3,debug,styled-typing,p50_ms,2.9485
1785515956,dec7f34d3,debug,styled-typing,p95_ms,3.4576
1785515996,dec7f34d3,debug,render-scroll,avg_ms,1.2356
1785515996,dec7f34d3,debug,render-scroll,p50_ms,1.1647
1785515996,dec7f34d3,debug,render-scroll,p95_ms,1.6813
1785516007,dec7f34d3,debug,wall,open_ms,82.8233
1785516007,dec7f34d3,debug,wall,typing_p50_ms,1.1456
1785516036,dec7f34d3,debug,burst-typing,p50_ms,4.3645
1785516036,dec7f34d3,debug,burst-typing,p95_ms,15.9885
1785516679,dec7f34d3,debug,plain-typing,keystroke_p50_ms,0.3169
1785516681,dec7f34d3,debug,fold-toggle,monster_ms,1.8505
1785516684,dec7f34d3,debug,diff-open,open_ms,8.2273
1785516684,dec7f34d3,debug,diff-typing,p50_ms,0.4993
1785516684,dec7f34d3,debug,diff-resize,frame_p50_ms,3.2287
1785516684,dec7f34d3,debug,diff-resize,frame_worst_ms,3.4447
1785516700,dec7f34d3,debug,monster-resize,sync_ms,2.9696
1785516700,dec7f34d3,debug,monster-resize,repair_effect_ms,35.1631
1785516705,dec7f34d3,debug,code-typing,p50_ms,0.6060
1785516705,dec7f34d3,debug,code-typing,p95_ms,0.6846
1785516707,dec7f34d3,debug,search-landing,worst_ms,28.6604
1785516707,dec7f34d3,debug,search-scroll,paint_p50_ms,0.4761
1785516707,dec7f34d3,debug,search-scroll,paint_p95_ms,0.6578
1785516730,dec7f34d3,debug,plain-typing,keystroke_p50_ms,0.2999
1785516732,dec7f34d3,debug,fold-toggle,monster_ms,1.8796
1785516753,dec7f34d3,debug,documents-list,refresh_ms,15.2408
1785516753,dec7f34d3,debug,documents-list,scroll_p50_ms,0.1043
1785516753,dec7f34d3,debug,documents-list,paint_p50_ms,0.3603
1785516757,dec7f34d3,debug,plain-typing,keystroke_p50_ms,0.3047
1785516759,dec7f34d3,debug,fold-toggle,monster_ms,1.7992
1785516765,dec7f34d3,debug,diff-open,open_ms,8.8676
1785516765,dec7f34d3,debug,diff-typing,p50_ms,0.4583
1785516765,dec7f34d3,debug,diff-resize,frame_p50_ms,3.0537
1785516765,dec7f34d3,debug,diff-resize,frame_worst_ms,3.6611
1785516786,dec7f34d3,debug,monster-resize,sync_ms,3.1145
1785516786,dec7f34d3,debug,monster-resize,repair_effect_ms,36.4311
1785516791,dec7f34d3,debug,code-typing,p50_ms,0.6172
1785516791,dec7f34d3,debug,code-typing,p95_ms,0.8348
1785516796,dec7f34d3,debug,list-scroll,build_ms,10.7943
1785516796,dec7f34d3,debug,list-scroll,frame_p50_ms,0.0362
1785516796,dec7f34d3,debug,list-scroll,frame_p95_ms,0.0617
1785516796,dec7f34d3,debug,tree-ops,toggle_ms,0.0744
1785516796,dec7f34d3,debug,tree-ops,build_ms,368.7557
1785516819,dec7f34d3,debug,search-landing,worst_ms,36.8742
1785516819,dec7f34d3,debug,search-scroll,paint_p50_ms,0.4127
1785516819,dec7f34d3,debug,search-scroll,paint_p95_ms,0.6772
1785518568,8146b3228,debug,plain-typing,keystroke_p50_ms,0.3027
1785518570,8146b3228,debug,fold-toggle,monster_ms,1.8335
1785518593,8146b3228,debug,diff-open,open_ms,8.1836
1785518593,8146b3228,debug,diff-typing,p50_ms,0.3920
1785518593,8146b3228,debug,diff-resize,frame_p50_ms,2.9316
1785518593,8146b3228,debug,diff-resize,frame_worst_ms,3.1123
1785518610,8146b3228,debug,monster-resize,sync_ms,2.9808
1785518610,8146b3228,debug,monster-resize,repair_effect_ms,36.0314
1785518612,8146b3228,debug,code-typing,p50_ms,0.6163
1785518612,8146b3228,debug,code-typing,p95_ms,0.6607
1785539624,c9a226172,debug,diff-open,open_ms,8.6640
1785539624,c9a226172,debug,diff-typing,p50_ms,0.4223
1785539624,c9a226172,debug,diff-resize,frame_p50_ms,2.9564
1785539624,c9a226172,debug,diff-resize,frame_worst_ms,3.2757
1785539726,c9a226172,debug,documents-list,refresh_ms,15.8077
1785539726,c9a226172,debug,documents-list,scroll_p50_ms,0.1026
1785539726,c9a226172,debug,documents-list,paint_p50_ms,0.3581
1785539731,c9a226172,debug,plain-typing,keystroke_p50_ms,0.3037
1785539732,c9a226172,debug,fold-toggle,monster_ms,1.8142
1785539738,c9a226172,debug,diff-open,open_ms,9.2590
1785539738,c9a226172,debug,diff-typing,p50_ms,0.4586
1785539738,c9a226172,debug,diff-resize,frame_p50_ms,2.9650
1785539738,c9a226172,debug,diff-resize,frame_worst_ms,3.5168
1785539759,c9a226172,debug,monster-resize,sync_ms,2.9251
1785539759,c9a226172,debug,monster-resize,repair_effect_ms,35.2416
1785539764,c9a226172,debug,code-typing,p50_ms,0.6165
1785539764,c9a226172,debug,code-typing,p95_ms,0.6569
1785539768,c9a226172,debug,list-scroll,build_ms,6.5852
1785539768,c9a226172,debug,list-scroll,frame_p50_ms,0.0347
1785539768,c9a226172,debug,list-scroll,frame_p95_ms,0.0470
1785539768,c9a226172,debug,tree-ops,toggle_ms,0.0733
1785539768,c9a226172,debug,tree-ops,build_ms,351.6169
1785539791,c9a226172,debug,search-landing,worst_ms,31.6080
1785539791,c9a226172,debug,search-scroll,paint_p50_ms,0.3516
1785539791,c9a226172,debug,search-scroll,paint_p95_ms,0.5372
1785577103,728ccbbc7,debug,documents-list,refresh_ms,15.6645
1785577103,728ccbbc7,debug,documents-list,scroll_p50_ms,0.1016
1785577103,728ccbbc7,debug,documents-list,paint_p50_ms,0.3524
1785577108,728ccbbc7,debug,plain-typing,keystroke_p50_ms,0.3188
1785577110,728ccbbc7,debug,fold-toggle,monster_ms,1.8006
1785577115,728ccbbc7,debug,diff-open,open_ms,8.4726
1785577115,728ccbbc7,debug,diff-typing,p50_ms,0.3998
1785577115,728ccbbc7,debug,diff-resize,frame_p50_ms,3.1992
1785577115,728ccbbc7,debug,diff-resize,frame_worst_ms,3.5334
1785577191,728ccbbc7,debug,documents-list,refresh_ms,13.4257
1785577191,728ccbbc7,debug,documents-list,scroll_p50_ms,0.1009
1785577191,728ccbbc7,debug,documents-list,paint_p50_ms,0.3557
1785577194,728ccbbc7,debug,plain-typing,keystroke_p50_ms,0.2965
1785577196,728ccbbc7,debug,fold-toggle,monster_ms,1.8787
1785577200,728ccbbc7,debug,diff-open,open_ms,8.6719
1785577200,728ccbbc7,debug,diff-typing,p50_ms,0.4202
1785577200,728ccbbc7,debug,diff-resize,frame_p50_ms,3.0239
1785577200,728ccbbc7,debug,diff-resize,frame_worst_ms,3.1164
1785577220,728ccbbc7,debug,monster-resize,sync_ms,2.8665
1785577220,728ccbbc7,debug,monster-resize,repair_effect_ms,35.2561
1785577227,728ccbbc7,debug,code-typing,p50_ms,0.6111
1785577227,728ccbbc7,debug,code-typing,p95_ms,0.6623
1785577231,728ccbbc7,debug,list-scroll,build_ms,6.5054
1785577231,728ccbbc7,debug,list-scroll,frame_p50_ms,0.0360
1785577231,728ccbbc7,debug,list-scroll,frame_p95_ms,0.0585
1785577231,728ccbbc7,debug,tree-ops,toggle_ms,0.0721
1785577231,728ccbbc7,debug,tree-ops,build_ms,356.9465
1785577267,728ccbbc7,debug,documents-list,refresh_ms,13.8346
1785577267,728ccbbc7,debug,documents-list,scroll_p50_ms,0.1036
1785577267,728ccbbc7,debug,documents-list,paint_p50_ms,0.3570
1785577270,728ccbbc7,debug,plain-typing,keystroke_p50_ms,0.3028
1785577272,728ccbbc7,debug,fold-toggle,monster_ms,1.8131
1785577275,728ccbbc7,debug,diff-open,open_ms,8.8329
1785577275,728ccbbc7,debug,diff-typing,p50_ms,0.4136
1785577275,728ccbbc7,debug,diff-resize,frame_p50_ms,3.2422
1785577275,728ccbbc7,debug,diff-resize,frame_worst_ms,3.5547
1785577291,728ccbbc7,debug,monster-resize,sync_ms,3.1669
1785577291,728ccbbc7,debug,monster-resize,repair_effect_ms,37.4100
1785577294,728ccbbc7,debug,code-typing,p50_ms,0.6320
1785577294,728ccbbc7,debug,code-typing,p95_ms,0.7093
1785577296,728ccbbc7,debug,list-scroll,build_ms,3.9695
1785577296,728ccbbc7,debug,list-scroll,frame_p50_ms,0.0328
1785577296,728ccbbc7,debug,list-scroll,frame_p95_ms,0.0355
1785577296,728ccbbc7,debug,tree-ops,toggle_ms,0.0744
1785577296,728ccbbc7,debug,tree-ops,build_ms,348.6484
1785577318,728ccbbc7,debug,search-landing,worst_ms,37.5382
1785577318,728ccbbc7,debug,search-scroll,paint_p50_ms,0.3987
1785577318,728ccbbc7,debug,search-scroll,paint_p95_ms,0.6653
1785577408,728ccbbc7,debug,plain-typing,keystroke_p50_ms,0.3090
1785577410,728ccbbc7,debug,fold-toggle,monster_ms,1.8031
1785577418,728ccbbc7,debug,search-landing,worst_ms,33.4643
1785577418,728ccbbc7,debug,search-scroll,paint_p50_ms,0.4792
1785577418,728ccbbc7,debug,search-scroll,paint_p95_ms,0.7505
1785689219,728ccbbc7,debug,plain-typing,keystroke_p50_ms,0.3490
1785689221,728ccbbc7,debug,fold-toggle,monster_ms,2.0008
1785689430,728ccbbc7,debug,plain-typing,keystroke_p50_ms,0.3202
1785689432,728ccbbc7,debug,fold-toggle,monster_ms,1.8783
1785690197,728ccbbc7,debug,documents-list,refresh_ms,15.7811
1785690197,728ccbbc7,debug,documents-list,scroll_p50_ms,0.1025
1785690197,728ccbbc7,debug,documents-list,paint_p50_ms,0.3579
1785690202,728ccbbc7,debug,plain-typing,keystroke_p50_ms,0.3053
1785690203,728ccbbc7,debug,fold-toggle,monster_ms,1.9052
1785690210,728ccbbc7,debug,diff-open,open_ms,8.6157
1785690210,728ccbbc7,debug,diff-typing,p50_ms,0.4982
1785690210,728ccbbc7,debug,diff-resize,frame_p50_ms,3.0697
1785690210,728ccbbc7,debug,diff-resize,frame_worst_ms,3.2285
1785690234,728ccbbc7,debug,monster-resize,sync_ms,2.9275
1785690234,728ccbbc7,debug,monster-resize,repair_effect_ms,35.2500
1785690240,728ccbbc7,debug,code-typing,p50_ms,0.6075
1785690240,728ccbbc7,debug,code-typing,p95_ms,0.6840
1785690271,728ccbbc7,debug,documents-list,refresh_ms,13.6646
1785690271,728ccbbc7,debug,documents-list,scroll_p50_ms,0.0995
1785690271,728ccbbc7,debug,documents-list,paint_p50_ms,0.3544
1785690274,728ccbbc7,debug,plain-typing,keystroke_p50_ms,0.3039
1785690276,728ccbbc7,debug,fold-toggle,monster_ms,1.8603
1785690279,728ccbbc7,debug,diff-open,open_ms,8.4978
1785690279,728ccbbc7,debug,diff-typing,p50_ms,0.4307
1785690280,728ccbbc7,debug,diff-resize,frame_p50_ms,3.0857
1785690280,728ccbbc7,debug,diff-resize,frame_worst_ms,3.2625
1785690295,728ccbbc7,debug,monster-resize,sync_ms,3.0149
1785690295,728ccbbc7,debug,monster-resize,repair_effect_ms,36.8199
1785690299,728ccbbc7,debug,code-typing,p50_ms,0.6144
1785690299,728ccbbc7,debug,code-typing,p95_ms,0.6529
1785690305,728ccbbc7,debug,list-scroll,build_ms,9.6688
1785690305,728ccbbc7,debug,list-scroll,frame_p50_ms,0.0356
1785690305,728ccbbc7,debug,list-scroll,frame_p95_ms,0.0593
1785690305,728ccbbc7,debug,tree-ops,toggle_ms,0.0719
1785690305,728ccbbc7,debug,tree-ops,build_ms,354.7207
1785690332,728ccbbc7,debug,search-landing,worst_ms,29.5967
1785690332,728ccbbc7,debug,search-scroll,paint_p50_ms,0.3384
1785690332,728ccbbc7,debug,search-scroll,paint_p95_ms,0.5165
1785690358,728ccbbc7,debug,documents-list,refresh_ms,12.6206
1785690358,728ccbbc7,debug,documents-list,scroll_p50_ms,0.0958
1785690358,728ccbbc7,debug,documents-list,paint_p50_ms,0.3380
1785690361,728ccbbc7,debug,plain-typing,keystroke_p50_ms,0.3070
1785690363,728ccbbc7,debug,fold-toggle,monster_ms,1.7755
1785690366,728ccbbc7,debug,diff-open,open_ms,8.4662
1785690366,728ccbbc7,debug,diff-typing,p50_ms,0.3624
1785690366,728ccbbc7,debug,diff-resize,frame_p50_ms,2.9795
1785690366,728ccbbc7,debug,diff-resize,frame_worst_ms,3.2815
1785690381,728ccbbc7,debug,monster-resize,sync_ms,2.9348
1785690381,728ccbbc7,debug,monster-resize,repair_effect_ms,34.8309
1785690384,728ccbbc7,debug,code-typing,p50_ms,0.6068
1785690384,728ccbbc7,debug,code-typing,p95_ms,0.6562
1785690386,728ccbbc7,debug,list-scroll,build_ms,4.9814
1785690386,728ccbbc7,debug,list-scroll,frame_p50_ms,0.0332
1785690386,728ccbbc7,debug,list-scroll,frame_p95_ms,0.0563
1785690386,728ccbbc7,debug,tree-ops,toggle_ms,0.0726
1785690386,728ccbbc7,debug,tree-ops,build_ms,349.7199
1785690404,728ccbbc7,debug,search-landing,worst_ms,34.3576
1785690404,728ccbbc7,debug,search-scroll,paint_p50_ms,0.3303
1785690404,728ccbbc7,debug,search-scroll,paint_p95_ms,0.5904
1785690418,728ccbbc7,debug,documents-list,refresh_ms,13.5105
1785690418,728ccbbc7,debug,documents-list,scroll_p50_ms,0.0978
1785690418,728ccbbc7,debug,documents-list,paint_p50_ms,0.3431
1785690421,728ccbbc7,debug,plain-typing,keystroke_p50_ms,0.2959
1785690423,728ccbbc7,debug,fold-toggle,monster_ms,1.8025
1785690426,728ccbbc7,debug,diff-open,open_ms,8.0891
1785690426,728ccbbc7,debug,diff-typing,p50_ms,0.3605
1785690426,728ccbbc7,debug,diff-resize,frame_p50_ms,2.8756
1785690426,728ccbbc7,debug,diff-resize,frame_worst_ms,3.3671
1785690441,728ccbbc7,debug,monster-resize,sync_ms,2.9539
1785690442,728ccbbc7,debug,monster-resize,repair_effect_ms,35.6084
1785690444,728ccbbc7,debug,code-typing,p50_ms,0.6103
1785690444,728ccbbc7,debug,code-typing,p95_ms,0.7161
1785690446,728ccbbc7,debug,list-scroll,build_ms,6.1417
1785690446,728ccbbc7,debug,list-scroll,frame_p50_ms,0.0335
1785690446,728ccbbc7,debug,list-scroll,frame_p95_ms,0.0431
1785690446,728ccbbc7,debug,tree-ops,toggle_ms,0.0734
1785690446,728ccbbc7,debug,tree-ops,build_ms,342.6994
1785690464,728ccbbc7,debug,search-landing,worst_ms,31.0410
1785690464,728ccbbc7,debug,search-scroll,paint_p50_ms,0.3421
1785690464,728ccbbc7,debug,search-scroll,paint_p95_ms,0.5060
1785690519,728ccbbc7,debug,search-landing,worst_ms,31.5026
1785690519,728ccbbc7,debug,search-scroll,paint_p50_ms,0.4633
1785690519,728ccbbc7,debug,search-scroll,paint_p95_ms,0.6499
1785694151,ee9842fa8,debug,plain-typing,keystroke_p50_ms,0.3107
1785694153,ee9842fa8,debug,fold-toggle,monster_ms,1.8398
1785694490,ee9842fa8,debug,plain-typing,keystroke_p50_ms,0.3144
1785694492,ee9842fa8,debug,fold-toggle,monster_ms,2.0392
1785695041,ee9842fa8,debug,monster-search-scroll,paint_p50_ms,0.0000
1785695041,ee9842fa8,debug,monster-search-scroll,paint_max_ms,0.0000
1785695045,ee9842fa8,debug,tree-demo,toggle_ms,0.4870
1785695079,ee9842fa8,debug,render-scroll,avg_ms,1.3060
1785695079,ee9842fa8,debug,render-scroll,p50_ms,1.0262
1785695079,ee9842fa8,debug,render-scroll,p95_ms,1.5656
1785695122,ee9842fa8,debug,styled-typing,p50_ms,2.4526
1785695122,ee9842fa8,debug,styled-typing,p95_ms,2.9407
1785695156,ee9842fa8,debug,monster-scroll,paint_p50_ms,2.1347
1785695156,ee9842fa8,debug,monster-scroll,paint_p95_ms,2.7596
1785695167,ee9842fa8,debug,wall,open_ms,80.3503
1785695167,ee9842fa8,debug,wall,typing_p50_ms,1.0799
1785695196,ee9842fa8,debug,burst-typing,p50_ms,4.1871
1785695196,ee9842fa8,debug,burst-typing,p95_ms,15.3987
1785695239,ee9842fa8,debug,typing,monster_p50_ms,2.2263
1785695239,ee9842fa8,debug,typing,scratch_p50_ms,0.6286
1785695243,ee9842fa8,debug,documents-list,refresh_ms,14.2695
1785695243,ee9842fa8,debug,documents-list,scroll_p50_ms,0.1067
1785695243,ee9842fa8,debug,documents-list,paint_p50_ms,0.3510
1785695248,ee9842fa8,debug,plain-typing,keystroke_p50_ms,0.2959
1785695250,ee9842fa8,debug,fold-toggle,monster_ms,1.8123
1785695301,ee9842fa8,debug,plain-typing,keystroke_p50_ms,0.3070
1785695302,ee9842fa8,debug,fold-toggle,monster_ms,1.8235
1785695341,ee9842fa8,debug,plain-typing,keystroke_p50_ms,0.2935
1785695343,ee9842fa8,debug,fold-toggle,monster_ms,1.8529
1785695401,ee9842fa8,debug,tree-demo,toggle_ms,0.3384
1785695408,ee9842fa8,debug,styled-typing,p50_ms,2.6182
1785695408,ee9842fa8,debug,styled-typing,p95_ms,3.2464
1785695443,ee9842fa8,debug,monster-scroll,paint_p50_ms,2.1568
1785695443,ee9842fa8,debug,monster-scroll,paint_p95_ms,2.7939
1785695474,ee9842fa8,debug,monster-search-scroll,paint_p50_ms,0.0000
1785695474,ee9842fa8,debug,monster-search-scroll,paint_max_ms,0.0000
1785695511,ee9842fa8,debug,render-scroll,avg_ms,1.0739
1785695511,ee9842fa8,debug,render-scroll,p50_ms,1.0005
1785695511,ee9842fa8,debug,render-scroll,p95_ms,1.5021
1785695523,ee9842fa8,debug,wall,open_ms,80.4219
1785695523,ee9842fa8,debug,wall,typing_p50_ms,1.0823
1785695551,ee9842fa8,debug,burst-typing,p50_ms,4.1772
1785695551,ee9842fa8,debug,burst-typing,p95_ms,15.4254
1785695595,ee9842fa8,debug,typing,monster_p50_ms,2.2705
1785695595,ee9842fa8,debug,typing,scratch_p50_ms,0.6067
1785695596,ee9842fa8,debug,documents-list,refresh_ms,18.3181
1785695596,ee9842fa8,debug,documents-list,scroll_p50_ms,0.1020
1785695596,ee9842fa8,debug,documents-list,paint_p50_ms,0.3479
1785695601,ee9842fa8,debug,plain-typing,keystroke_p50_ms,0.2939
1785695603,ee9842fa8,debug,fold-toggle,monster_ms,1.7744
1785695613,ee9842fa8,debug,diff-open,open_ms,10.0407
1785695613,ee9842fa8,debug,diff-typing,p50_ms,0.4491
1785695613,ee9842fa8,debug,diff-resize,frame_p50_ms,2.7748
1785695613,ee9842fa8,debug,diff-resize,frame_worst_ms,3.0965
1785695641,ee9842fa8,debug,monster-resize,sync_ms,2.8990
1785695641,ee9842fa8,debug,monster-resize,repair_effect_ms,34.4752
1785695760,ee9842fa8,debug,render-scroll,avg_ms,1.1989
1785695760,ee9842fa8,debug,render-scroll,p50_ms,1.1190
1785695760,ee9842fa8,debug,render-scroll,p95_ms,1.6671
1785695765,ee9842fa8,debug,tree-demo,toggle_ms,0.3332
1785695795,ee9842fa8,debug,monster-scroll,paint_p50_ms,2.2354
1785695795,ee9842fa8,debug,monster-scroll,paint_p95_ms,2.8722
1785695825,ee9842fa8,debug,monster-search-scroll,paint_p50_ms,0.0000
1785695825,ee9842fa8,debug,monster-search-scroll,paint_max_ms,0.0000
1785695869,ee9842fa8,debug,styled-typing,p50_ms,2.4288
1785695869,ee9842fa8,debug,styled-typing,p95_ms,2.8525
1785695880,ee9842fa8,debug,wall,open_ms,79.8374
1785695880,ee9842fa8,debug,wall,typing_p50_ms,1.0451
1785695910,ee9842fa8,debug,burst-typing,p50_ms,4.1967
1785695910,ee9842fa8,debug,burst-typing,p95_ms,16.0739
1785695953,ee9842fa8,debug,typing,monster_p50_ms,2.3302
1785695953,ee9842fa8,debug,typing,scratch_p50_ms,0.6235
1785695958,ee9842fa8,debug,documents-list,refresh_ms,14.1901
1785695958,ee9842fa8,debug,documents-list,scroll_p50_ms,0.1035
1785695958,ee9842fa8,debug,documents-list,paint_p50_ms,0.3494
1785695963,ee9842fa8,debug,plain-typing,keystroke_p50_ms,0.2926
1785695965,ee9842fa8,debug,fold-toggle,monster_ms,1.8493
1785695974,ee9842fa8,debug,diff-open,open_ms,8.9167
1785695974,ee9842fa8,debug,diff-typing,p50_ms,0.3747
1785695974,ee9842fa8,debug,diff-resize,frame_p50_ms,2.8484
1785695974,ee9842fa8,debug,diff-resize,frame_worst_ms,3.0805
1785696002,ee9842fa8,debug,monster-resize,sync_ms,2.8718
1785696002,ee9842fa8,debug,monster-resize,repair_effect_ms,36.0169
1785696008,ee9842fa8,debug,code-typing,p50_ms,0.5801
1785696008,ee9842fa8,debug,code-typing,p95_ms,0.6030
1785696042,ee9842fa8,debug,code-typing,p50_ms,0.7047
1785696042,ee9842fa8,debug,code-typing,p95_ms,0.9034
1785696097,ee9842fa8,debug,tree-demo,toggle_ms,0.3258
1785696103,ee9842fa8,debug,styled-typing,p50_ms,2.6172
1785696103,ee9842fa8,debug,styled-typing,p95_ms,3.3255
1785696138,ee9842fa8,debug,monster-scroll,paint_p50_ms,2.1422
1785696138,ee9842fa8,debug,monster-scroll,paint_p95_ms,2.7806
1785696168,ee9842fa8,debug,monster-search-scroll,paint_p50_ms,0.0000
1785696168,ee9842fa8,debug,monster-search-scroll,paint_max_ms,0.0000
1785696204,ee9842fa8,debug,render-scroll,avg_ms,1.0699
1785696204,ee9842fa8,debug,render-scroll,p50_ms,0.9998
1785696204,ee9842fa8,debug,render-scroll,p95_ms,1.4832
1785696215,ee9842fa8,debug,wall,open_ms,80.1548
1785696215,ee9842fa8,debug,wall,typing_p50_ms,1.0725
1785696243,ee9842fa8,debug,burst-typing,p50_ms,4.3280
1785696243,ee9842fa8,debug,burst-typing,p95_ms,15.9984
1785696287,ee9842fa8,debug,typing,monster_p50_ms,2.5428
1785696287,ee9842fa8,debug,typing,scratch_p50_ms,0.6289
1785696288,ee9842fa8,debug,documents-list,refresh_ms,19.4545
1785696288,ee9842fa8,debug,documents-list,scroll_p50_ms,0.1046
1785696288,ee9842fa8,debug,documents-list,paint_p50_ms,0.3516
1785696292,ee9842fa8,debug,plain-typing,keystroke_p50_ms,0.2933
1785696294,ee9842fa8,debug,fold-toggle,monster_ms,1.7544
1785696297,ee9842fa8,debug,diff-open,open_ms,8.1761
1785696297,ee9842fa8,debug,diff-typing,p50_ms,0.3788
1785696297,ee9842fa8,debug,diff-resize,frame_p50_ms,2.8526
1785696297,ee9842fa8,debug,diff-resize,frame_worst_ms,3.0399
1785696313,ee9842fa8,debug,monster-resize,sync_ms,2.9232
1785696313,ee9842fa8,debug,monster-resize,repair_effect_ms,35.2143
1785696318,ee9842fa8,debug,code-typing,p50_ms,0.5745
1785696318,ee9842fa8,debug,code-typing,p95_ms,0.7798
1785696325,ee9842fa8,debug,list-scroll,build_ms,5.4908
1785696325,ee9842fa8,debug,list-scroll,frame_p50_ms,0.0335
1785696325,ee9842fa8,debug,list-scroll,frame_p95_ms,0.0407
1785696325,ee9842fa8,debug,tree-ops,toggle_ms,0.0726
1785696325,ee9842fa8,debug,tree-ops,build_ms,338.5596
1785696352,ee9842fa8,debug,search-landing,worst_ms,66.8362
1785696352,ee9842fa8,debug,search-scroll,paint_p50_ms,0.3765
1785696352,ee9842fa8,debug,search-scroll,paint_p95_ms,0.6763
1785696376,ee9842fa8,debug,search-landing,worst_ms,65.1080
1785696377,ee9842fa8,debug,search-scroll,paint_p50_ms,0.4791
1785696377,ee9842fa8,debug,search-scroll,paint_p95_ms,0.7029
1785696428,ee9842fa8,debug,tree-demo,toggle_ms,0.3217
1785696441,ee9842fa8,debug,styled-typing,p50_ms,2.6108
1785696441,ee9842fa8,debug,styled-typing,p95_ms,3.2417
1785696478,ee9842fa8,debug,monster-scroll,paint_p50_ms,2.1346
1785696478,ee9842fa8,debug,monster-scroll,paint_p95_ms,2.7735
1785696505,ee9842fa8,debug,monster-search-scroll,paint_p50_ms,0.0000
1785696505,ee9842fa8,debug,monster-search-scroll,paint_max_ms,0.0000
1785696541,ee9842fa8,debug,render-scroll,avg_ms,1.0717
1785696541,ee9842fa8,debug,render-scroll,p50_ms,1.0005
1785696541,ee9842fa8,debug,render-scroll,p95_ms,1.4937
1785696552,ee9842fa8,debug,wall,open_ms,80.4557
1785696552,ee9842fa8,debug,wall,typing_p50_ms,1.0633
1785696581,ee9842fa8,debug,burst-typing,p50_ms,4.1452
1785696581,ee9842fa8,debug,burst-typing,p95_ms,15.7235
1785696625,ee9842fa8,debug,typing,monster_p50_ms,2.3048
1785696625,ee9842fa8,debug,typing,scratch_p50_ms,0.5918
1785696626,ee9842fa8,debug,documents-list,refresh_ms,18.2857
1785696626,ee9842fa8,debug,documents-list,scroll_p50_ms,0.1065
1785696626,ee9842fa8,debug,documents-list,paint_p50_ms,0.3525
1785696629,ee9842fa8,debug,plain-typing,keystroke_p50_ms,0.2985
1785696631,ee9842fa8,debug,fold-toggle,monster_ms,1.8264
1785696635,ee9842fa8,debug,diff-open,open_ms,8.0334
1785696635,ee9842fa8,debug,diff-typing,p50_ms,0.4241
1785696635,ee9842fa8,debug,diff-resize,frame_p50_ms,2.8542
1785696635,ee9842fa8,debug,diff-resize,frame_worst_ms,3.2351
1785696650,ee9842fa8,debug,monster-resize,sync_ms,2.9875
1785696650,ee9842fa8,debug,monster-resize,repair_effect_ms,34.3921
1785696653,ee9842fa8,debug,code-typing,p50_ms,0.5781
1785696653,ee9842fa8,debug,code-typing,p95_ms,0.5911
1785696655,ee9842fa8,debug,list-scroll,build_ms,5.6296
1785696655,ee9842fa8,debug,list-scroll,frame_p50_ms,0.0338
1785696655,ee9842fa8,debug,list-scroll,frame_p95_ms,0.0504
1785696655,ee9842fa8,debug,tree-ops,toggle_ms,0.0728
1785696655,ee9842fa8,debug,tree-ops,build_ms,347.5692
1785696676,ee9842fa8,debug,search-landing,worst_ms,67.9348
1785696676,ee9842fa8,debug,search-scroll,paint_p50_ms,0.3492
1785696676,ee9842fa8,debug,search-scroll,paint_p95_ms,0.6973
1785698040,ee9842fa8,debug,search-landing,worst_ms,71.7587
1785698040,ee9842fa8,debug,search-scroll,paint_p50_ms,0.5280
1785698040,ee9842fa8,debug,search-scroll,paint_p95_ms,0.8287
1785699564,831bcb367,debug,tree-demo,toggle_ms,0.3278
1785699571,831bcb367,debug,styled-typing,p50_ms,2.8386
1785699571,831bcb367,debug,styled-typing,p95_ms,3.7790
1785699622,b6b594f41,debug,monster-scroll,paint_p50_ms,2.5981
1785699622,b6b594f41,debug,monster-scroll,paint_p95_ms,18.4235
1785699655,b6b594f41,debug,monster-search-scroll,paint_p50_ms,0.0000
1785699655,b6b594f41,debug,monster-search-scroll,paint_max_ms,0.0000
1785699691,b6b594f41,debug,render-scroll,avg_ms,1.0884
1785699691,b6b594f41,debug,render-scroll,p50_ms,1.0139
1785699691,b6b594f41,debug,render-scroll,p95_ms,1.5211
1785699702,b6b594f41,debug,wall,open_ms,81.4025
1785699702,b6b594f41,debug,wall,typing_p50_ms,1.1687
1785699730,b6b594f41,debug,burst-typing,p50_ms,4.2234
1785699730,b6b594f41,debug,burst-typing,p95_ms,15.5111
1785699773,b6b594f41,debug,typing,monster_p50_ms,2.2084
1785699773,b6b594f41,debug,typing,scratch_p50_ms,0.5729
1785699777,b6b594f41,debug,documents-list,refresh_ms,14.2921
1785699777,b6b594f41,debug,documents-list,scroll_p50_ms,0.1020
1785699777,b6b594f41,debug,documents-list,paint_p50_ms,0.3455
1785699782,b6b594f41,debug,plain-typing,keystroke_p50_ms,0.3029
1785699784,b6b594f41,debug,fold-toggle,monster_ms,1.7443
1785699793,b6b594f41,debug,diff-open,open_ms,7.9348
1785699793,b6b594f41,debug,diff-typing,p50_ms,0.3849
1785699794,b6b594f41,debug,diff-resize,frame_p50_ms,3.0523
1785699794,b6b594f41,debug,diff-resize,frame_worst_ms,3.3506
1785699821,b6b594f41,debug,monster-resize,sync_ms,2.9575
1785699821,b6b594f41,debug,monster-resize,repair_effect_ms,34.2065
1785699828,b6b594f41,debug,code-typing,p50_ms,0.6255
1785699828,b6b594f41,debug,code-typing,p95_ms,0.6720
1785699834,b6b594f41,debug,list-scroll,build_ms,4.3760
1785699834,b6b594f41,debug,list-scroll,frame_p50_ms,0.0322
1785699834,b6b594f41,debug,list-scroll,frame_p95_ms,0.0347
1785699834,b6b594f41,debug,tree-ops,toggle_ms,0.0736
1785699834,b6b594f41,debug,tree-ops,build_ms,335.4813
1785699860,b6b594f41,debug,search-landing,worst_ms,61.0315
1785699860,b6b594f41,debug,search-scroll,paint_p50_ms,0.3443
1785699860,b6b594f41,debug,search-scroll,paint_p95_ms,0.5305
1785700104,b6b594f41,debug,plain-typing,keystroke_p50_ms,0.3363
1785700106,b6b594f41,debug,fold-toggle,monster_ms,1.8749
1785700111,b6b594f41,debug,search-landing,worst_ms,64.4965
1785700111,b6b594f41,debug,search-scroll,paint_p50_ms,0.4930
1785700111,b6b594f41,debug,search-scroll,paint_p95_ms,0.7562
1785700190,b6b594f41,debug,tree-demo,toggle_ms,0.3227
1785700196,b6b594f41,debug,styled-typing,p50_ms,2.6829
1785700196,b6b594f41,debug,styled-typing,p95_ms,3.4076
1785700233,b6b594f41,debug,monster-scroll,paint_p50_ms,2.2361
1785700233,b6b594f41,debug,monster-scroll,paint_p95_ms,2.9071
1785700263,b6b594f41,debug,monster-search-scroll,paint_p50_ms,0.0000
1785700263,b6b594f41,debug,monster-search-scroll,paint_max_ms,0.0000
1785700660,b6b594f41,debug,search-landing,worst_ms,59.8783
1785700660,b6b594f41,debug,search-scroll,paint_p50_ms,0.4713
1785700660,b6b594f41,debug,search-scroll,paint_p95_ms,0.6676
1785700726,b6b594f41,debug,tree-demo,toggle_ms,0.5682
1785700746,b6b594f41,debug,monster-scroll,paint_p50_ms,2.4136
1785700746,b6b594f41,debug,monster-scroll,paint_p95_ms,3.0802
1785700788,b6b594f41,debug,styled-typing,p50_ms,2.6686
1785700788,b6b594f41,debug,styled-typing,p95_ms,3.2247
1785700825,b6b594f41,debug,render-scroll,avg_ms,1.1037
1785700825,b6b594f41,debug,render-scroll,p50_ms,1.0310
1785700825,b6b594f41,debug,render-scroll,p95_ms,1.5482
1785700855,b6b594f41,debug,monster-search-scroll,paint_p50_ms,0.0000
1785700855,b6b594f41,debug,monster-search-scroll,paint_max_ms,0.0000
1785700866,b6b594f41,debug,wall,open_ms,83.3402
1785700866,b6b594f41,debug,wall,typing_p50_ms,1.2429
1785700902,b6b594f41,debug,burst-typing,p50_ms,5.2050
1785700902,b6b594f41,debug,burst-typing,p95_ms,10.5336
1785700952,b6b594f41,debug,typing,monster_p50_ms,2.3965
1785700952,b6b594f41,debug,typing,scratch_p50_ms,0.6605
1785701216,b6b594f41,debug,monster-search-scroll,paint_p50_ms,0.0000
1785701216,b6b594f41,debug,monster-search-scroll,paint_max_ms,0.0000
1785701221,b6b594f41,debug,tree-demo,toggle_ms,0.4993
1785701257,b6b594f41,debug,styled-typing,p50_ms,2.5121
1785701257,b6b594f41,debug,styled-typing,p95_ms,2.9617
1785701296,b6b594f41,debug,render-scroll,avg_ms,1.0799
1785701296,b6b594f41,debug,render-scroll,p50_ms,1.0057
1785701296,b6b594f41,debug,render-scroll,p95_ms,1.5228
1785701329,b6b594f41,debug,monster-scroll,paint_p50_ms,2.1764
1785701329,b6b594f41,debug,monster-scroll,paint_p95_ms,2.8135
1785701340,b6b594f41,debug,wall,open_ms,81.0157
1785701340,b6b594f41,debug,wall,typing_p50_ms,1.0694
1785701368,b6b594f41,debug,burst-typing,p50_ms,4.1573
1785701368,b6b594f41,debug,burst-typing,p95_ms,14.9375
1785701411,b6b594f41,debug,typing,monster_p50_ms,2.3177
1785701411,b6b594f41,debug,typing,scratch_p50_ms,0.6262
1785701416,b6b594f41,debug,documents-list,refresh_ms,15.1552
1785701416,b6b594f41,debug,documents-list,scroll_p50_ms,0.1033
1785701416,b6b594f41,debug,documents-list,paint_p50_ms,0.3506
1785701420,b6b594f41,debug,plain-typing,keystroke_p50_ms,0.2920
1785701421,b6b594f41,debug,fold-toggle,monster_ms,1.7902
1785701432,b6b594f41,debug,diff-open,open_ms,8.3980
1785701432,b6b594f41,debug,diff-typing,p50_ms,0.3633
1785701433,b6b594f41,debug,diff-resize,frame_p50_ms,2.8685
1785701433,b6b594f41,debug,diff-resize,frame_worst_ms,3.1047
1785701464,b6b594f41,debug,monster-resize,sync_ms,3.1468
1785701464,b6b594f41,debug,monster-resize,repair_effect_ms,36.4031
1785701472,b6b594f41,debug,code-typing,p50_ms,0.5783
1785701472,b6b594f41,debug,code-typing,p95_ms,0.5971
1785701479,b6b594f41,debug,list-scroll,build_ms,6.9348
1785701479,b6b594f41,debug,list-scroll,frame_p50_ms,0.0348
1785701479,b6b594f41,debug,list-scroll,frame_p95_ms,0.0530
1785701479,b6b594f41,debug,tree-ops,toggle_ms,0.0729
1785701479,b6b594f41,debug,tree-ops,build_ms,355.7371
1785701507,b6b594f41,debug,search-landing,worst_ms,66.9402
1785701507,b6b594f41,debug,search-scroll,paint_p50_ms,0.3675
1785701507,b6b594f41,debug,search-scroll,paint_p95_ms,0.6273
1785759034,171f39484,debug,tree-demo,toggle_ms,0.3583
1785759036,171f39484,debug,render-scroll,avg_ms,1.2742
1785759036,171f39484,debug,render-scroll,p50_ms,1.1799
1785759036,171f39484,debug,render-scroll,p95_ms,1.8226
1785759069,171f39484,debug,monster-search-scroll,paint_p50_ms,0.0000
1785759069,171f39484,debug,monster-search-scroll,paint_max_ms,0.0000
1785759102,171f39484,debug,monster-scroll,paint_p50_ms,2.2657
1785759102,171f39484,debug,monster-scroll,paint_p95_ms,3.0242
1785759146,171f39484,debug,styled-typing,p50_ms,2.6633
1785759146,171f39484,debug,styled-typing,p95_ms,3.4095
1785759158,171f39484,debug,wall,open_ms,91.1274
1785759158,171f39484,debug,wall,typing_p50_ms,1.4377
1785759187,171f39484,debug,burst-typing,p50_ms,4.1307
1785759187,171f39484,debug,burst-typing,p95_ms,15.9821
1785759275,171f39484,debug,typing,monster_p50_ms,3.1904
1785759275,171f39484,debug,typing,scratch_p50_ms,0.7233
1785759278,171f39484,debug,documents-list,refresh_ms,13.9159
1785759278,171f39484,debug,documents-list,scroll_p50_ms,0.0996
1785759278,171f39484,debug,documents-list,paint_p50_ms,0.3490
1785759284,171f39484,debug,plain-typing,keystroke_p50_ms,0.2919
1785759286,171f39484,debug,fold-toggle,monster_ms,2.0334
1785759294,171f39484,debug,diff-open,open_ms,8.7264
1785759294,171f39484,debug,diff-typing,p50_ms,0.4159
1785759294,171f39484,debug,diff-resize,frame_p50_ms,2.7737
1785759294,171f39484,debug,diff-resize,frame_worst_ms,3.0035
1785759946,171f39484,debug,monster-resize,sync_ms,2.8093
1785759946,171f39484,debug,monster-resize,repair_effect_ms,34.1520
1785759955,171f39484,debug,code-typing,p50_ms,0.5674
1785759955,171f39484,debug,code-typing,p95_ms,0.6336
1785759962,171f39484,debug,list-scroll,build_ms,7.5632
1785759962,171f39484,debug,list-scroll,frame_p50_ms,0.0352
1785759962,171f39484,debug,list-scroll,frame_p95_ms,0.0494
1785759962,171f39484,debug,tree-ops,toggle_ms,0.0727
1785759962,171f39484,debug,tree-ops,build_ms,343.3518
1785760278,171f39484,debug,search-landing,worst_ms,80.7129
1785760278,171f39484,debug,search-scroll,paint_p50_ms,0.4320
1785760278,171f39484,debug,search-scroll,paint_p95_ms,0.8339
1785760358,171f39484,debug,search-landing,worst_ms,49.6133
1785760749,171f39484,debug,tree-demo,toggle_ms,0.3260
1785760762,171f39484,debug,styled-typing,p50_ms,2.6439
1785760762,171f39484,debug,styled-typing,p95_ms,3.7335
1785760792,171f39484,debug,monster-scroll,paint_p50_ms,2.1274
1785760792,171f39484,debug,monster-scroll,paint_p95_ms,2.7313
1785760815,171f39484,debug,monster-search-scroll,paint_p50_ms,0.0000
1785760815,171f39484,debug,monster-search-scroll,paint_max_ms,0.0000
1785760843,171f39484,debug,render-scroll,avg_ms,1.0586
1785760843,171f39484,debug,render-scroll,p50_ms,0.9892
1785760843,171f39484,debug,render-scroll,p95_ms,1.4677
1785761462,171f39484,debug,wall,open_ms,80.6338
1785761462,171f39484,debug,wall,typing_p50_ms,1.1872
1785761491,171f39484,debug,burst-typing,p50_ms,4.4624
1785761491,171f39484,debug,burst-typing,p95_ms,15.7223
1785761536,171f39484,debug,typing,monster_p50_ms,2.8297
1785761536,171f39484,debug,typing,scratch_p50_ms,0.7386
1785761537,171f39484,debug,documents-list,refresh_ms,20.3107
1785761537,171f39484,debug,documents-list,scroll_p50_ms,0.1049
1785761537,171f39484,debug,documents-list,paint_p50_ms,0.3563
1785761541,171f39484,debug,plain-typing,keystroke_p50_ms,0.3090
1785761543,171f39484,debug,fold-toggle,monster_ms,1.8035
1785761548,171f39484,debug,diff-open,open_ms,8.6000
1785761548,171f39484,debug,diff-typing,p50_ms,0.4515
1785761548,171f39484,debug,diff-resize,frame_p50_ms,2.8344
1785761548,171f39484,debug,diff-resize,frame_worst_ms,3.0770
1785761565,171f39484,debug,monster-resize,sync_ms,2.8282
1785761565,171f39484,debug,monster-resize,repair_effect_ms,34.3820
1785761568,171f39484,debug,code-typing,p50_ms,0.6205
1785761568,171f39484,debug,code-typing,p95_ms,0.6353
1785761570,171f39484,debug,list-scroll,build_ms,4.1025
1785761570,171f39484,debug,list-scroll,frame_p50_ms,0.0330
1785761570,171f39484,debug,list-scroll,frame_p95_ms,0.0355
1785761570,171f39484,debug,tree-ops,toggle_ms,0.0729
1785761570,171f39484,debug,tree-ops,build_ms,336.0016
1785761589,171f39484,debug,search-landing,worst_ms,65.6732
1785761589,171f39484,debug,search-scroll,paint_p50_ms,0.3608
1785761589,171f39484,debug,search-scroll,paint_p95_ms,0.6193
1785763832,171f39484,debug,search-landing,worst_ms,73.4275
1785763832,171f39484,debug,search-scroll,paint_p50_ms,0.5680
1785763832,171f39484,debug,search-scroll,paint_p95_ms,0.9108
1785763923,171f39484,debug,tree-demo,toggle_ms,0.3296
1785763927,171f39484,debug,styled-typing,p50_ms,2.6236
1785763927,171f39484,debug,styled-typing,p95_ms,3.3123
1785763962,171f39484,debug,monster-scroll,paint_p50_ms,2.1724
1785763962,171f39484,debug,monster-scroll,paint_p95_ms,2.8222
1785763992,171f39484,debug,monster-search-scroll,paint_p50_ms,0.0000
1785763992,171f39484,debug,monster-search-scroll,paint_max_ms,0.0000
1785764027,171f39484,debug,render-scroll,avg_ms,1.0691
1785764027,171f39484,debug,render-scroll,p50_ms,0.9994
1785764027,171f39484,debug,render-scroll,p95_ms,1.4853
1785764038,171f39484,debug,wall,open_ms,80.8697
1785764038,171f39484,debug,wall,typing_p50_ms,1.1542
1785764065,171f39484,debug,burst-typing,p50_ms,4.3630
1785764065,171f39484,debug,burst-typing,p95_ms,16.3762
1785764108,171f39484,debug,typing,monster_p50_ms,2.4135
1785764108,171f39484,debug,typing,scratch_p50_ms,0.7478
1785764114,171f39484,debug,documents-list,refresh_ms,15.0314
1785764114,171f39484,debug,documents-list,scroll_p50_ms,0.1132
1785764114,171f39484,debug,documents-list,paint_p50_ms,0.3689
1785764118,171f39484,debug,plain-typing,keystroke_p50_ms,0.2989
1785764119,171f39484,debug,fold-toggle,monster_ms,1.7863
1785764131,171f39484,debug,diff-open,open_ms,8.5595
1785764131,171f39484,debug,diff-typing,p50_ms,0.4272
1785764131,171f39484,debug,diff-resize,frame_p50_ms,3.0338
1785764131,171f39484,debug,diff-resize,frame_worst_ms,3.4373
1785764164,171f39484,debug,monster-resize,sync_ms,2.8649
1785764164,171f39484,debug,monster-resize,repair_effect_ms,35.6181
1785764172,171f39484,debug,code-typing,p50_ms,0.5780
1785764172,171f39484,debug,code-typing,p95_ms,0.5905
1785764180,171f39484,debug,list-scroll,build_ms,6.5674
1785764180,171f39484,debug,list-scroll,frame_p50_ms,0.0352
1785764180,171f39484,debug,list-scroll,frame_p95_ms,0.0457
1785764180,171f39484,debug,tree-ops,toggle_ms,0.0757
1785764180,171f39484,debug,tree-ops,build_ms,351.6637
1785764210,171f39484,debug,search-landing,worst_ms,66.4549
1785764210,171f39484,debug,search-scroll,paint_p50_ms,0.3625
1785764210,171f39484,debug,search-scroll,paint_p95_ms,0.6647
1785766062,171f39484,debug,monster-scroll,paint_p50_ms,2.5323
1785766062,171f39484,debug,monster-scroll,paint_p95_ms,3.2343
1785766070,171f39484,debug,tree-demo,toggle_ms,0.3371
1785766104,171f39484,debug,styled-typing,p50_ms,2.4911
1785766104,171f39484,debug,styled-typing,p95_ms,2.9688
1785766133,171f39484,debug,monster-search-scroll,paint_p50_ms,0.0000
1785766133,171f39484,debug,monster-search-scroll,paint_max_ms,0.0000
1785766169,171f39484,debug,render-scroll,avg_ms,1.0546
1785766169,171f39484,debug,render-scroll,p50_ms,0.9840
1785766169,171f39484,debug,render-scroll,p95_ms,1.4526
1785766179,171f39484,debug,wall,open_ms,80.8925
1785766179,171f39484,debug,wall,typing_p50_ms,1.1162
1785766208,171f39484,debug,burst-typing,p50_ms,4.3777
1785766208,171f39484,debug,burst-typing,p95_ms,14.6309
1785766250,171f39484,debug,typing,monster_p50_ms,2.1965
1785766250,171f39484,debug,typing,scratch_p50_ms,0.6133
1785766256,171f39484,debug,documents-list,refresh_ms,13.8152
1785766256,171f39484,debug,documents-list,scroll_p50_ms,0.1034
1785766256,171f39484,debug,documents-list,paint_p50_ms,0.3459
1785766261,171f39484,debug,plain-typing,keystroke_p50_ms,0.3087
1785766263,171f39484,debug,fold-toggle,monster_ms,1.7642
1785766275,171f39484,debug,diff-open,open_ms,7.9845
1785766275,171f39484,debug,diff-typing,p50_ms,0.3638
1785766275,171f39484,debug,diff-resize,frame_p50_ms,2.7762
1785766275,171f39484,debug,diff-resize,frame_worst_ms,3.2662
1785766308,171f39484,debug,monster-resize,sync_ms,2.9197
1785766308,171f39484,debug,monster-resize,repair_effect_ms,34.6090
1785766316,171f39484,debug,code-typing,p50_ms,0.5780
1785766316,171f39484,debug,code-typing,p95_ms,0.5901
1785766324,171f39484,debug,list-scroll,build_ms,4.3053
1785766324,171f39484,debug,list-scroll,frame_p50_ms,0.0373
1785766324,171f39484,debug,list-scroll,frame_p95_ms,0.0693
1785766324,171f39484,debug,tree-ops,toggle_ms,0.0725
1785766324,171f39484,debug,tree-ops,build_ms,357.8382
1785766359,171f39484,debug,search-landing,worst_ms,125.6603
1785766359,171f39484,debug,search-scroll,paint_p50_ms,0.4309
1785766359,171f39484,debug,search-scroll,paint_p95_ms,1.1267
1785766406,171f39484,debug,search-landing,worst_ms,50.0346
1785854909,839aed5bf,debug,list-scroll,build_ms,3.9133
1785854909,839aed5bf,debug,list-scroll,frame_p50_ms,0.0329
1785854909,839aed5bf,debug,list-scroll,frame_p95_ms,0.0493
1785854909,839aed5bf,debug,tree-ops,toggle_ms,0.0776
1785854909,839aed5bf,debug,tree-ops,build_ms,343.1009
1785854963,839aed5bf,debug,list-scroll,build_ms,4.4937
1785854963,839aed5bf,debug,list-scroll,frame_p50_ms,0.0323
1785854963,839aed5bf,debug,list-scroll,frame_p95_ms,0.0453
1785854963,839aed5bf,debug,tree-ops,toggle_ms,0.0756
1785854963,839aed5bf,debug,tree-ops,build_ms,337.8407
1785855782,839aed5bf,debug,list-scroll,build_ms,4.2666
1785855782,839aed5bf,debug,list-scroll,frame_p50_ms,0.0323
1785855782,839aed5bf,debug,list-scroll,frame_p95_ms,0.0351
1785856439,839aed5bf,debug,list-scroll,build_ms,7.8832
1785856439,839aed5bf,debug,list-scroll,frame_p50_ms,0.0320
1785856439,839aed5bf,debug,list-scroll,frame_p95_ms,0.0351
1785856447,839aed5bf,debug,tree-ops,toggle_ms,75.8838
1785856447,839aed5bf,debug,tree-ops,build_ms,841.1396
1785856522,839aed5bf,debug,tree-ops,toggle_ms,75.2331
1785856522,839aed5bf,debug,tree-ops,build_ms,836.2974
1785856530,839aed5bf,debug,tree-ops,toggle_ms,75.4997
1785856530,839aed5bf,debug,tree-ops,build_ms,835.5987
1785856585,839aed5bf,debug,tree-ops,toggle_ms,0.0958
1785856585,839aed5bf,debug,tree-ops,build_ms,834.4890
1785856600,839aed5bf,debug,list-scroll,build_ms,4.0193
1785856600,839aed5bf,debug,list-scroll,frame_p50_ms,0.0321
1785856600,839aed5bf,debug,list-scroll,frame_p95_ms,0.0355
1785856601,839aed5bf,debug,tree-ops,toggle_ms,0.0936
1785856601,839aed5bf,debug,tree-ops,build_ms,836.8238
1785856685,839aed5bf,debug,list-scroll,build_ms,3.9435
1785856685,839aed5bf,debug,list-scroll,frame_p50_ms,0.0320
1785856685,839aed5bf,debug,list-scroll,frame_p95_ms,0.0343
1785856686,839aed5bf,debug,tree-ops,toggle_ms,0.0899
1785856686,839aed5bf,debug,tree-ops,build_ms,324.7032
1785856817,839aed5bf,debug,monster-search-scroll,paint_p50_ms,0.0000
1785856817,839aed5bf,debug,monster-search-scroll,paint_max_ms,0.0000
1785856821,839aed5bf,debug,tree-demo,toggle_ms,0.5854
1785856855,839aed5bf,debug,monster-scroll,paint_p50_ms,2.4413
1785856855,839aed5bf,debug,monster-scroll,paint_p95_ms,3.1502
1785856894,839aed5bf,debug,render-scroll,avg_ms,1.3005
1785856894,839aed5bf,debug,render-scroll,p50_ms,1.2217
1785856894,839aed5bf,debug,render-scroll,p95_ms,1.7838
1785856935,839aed5bf,debug,styled-typing,p50_ms,3.0256
1785856935,839aed5bf,debug,styled-typing,p95_ms,3.5805
1785856946,839aed5bf,debug,wall,open_ms,82.6122
1785856946,839aed5bf,debug,wall,typing_p50_ms,1.1470
1785856976,839aed5bf,debug,burst-typing,p50_ms,4.4802
1785856976,839aed5bf,debug,burst-typing,p95_ms,16.0625
1785857020,839aed5bf,debug,typing,monster_p50_ms,2.8068
1785857020,839aed5bf,debug,typing,scratch_p50_ms,0.7847
1785857159,839aed5bf,debug,tree-demo,toggle_ms,0.3885
1785857159,839aed5bf,debug,monster-scroll,paint_p50_ms,2.9023
1785857159,839aed5bf,debug,monster-scroll,paint_p95_ms,3.9912
1785857192,839aed5bf,debug,monster-search-scroll,paint_p50_ms,0.0000
1785857192,839aed5bf,debug,monster-search-scroll,paint_max_ms,0.0000
1785857234,839aed5bf,debug,render-scroll,avg_ms,1.1806
1785857234,839aed5bf,debug,render-scroll,p50_ms,1.0991
1785857234,839aed5bf,debug,render-scroll,p95_ms,1.6880
1785857276,839aed5bf,debug,styled-typing,p50_ms,2.8709
1785857276,839aed5bf,debug,styled-typing,p95_ms,3.9163
1785857288,839aed5bf,debug,wall,open_ms,80.5716
1785857288,839aed5bf,debug,wall,typing_p50_ms,1.2061
1785857319,839aed5bf,debug,burst-typing,p50_ms,4.3060
1785857319,839aed5bf,debug,burst-typing,p95_ms,16.9688
1785857363,839aed5bf,debug,typing,monster_p50_ms,2.5390
1785857363,839aed5bf,debug,typing,scratch_p50_ms,0.6299
1785857370,839aed5bf,debug,documents-list,refresh_ms,14.8868
1785857370,839aed5bf,debug,documents-list,scroll_p50_ms,0.1042
1785857370,839aed5bf,debug,documents-list,paint_p50_ms,0.3460
1785857377,839aed5bf,debug,plain-typing,keystroke_p50_ms,0.3005
1785857379,839aed5bf,debug,fold-toggle,monster_ms,1.7712
1785857392,839aed5bf,debug,diff-open,open_ms,8.8209
1785857392,839aed5bf,debug,diff-typing,p50_ms,0.4210
1785857392,839aed5bf,debug,diff-resize,frame_p50_ms,2.9563
1785857393,839aed5bf,debug,diff-resize,frame_worst_ms,3.1590
1785857430,839aed5bf,debug,monster-resize,sync_ms,2.9087
1785857430,839aed5bf,debug,monster-resize,repair_effect_ms,34.4084
1785857441,839aed5bf,debug,code-typing,p50_ms,0.6137
1785857441,839aed5bf,debug,code-typing,p95_ms,0.8325
1785857451,839aed5bf,debug,list-scroll,build_ms,10.5466
1785857451,839aed5bf,debug,list-scroll,frame_p50_ms,0.0365
1785857451,839aed5bf,debug,list-scroll,frame_p95_ms,0.0657
1785857451,839aed5bf,debug,tree-ops,toggle_ms,0.0899
1785857451,839aed5bf,debug,tree-ops,build_ms,334.3789
1785857495,839aed5bf,debug,search-landing,worst_ms,551.7702
1785857495,839aed5bf,debug,search-scroll,paint_p50_ms,1.7161
1785857495,839aed5bf,debug,search-scroll,paint_p95_ms,8.6426
1785857832,839aed5bf,debug,tree-demo,toggle_ms,0.3647
1785857841,839aed5bf,debug,styled-typing,p50_ms,2.7071
1785857841,839aed5bf,debug,styled-typing,p95_ms,6.9977
1785857876,839aed5bf,debug,render-scroll,avg_ms,1.0658
1785857876,839aed5bf,debug,render-scroll,p50_ms,0.9936
1785857876,839aed5bf,debug,render-scroll,p95_ms,1.4835
1785857907,839aed5bf,debug,monster-search-scroll,paint_p50_ms,0.0000
1785857907,839aed5bf,debug,monster-search-scroll,paint_max_ms,0.0000
1785857940,839aed5bf,debug,monster-scroll,paint_p50_ms,2.2604
1785857940,839aed5bf,debug,monster-scroll,paint_p95_ms,2.9428
1785857951,839aed5bf,debug,wall,open_ms,80.6012
1785857951,839aed5bf,debug,wall,typing_p50_ms,1.2342
1785857979,839aed5bf,debug,burst-typing,p50_ms,4.1287
1785857979,839aed5bf,debug,burst-typing,p95_ms,15.5031
1785858022,839aed5bf,debug,typing,monster_p50_ms,2.5916
1785858022,839aed5bf,debug,typing,scratch_p50_ms,0.7228
1785858029,839aed5bf,debug,documents-list,refresh_ms,16.2397
1785858029,839aed5bf,debug,documents-list,scroll_p50_ms,0.1078
1785858029,839aed5bf,debug,documents-list,paint_p50_ms,0.3649
1785858036,839aed5bf,debug,plain-typing,keystroke_p50_ms,0.3302
1785858038,839aed5bf,debug,fold-toggle,monster_ms,1.7962
1785858051,839aed5bf,debug,diff-open,open_ms,9.3440
1785858051,839aed5bf,debug,diff-typing,p50_ms,0.4402
1785858051,839aed5bf,debug,diff-resize,frame_p50_ms,2.8424
1785858051,839aed5bf,debug,diff-resize,frame_worst_ms,3.2420
1785858088,839aed5bf,debug,monster-resize,sync_ms,2.8857
1785858088,839aed5bf,debug,monster-resize,repair_effect_ms,34.7526
1785858099,839aed5bf,debug,code-typing,p50_ms,0.6207
1785858099,839aed5bf,debug,code-typing,p95_ms,0.7286
1785858110,839aed5bf,debug,list-scroll,build_ms,4.4023
1785858110,839aed5bf,debug,list-scroll,frame_p50_ms,0.0334
1785858110,839aed5bf,debug,list-scroll,frame_p95_ms,0.0460
1785858110,839aed5bf,debug,tree-ops,toggle_ms,0.0869
1785858110,839aed5bf,debug,tree-ops,build_ms,320.3431
1785858151,839aed5bf,debug,search-landing,worst_ms,64.0687
1785858151,839aed5bf,debug,search-scroll,paint_p50_ms,0.3803
1785858151,839aed5bf,debug,search-scroll,paint_p95_ms,0.6448
1785858290,839aed5bf,debug,tree-demo,toggle_ms,0.4673
1785858303,839aed5bf,debug,styled-typing,p50_ms,4.2947
1785858303,839aed5bf,debug,styled-typing,p95_ms,7.4230
1785858341,839aed5bf,debug,monster-scroll,paint_p50_ms,2.1334
1785858341,839aed5bf,debug,monster-scroll,paint_p95_ms,2.7446
1785858370,839aed5bf,debug,monster-search-scroll,paint_p50_ms,0.0000
1785858370,839aed5bf,debug,monster-search-scroll,paint_max_ms,0.0000
1785858405,839aed5bf,debug,render-scroll,avg_ms,1.0518
1785858405,839aed5bf,debug,render-scroll,p50_ms,0.9837
1785858405,839aed5bf,debug,render-scroll,p95_ms,1.4511
1785858416,839aed5bf,debug,wall,open_ms,79.2855
1785858416,839aed5bf,debug,wall,typing_p50_ms,1.0830
1785858438,839aed5bf,debug,burst-typing,p50_ms,4.1056
1785858438,839aed5bf,debug,burst-typing,p95_ms,15.4351
1785858474,839aed5bf,debug,typing,monster_p50_ms,2.3475
1785858474,839aed5bf,debug,typing,scratch_p50_ms,0.6956
1785858482,839aed5bf,debug,documents-list,refresh_ms,14.3485
1785858482,839aed5bf,debug,documents-list,scroll_p50_ms,0.1026
1785858482,839aed5bf,debug,documents-list,paint_p50_ms,0.3422
1785858488,839aed5bf,debug,plain-typing,keystroke_p50_ms,0.3118
1785858490,839aed5bf,debug,fold-toggle,monster_ms,1.7729
1785858507,839aed5bf,debug,diff-open,open_ms,8.0060
1785858507,839aed5bf,debug,diff-typing,p50_ms,0.3886
1785858507,839aed5bf,debug,diff-resize,frame_p50_ms,2.8655
1785858507,839aed5bf,debug,diff-resize,frame_worst_ms,3.2358
1785858548,839aed5bf,debug,monster-resize,sync_ms,2.8717
1785858548,839aed5bf,debug,monster-resize,repair_effect_ms,34.3927
1785858559,839aed5bf,debug,code-typing,p50_ms,0.5666
1785858559,839aed5bf,debug,code-typing,p95_ms,0.5797
1785858569,839aed5bf,debug,list-scroll,build_ms,4.8693
1785858569,839aed5bf,debug,list-scroll,frame_p50_ms,0.0325
1785858569,839aed5bf,debug,list-scroll,frame_p95_ms,0.0357
1785858569,839aed5bf,debug,tree-ops,toggle_ms,0.0864
1785858569,839aed5bf,debug,tree-ops,build_ms,310.2766
1785858610,839aed5bf,debug,search-landing,worst_ms,72.1100
1785858610,839aed5bf,debug,search-scroll,paint_p50_ms,0.3751
1785858610,839aed5bf,debug,search-scroll,paint_p95_ms,0.6430
1785866227,unknown,debug,code-typing,p50_ms,0.5982
1785866227,unknown,debug,code-typing,p95_ms,0.6520
1785866713,unknown,debug,monster-scroll,paint_p50_ms,2.4527
1785866713,unknown,debug,monster-scroll,paint_p95_ms,3.3001
1785866716,unknown,debug,tree-demo,toggle_ms,0.4060
1785866753,unknown,debug,styled-typing,p50_ms,2.6194
1785866753,unknown,debug,styled-typing,p95_ms,3.1678
1785866785,unknown,debug,monster-search-scroll,paint_p50_ms,0.0000
1785866785,unknown,debug,monster-search-scroll,paint_max_ms,0.0000
1785866822,unknown,debug,render-scroll,avg_ms,1.0937
1785866822,unknown,debug,render-scroll,p50_ms,1.0201
1785866822,unknown,debug,render-scroll,p95_ms,1.5368
1785866833,unknown,debug,wall,open_ms,81.0028
1785866833,unknown,debug,wall,typing_p50_ms,1.1878
1785866861,unknown,debug,burst-typing,p50_ms,5.0092
1785866861,unknown,debug,burst-typing,p95_ms,14.9536
1785866903,unknown,debug,typing,monster_p50_ms,2.5924
1785866903,unknown,debug,typing,scratch_p50_ms,0.6760
1785866904,unknown,debug,documents-list,refresh_ms,16.2264
1785866904,unknown,debug,documents-list,scroll_p50_ms,0.1025
1785866904,unknown,debug,documents-list,paint_p50_ms,0.3504
1785866908,unknown,debug,plain-typing,keystroke_p50_ms,0.2962
1785866909,unknown,debug,fold-toggle,monster_ms,1.7710
1785866917,unknown,debug,diff-open,open_ms,8.7887
1785866917,unknown,debug,diff-typing,p50_ms,0.3780
1785866917,unknown,debug,diff-resize,frame_p50_ms,2.9225
1785866917,unknown,debug,diff-resize,frame_worst_ms,3.3360
1785866942,unknown,debug,monster-resize,sync_ms,2.9100
1785866942,unknown,debug,monster-resize,repair_effect_ms,34.2087
1785866950,unknown,debug,code-typing,p50_ms,0.6035
1785866950,unknown,debug,code-typing,p95_ms,0.8951
1785866959,unknown,debug,list-scroll,build_ms,6.6055
1785866959,unknown,debug,list-scroll,frame_p50_ms,0.0340
1785866959,unknown,debug,list-scroll,frame_p95_ms,0.0648
1785866960,unknown,debug,tree-ops,toggle_ms,0.0965
1785866960,unknown,debug,tree-ops,build_ms,343.8717
1785866980,unknown,debug,search-landing,worst_ms,75.9308
1785866980,unknown,debug,search-scroll,paint_p50_ms,0.4121
1785866980,unknown,debug,search-scroll,paint_p95_ms,0.7989
1785867015,unknown,debug,search-landing,worst_ms,50.2935
1785868370,unknown,debug,code-typing,p50_ms,0.5729
1785868370,unknown,debug,code-typing,p95_ms,0.6995
1785868446,unknown,debug,tree-demo,toggle_ms,0.4284
1785868452,unknown,debug,styled-typing,p50_ms,2.9322
1785868452,unknown,debug,styled-typing,p95_ms,3.8435
1785868491,unknown,debug,monster-scroll,paint_p50_ms,2.2708
1785868491,unknown,debug,monster-scroll,paint_p95_ms,2.9300
1785868529,unknown,debug,render-scroll,avg_ms,1.1362
1785868529,unknown,debug,render-scroll,p50_ms,1.0615
1785868529,unknown,debug,render-scroll,p95_ms,1.6097
1785868559,unknown,debug,monster-search-scroll,paint_p50_ms,0.0000
1785868559,unknown,debug,monster-search-scroll,paint_max_ms,0.0000
1785868570,unknown,debug,wall,open_ms,81.8244
1785868570,unknown,debug,wall,typing_p50_ms,1.1453
1785868600,unknown,debug,burst-typing,p50_ms,4.4875
1785868600,unknown,debug,burst-typing,p95_ms,15.8156
1785868643,unknown,debug,typing,monster_p50_ms,2.6581
1785868643,unknown,debug,typing,scratch_p50_ms,0.6385
1785868644,unknown,debug,documents-list,refresh_ms,19.5978
1785868644,unknown,debug,documents-list,scroll_p50_ms,0.1012
1785868644,unknown,debug,documents-list,paint_p50_ms,0.3540
1785868647,unknown,debug,plain-typing,keystroke_p50_ms,0.3332
1785868649,unknown,debug,fold-toggle,monster_ms,1.8112
1785868660,unknown,debug,diff-open,open_ms,8.5760
1785868660,unknown,debug,diff-typing,p50_ms,0.4219
1785868660,unknown,debug,diff-resize,frame_p50_ms,3.1288
1785868660,unknown,debug,diff-resize,frame_worst_ms,3.2324
1785868699,unknown,debug,monster-resize,sync_ms,3.2368
1785868699,unknown,debug,monster-resize,repair_effect_ms,36.3018
1785868712,unknown,debug,code-typing,p50_ms,0.5924
1785868712,unknown,debug,code-typing,p95_ms,0.8370
1785868723,unknown,debug,list-scroll,build_ms,4.9742
1785868723,unknown,debug,list-scroll,frame_p50_ms,0.0330
1785868723,unknown,debug,list-scroll,frame_p95_ms,0.0355
1785868723,unknown,debug,tree-ops,toggle_ms,0.1058
1785868723,unknown,debug,tree-ops,build_ms,319.5954
1785868743,unknown,debug,search-landing,worst_ms,65.8270
1785868743,unknown,debug,search-scroll,paint_p50_ms,0.3859
1785868743,unknown,debug,search-scroll,paint_p95_ms,0.6316
1785871560,ee1360ef7,debug,tree-demo,toggle_ms,0.4273
1785871565,ee1360ef7,debug,styled-typing,p50_ms,2.9407
1785871565,ee1360ef7,debug,styled-typing,p95_ms,3.6881
1785871603,ee1360ef7,debug,monster-scroll,paint_p50_ms,2.2527
1785871603,ee1360ef7,debug,monster-scroll,paint_p95_ms,2.9288
1785871633,ee1360ef7,debug,monster-search-scroll,paint_p50_ms,0.0000
1785871633,ee1360ef7,debug,monster-search-scroll,paint_max_ms,0.0000
1785871671,35c37ae23,debug,render-scroll,avg_ms,1.1230
1785871671,35c37ae23,debug,render-scroll,p50_ms,1.0447
1785871671,35c37ae23,debug,render-scroll,p95_ms,1.5846
1785871682,35c37ae23,debug,wall,open_ms,82.0143
1785871682,35c37ae23,debug,wall,typing_p50_ms,1.1700
1785871711,35c37ae23,debug,burst-typing,p50_ms,4.5999
1785871711,35c37ae23,debug,burst-typing,p95_ms,16.4683
1785871754,35c37ae23,debug,typing,monster_p50_ms,2.7160
1785871754,35c37ae23,debug,typing,scratch_p50_ms,0.7235
1785871763,35c37ae23,debug,documents-list,refresh_ms,16.0410
1785871763,35c37ae23,debug,documents-list,scroll_p50_ms,0.1071
1785871763,35c37ae23,debug,documents-list,paint_p50_ms,0.3633
1785871770,35c37ae23,debug,plain-typing,keystroke_p50_ms,0.3005
1785871772,35c37ae23,debug,fold-toggle,monster_ms,1.7823
1785871832,35c37ae23,debug,diff-open,open_ms,8.8577
1785871832,35c37ae23,debug,diff-typing,p50_ms,0.4085
1785871832,35c37ae23,debug,diff-resize,frame_p50_ms,3.0586
1785871832,35c37ae23,debug,diff-resize,frame_worst_ms,3.2488
1785871986,35c37ae23,debug,monster-resize,sync_ms,2.9458
1785871986,35c37ae23,debug,monster-resize,repair_effect_ms,34.5840
1785872050,35c37ae23,debug,code-typing,p50_ms,0.5673
1785872050,35c37ae23,debug,code-typing,p95_ms,0.5910
1785872106,35c37ae23,debug,list-scroll,build_ms,7.6961
1785872106,35c37ae23,debug,list-scroll,frame_p50_ms,0.0350
1785872106,35c37ae23,debug,list-scroll,frame_p95_ms,0.0447
1785872106,35c37ae23,debug,tree-ops,toggle_ms,0.0873
1785872106,35c37ae23,debug,tree-ops,build_ms,320.2751
1785872145,35c37ae23,debug,search-landing,worst_ms,64.9620
1785872145,35c37ae23,debug,search-scroll,paint_p50_ms,0.3650
1785872145,35c37ae23,debug,search-scroll,paint_p95_ms,0.6130
1785872935,35c37ae23,debug,list-scroll,build_ms,3.9725
1785872935,35c37ae23,debug,list-scroll,frame_p50_ms,0.0323
1785872935,35c37ae23,debug,list-scroll,frame_p95_ms,0.0382
1785872936,35c37ae23,debug,tree-ops,toggle_ms,0.0882
1785872936,35c37ae23,debug,tree-ops,build_ms,318.9983
1785874124,35c37ae23,debug,tree-demo,toggle_ms,0.6133
1785874194,35c37ae23,debug,monster-scroll,paint_p50_ms,5.5661
1785874194,35c37ae23,debug,monster-scroll,paint_p95_ms,34.5502
1785874229,35c37ae23,debug,monster-search-scroll,paint_p50_ms,0.0000
1785874229,35c37ae23,debug,monster-search-scroll,paint_max_ms,0.0000
1785874271,35c37ae23,debug,render-scroll,avg_ms,1.1462
1785874271,35c37ae23,debug,render-scroll,p50_ms,1.0665
1785874271,35c37ae23,debug,render-scroll,p95_ms,1.6053
1785874328,35c37ae23,debug,styled-typing,p50_ms,6.9109
1785874328,35c37ae23,debug,styled-typing,p95_ms,24.4125
1785874350,35c37ae23,debug,wall,open_ms,108.6073
1785874350,35c37ae23,debug,wall,typing_p50_ms,1.7842
1785874401,35c37ae23,debug,monster-search-scroll,paint_p50_ms,0.0000
1785874401,35c37ae23,debug,monster-search-scroll,paint_max_ms,0.0000
1785874407,35c37ae23,debug,burst-typing,p50_ms,9.2503
1785874407,35c37ae23,debug,burst-typing,p95_ms,30.9170
1785874426,35c37ae23,debug,tree-demo,toggle_ms,0.5168
1785874476,35c37ae23,debug,typing,monster_p50_ms,2.9248
1785874476,35c37ae23,debug,typing,scratch_p50_ms,0.8359
1785874478,35c37ae23,debug,styled-typing,p50_ms,2.7415
1785874478,35c37ae23,debug,styled-typing,p95_ms,4.3005
1785874483,35c37ae23,debug,documents-list,refresh_ms,14.5412
1785874483,35c37ae23,debug,documents-list,scroll_p50_ms,0.1121
1785874483,35c37ae23,debug,documents-list,paint_p50_ms,0.3660
1785874489,35c37ae23,debug,plain-typing,keystroke_p50_ms,0.3040
1785874491,35c37ae23,debug,fold-toggle,monster_ms,1.8118
1785874512,35c37ae23,debug,monster-scroll,paint_p50_ms,2.2595
1785874512,35c37ae23,debug,monster-scroll,paint_p95_ms,2.9475
1785874545,35c37ae23,debug,diff-open,open_ms,8.9942
1785874545,35c37ae23,debug,diff-typing,p50_ms,0.4367
1785874545,35c37ae23,debug,diff-resize,frame_p50_ms,3.2830
1785874545,35c37ae23,debug,diff-resize,frame_worst_ms,3.5547
1785874549,35c37ae23,debug,render-scroll,avg_ms,1.1341
1785874549,35c37ae23,debug,render-scroll,p50_ms,1.0618
1785874549,35c37ae23,debug,render-scroll,p95_ms,1.5827
1785874562,35c37ae23,debug,wall,open_ms,82.5439
1785874562,35c37ae23,debug,wall,typing_p50_ms,1.1508
1785874591,35c37ae23,debug,burst-typing,p50_ms,4.3958
1785874591,35c37ae23,debug,burst-typing,p95_ms,15.9796
1785874635,35c37ae23,debug,typing,monster_p50_ms,2.4051
1785874635,35c37ae23,debug,typing,scratch_p50_ms,0.6019
1785874639,35c37ae23,debug,documents-list,refresh_ms,19.7716
1785874639,35c37ae23,debug,documents-list,scroll_p50_ms,0.1046
1785874639,35c37ae23,debug,documents-list,paint_p50_ms,0.3595
1785874646,35c37ae23,debug,plain-typing,keystroke_p50_ms,0.3057
1785874648,35c37ae23,debug,fold-toggle,monster_ms,1.8262
1785874691,35c37ae23,debug,diff-open,open_ms,10.9401
1785874691,35c37ae23,debug,diff-typing,p50_ms,0.9455
1785874691,35c37ae23,debug,diff-resize,frame_p50_ms,3.1613
1785874691,35c37ae23,debug,diff-resize,frame_worst_ms,4.8139
1785874698,35c37ae23,debug,monster-resize,sync_ms,3.0446
1785874698,35c37ae23,debug,monster-resize,repair_effect_ms,36.4104
1785874781,35c37ae23,debug,code-typing,p50_ms,0.5775
1785874781,35c37ae23,debug,code-typing,p95_ms,0.6580
1785874798,35c37ae23,debug,monster-resize,sync_ms,3.2093
1785874798,35c37ae23,debug,monster-resize,repair_effect_ms,36.2300
1785874823,35c37ae23,debug,list-scroll,build_ms,4.0853
1785874823,35c37ae23,debug,list-scroll,frame_p50_ms,0.0323
1785874823,35c37ae23,debug,list-scroll,frame_p95_ms,0.0347
1785874824,35c37ae23,debug,tree-ops,toggle_ms,0.0924
1785874824,35c37ae23,debug,tree-ops,build_ms,321.0501
1785874862,35c37ae23,debug,code-typing,p50_ms,0.9737
1785874862,35c37ae23,debug,code-typing,p95_ms,1.5340
1785874903,35c37ae23,debug,list-scroll,build_ms,4.2208
1785874903,35c37ae23,debug,list-scroll,frame_p50_ms,0.0333
1785874903,35c37ae23,debug,list-scroll,frame_p95_ms,0.1033
1785874904,35c37ae23,debug,tree-ops,toggle_ms,0.3250
1785874904,35c37ae23,debug,tree-ops,build_ms,1960.6473
1785874974,35c37ae23,debug,list-scroll,build_ms,5.1186
1785874974,35c37ae23,debug,list-scroll,frame_p50_ms,0.0361
1785874974,35c37ae23,debug,list-scroll,frame_p95_ms,0.0415
1785874976,35c37ae23,debug,tree-ops,toggle_ms,0.3617
1785874976,35c37ae23,debug,tree-ops,build_ms,1340.7877
1785874981,35c37ae23,debug,search-landing,worst_ms,253.8367
1785874981,35c37ae23,debug,search-scroll,paint_p50_ms,1.0760
1785874981,35c37ae23,debug,search-scroll,paint_p95_ms,11.8927
1785875000,35c37ae23,debug,tree-demo,toggle_ms,0.4197
1785875004,35c37ae23,debug,styled-typing,p50_ms,3.2702
1785875004,35c37ae23,debug,styled-typing,p95_ms,4.2870
1785875007,35c37ae23,debug,search-landing,worst_ms,97.7416
1785875007,35c37ae23,debug,search-scroll,paint_p50_ms,0.4641
1785875007,35c37ae23,debug,search-scroll,paint_p95_ms,1.2119
1785875042,35c37ae23,debug,monster-scroll,paint_p50_ms,2.2997
1785875042,35c37ae23,debug,monster-scroll,paint_p95_ms,2.9742
1785875073,35c37ae23,debug,monster-search-scroll,paint_p50_ms,0.0000
1785875073,35c37ae23,debug,monster-search-scroll,paint_max_ms,0.0000
1785875111,35c37ae23,debug,render-scroll,avg_ms,1.1118
1785875111,35c37ae23,debug,render-scroll,p50_ms,1.0382
1785875111,35c37ae23,debug,render-scroll,p95_ms,1.5553
1785875122,35c37ae23,debug,wall,open_ms,80.9045
1785875122,35c37ae23,debug,wall,typing_p50_ms,1.1127
1785875150,35c37ae23,debug,burst-typing,p50_ms,4.2737
1785875150,35c37ae23,debug,burst-typing,p95_ms,15.8668
1785875192,35c37ae23,debug,typing,monster_p50_ms,2.3671
1785875192,35c37ae23,debug,typing,scratch_p50_ms,0.5528
1785875201,35c37ae23,debug,documents-list,refresh_ms,14.2840
1785875201,35c37ae23,debug,documents-list,scroll_p50_ms,0.1068
1785875201,35c37ae23,debug,documents-list,paint_p50_ms,0.3470
1785875208,35c37ae23,debug,plain-typing,keystroke_p50_ms,0.3144
1785875210,35c37ae23,debug,fold-toggle,monster_ms,1.8773
1785875286,35c37ae23,debug,diff-open,open_ms,8.0943
1785875286,35c37ae23,debug,diff-typing,p50_ms,0.4187
1785875286,35c37ae23,debug,diff-resize,frame_p50_ms,3.0079
1785875286,35c37ae23,debug,diff-resize,frame_worst_ms,3.5261
1785875447,a01d366c0,debug,monster-resize,sync_ms,3.0610
1785875447,a01d366c0,debug,monster-resize,repair_effect_ms,36.9588
1785875522,a01d366c0,debug,code-typing,p50_ms,0.5685
1785875522,a01d366c0,debug,code-typing,p95_ms,0.5867
1785875559,a01d366c0,debug,plain-typing,keystroke_p50_ms,0.3227
1785875561,a01d366c0,debug,fold-toggle,monster_ms,1.8882
1785875570,a01d366c0,debug,list-scroll,build_ms,4.0010
1785875570,a01d366c0,debug,list-scroll,frame_p50_ms,0.0325
1785875570,a01d366c0,debug,list-scroll,frame_p95_ms,0.0357
1785875570,a01d366c0,debug,tree-ops,toggle_ms,0.0917
1785875570,a01d366c0,debug,tree-ops,build_ms,322.5711
1785875595,a01d366c0,debug,search-landing,worst_ms,62.1619
1785875596,a01d366c0,debug,search-scroll,paint_p50_ms,0.3652
1785875596,a01d366c0,debug,search-scroll,paint_p95_ms,0.6315
1785875670,a01d366c0,debug,plain-typing,keystroke_p50_ms,0.3042
1785875671,a01d366c0,debug,fold-toggle,monster_ms,1.8722
1785875676,a01d366c0,debug,diff-open,open_ms,7.8892
1785875676,a01d366c0,debug,diff-typing,p50_ms,0.4016
1785875677,a01d366c0,debug,diff-resize,frame_p50_ms,2.9112
1785875677,a01d366c0,debug,diff-resize,frame_worst_ms,3.2075
1785875884,a01d366c0,debug,tree-demo,toggle_ms,0.4408
1785875898,a01d366c0,debug,styled-typing,p50_ms,4.0278
1785875898,a01d366c0,debug,styled-typing,p95_ms,8.3953
1785875936,a01d366c0,debug,render-scroll,avg_ms,1.0588
1785875936,a01d366c0,debug,render-scroll,p50_ms,0.9899
1785875936,a01d366c0,debug,render-scroll,p95_ms,1.4546
1785875965,a01d366c0,debug,monster-search-scroll,paint_p50_ms,0.0000
1785875965,a01d366c0,debug,monster-search-scroll,paint_max_ms,0.0000
1785875999,a01d366c0,debug,monster-scroll,paint_p50_ms,2.1313
1785875999,a01d366c0,debug,monster-scroll,paint_p95_ms,2.7543
1785876010,a01d366c0,debug,wall,open_ms,99.7292
1785876010,a01d366c0,debug,wall,typing_p50_ms,1.2772
1785876039,a01d366c0,debug,burst-typing,p50_ms,4.3010
1785876039,a01d366c0,debug,burst-typing,p95_ms,15.1671
1785876285,a01d366c0,debug,typing,monster_p50_ms,2.5252
1785876285,a01d366c0,debug,typing,scratch_p50_ms,0.5893
1785876296,a01d366c0,debug,documents-list,refresh_ms,13.8600
1785876296,a01d366c0,debug,documents-list,scroll_p50_ms,0.1015
1785876296,a01d366c0,debug,documents-list,paint_p50_ms,0.3420
1785876305,a01d366c0,debug,plain-typing,keystroke_p50_ms,0.2926
1785876307,a01d366c0,debug,fold-toggle,monster_ms,1.7855
1785876687,a01d366c0,debug,diff-open,open_ms,8.0994
1785876687,a01d366c0,debug,diff-typing,p50_ms,0.3628
1785876687,a01d366c0,debug,diff-resize,frame_p50_ms,2.8015
1785876687,a01d366c0,debug,diff-resize,frame_worst_ms,3.2587
1785878748,1566324a3,debug,monster-resize,sync_ms,2.8695
1785878748,1566324a3,debug,monster-resize,repair_effect_ms,34.6896
1785878837,1566324a3,debug,code-typing,p50_ms,0.5975
1785878837,1566324a3,debug,code-typing,p95_ms,0.6258
1785878910,1566324a3,debug,list-scroll,build_ms,7.7387
1785878910,1566324a3,debug,list-scroll,frame_p50_ms,0.0355
1785878910,1566324a3,debug,list-scroll,frame_p95_ms,0.0521
1785878910,1566324a3,debug,tree-ops,toggle_ms,0.0852
1785878910,1566324a3,debug,tree-ops,build_ms,327.6432
1785878956,1566324a3,debug,search-landing,worst_ms,63.9255
1785878956,1566324a3,debug,search-scroll,paint_p50_ms,0.3857
1785878956,1566324a3,debug,search-scroll,paint_p95_ms,0.6173
1785878972,1566324a3,debug,plain-typing,keystroke_p50_ms,0.3043
1785878974,1566324a3,debug,fold-toggle,monster_ms,1.7590
1785878984,1566324a3,debug,diff-open,open_ms,8.2653
1785878984,1566324a3,debug,diff-typing,p50_ms,0.3905
1785878985,1566324a3,debug,diff-resize,frame_p50_ms,3.0318
1785878985,1566324a3,debug,diff-resize,frame_worst_ms,3.3345
1785879149,1566324a3,debug,plain-typing,keystroke_p50_ms,0.3068
1785879151,1566324a3,debug,fold-toggle,monster_ms,1.8493
1785879157,1566324a3,debug,diff-open,open_ms,8.1624
1785879157,1566324a3,debug,diff-typing,p50_ms,0.3869
1785879157,1566324a3,debug,diff-resize,frame_p50_ms,2.9818
1785879157,1566324a3,debug,diff-resize,frame_worst_ms,3.1729
1785879290,1566324a3,debug,tree-demo,toggle_ms,0.4000
1785879296,1566324a3,debug,styled-typing,p50_ms,2.8561
1785879296,1566324a3,debug,styled-typing,p95_ms,3.4913
1785879333,1566324a3,debug,monster-scroll,paint_p50_ms,2.1500
1785879333,1566324a3,debug,monster-scroll,paint_p95_ms,2.7930
1785879363,1566324a3,debug,monster-search-scroll,paint_p50_ms,0.0000
1785879363,1566324a3,debug,monster-search-scroll,paint_max_ms,0.0000
1785879399,8701b04ab,debug,render-scroll,avg_ms,1.0744
1785879399,8701b04ab,debug,render-scroll,p50_ms,1.0012
1785879399,8701b04ab,debug,render-scroll,p95_ms,1.4895
1785879410,8701b04ab,debug,wall,open_ms,80.7915
1785879410,8701b04ab,debug,wall,typing_p50_ms,1.1921
1785879438,8701b04ab,debug,burst-typing,p50_ms,4.1878
1785879438,8701b04ab,debug,burst-typing,p95_ms,16.7082
1785879475,8701b04ab,debug,typing,monster_p50_ms,2.6227
1785879475,8701b04ab,debug,typing,scratch_p50_ms,0.6544
1785879485,8701b04ab,debug,documents-list,refresh_ms,13.7454
1785879485,8701b04ab,debug,documents-list,scroll_p50_ms,0.0979
1785879485,8701b04ab,debug,documents-list,paint_p50_ms,0.3420
1785879495,8701b04ab,debug,list-scroll,build_ms,4.0430
1785879495,8701b04ab,debug,list-scroll,frame_p50_ms,0.0321
1785879495,8701b04ab,debug,list-scroll,frame_p95_ms,0.0347
1785879495,8701b04ab,debug,tree-ops,toggle_ms,0.0923
1785879495,8701b04ab,debug,tree-ops,build_ms,319.1750
1785879495,8701b04ab,debug,plain-typing,keystroke_p50_ms,0.3036
1785879497,8701b04ab,debug,fold-toggle,monster_ms,1.8898
1785879601,8701b04ab,debug,diff-open,open_ms,20.5279
1785879601,8701b04ab,debug,diff-typing,p50_ms,0.7280
1785879602,8701b04ab,debug,diff-resize,frame_p50_ms,5.5927
1785879602,8701b04ab,debug,diff-resize,frame_worst_ms,10.8597
1785879684,44bf44cc9,debug,monster-search-scroll,paint_p50_ms,0.0000
1785879684,44bf44cc9,debug,monster-search-scroll,paint_max_ms,0.0000
1785879688,44bf44cc9,debug,tree-demo,toggle_ms,0.5621
1785879726,44bf44cc9,debug,render-scroll,avg_ms,1.1068
1785879726,44bf44cc9,debug,render-scroll,p50_ms,1.0349
1785879726,44bf44cc9,debug,render-scroll,p95_ms,1.5330
1785879767,44bf44cc9,debug,styled-typing,p50_ms,2.4849
1785879767,44bf44cc9,debug,styled-typing,p95_ms,2.8472
1785879800,44bf44cc9,debug,monster-scroll,paint_p50_ms,2.2092
1785879800,44bf44cc9,debug,monster-scroll,paint_p95_ms,2.8381
1785879804,44bf44cc9,debug,monster-resize,sync_ms,2.9716
1785879804,44bf44cc9,debug,monster-resize,repair_effect_ms,35.0218
1785879811,44bf44cc9,debug,wall,open_ms,81.2545
1785879811,44bf44cc9,debug,wall,typing_p50_ms,1.0839
1785879840,44bf44cc9,debug,burst-typing,p50_ms,4.1494
1785879840,44bf44cc9,debug,burst-typing,p95_ms,16.1856
1785879882,44bf44cc9,debug,typing,monster_p50_ms,2.1284
1785879882,44bf44cc9,debug,typing,scratch_p50_ms,0.5188
1785879884,44bf44cc9,debug,code-typing,p50_ms,0.5829
1785879884,44bf44cc9,debug,code-typing,p95_ms,0.5953
1785879896,44bf44cc9,debug,documents-list,refresh_ms,14.6933
1785879896,44bf44cc9,debug,documents-list,scroll_p50_ms,0.1091
1785879896,44bf44cc9,debug,documents-list,paint_p50_ms,0.3589
1785879909,44bf44cc9,debug,plain-typing,keystroke_p50_ms,0.3014
1785879910,44bf44cc9,debug,fold-toggle,monster_ms,1.8310
1785879980,44bf44cc9,debug,list-scroll,build_ms,4.1124
1785879980,44bf44cc9,debug,list-scroll,frame_p50_ms,0.0328
1785879980,44bf44cc9,debug,list-scroll,frame_p95_ms,0.0352
1785879980,44bf44cc9,debug,tree-ops,toggle_ms,0.0893
1785879980,44bf44cc9,debug,tree-ops,build_ms,310.8787
1785880008,44bf44cc9,debug,diff-open,open_ms,7.9306
1785880008,44bf44cc9,debug,diff-typing,p50_ms,0.3506
1785880008,44bf44cc9,debug,diff-resize,frame_p50_ms,2.8314
1785880008,44bf44cc9,debug,diff-resize,frame_worst_ms,3.0349
1785880026,44bf44cc9,debug,search-landing,worst_ms,77.2769
1785880026,44bf44cc9,debug,search-scroll,paint_p50_ms,0.4142
1785880026,44bf44cc9,debug,search-scroll,paint_p95_ms,0.7390
1785880115,44bf44cc9,debug,monster-resize,sync_ms,3.0345
1785880115,44bf44cc9,debug,monster-resize,repair_effect_ms,34.7815
1785880148,44bf44cc9,debug,search-landing,worst_ms,50.8498
1785880153,44bf44cc9,debug,code-typing,p50_ms,0.5967
1785880153,44bf44cc9,debug,code-typing,p95_ms,0.7080
1785880181,44bf44cc9,debug,list-scroll,build_ms,3.9800
1785880181,44bf44cc9,debug,list-scroll,frame_p50_ms,0.0325
1785880181,44bf44cc9,debug,list-scroll,frame_p95_ms,0.0352
1785880181,44bf44cc9,debug,tree-ops,toggle_ms,0.0873
1785880181,44bf44cc9,debug,tree-ops,build_ms,312.8620
1785880203,44bf44cc9,debug,search-landing,worst_ms,60.2020
1785880203,44bf44cc9,debug,search-scroll,paint_p50_ms,0.3434
1785880203,44bf44cc9,debug,search-scroll,paint_p95_ms,0.5531
1786021075,44bf44cc9,debug,monster-search-scroll,paint_p50_ms,0.0000
1786021075,44bf44cc9,debug,monster-search-scroll,paint_max_ms,0.0000
1786021088,44bf44cc9,debug,tree-demo,toggle_ms,0.5119
1786021120,44bf44cc9,debug,styled-typing,p50_ms,2.8749
1786021120,44bf44cc9,debug,styled-typing,p95_ms,4.3375
1786021160,44bf44cc9,debug,render-scroll,avg_ms,1.1224
1786021160,44bf44cc9,debug,render-scroll,p50_ms,1.0472
1786021160,44bf44cc9,debug,render-scroll,p95_ms,1.5715
1786021197,44bf44cc9,debug,monster-scroll,paint_p50_ms,2.3586
1786021197,44bf44cc9,debug,monster-scroll,paint_p95_ms,3.1597
1786021210,44bf44cc9,debug,wall,open_ms,81.3334
1786021210,44bf44cc9,debug,wall,typing_p50_ms,1.0713
1786021238,44bf44cc9,debug,burst-typing,p50_ms,4.7637
1786021238,44bf44cc9,debug,burst-typing,p95_ms,8.3736
1786021283,44bf44cc9,debug,typing,monster_p50_ms,2.9917
1786021283,44bf44cc9,debug,typing,scratch_p50_ms,0.6342
1786021293,44bf44cc9,debug,documents-list,refresh_ms,15.2022
1786021293,44bf44cc9,debug,documents-list,scroll_p50_ms,0.1030
1786021293,44bf44cc9,debug,documents-list,paint_p50_ms,0.3478
1786021303,44bf44cc9,debug,plain-typing,keystroke_p50_ms,0.2918
1786021304,44bf44cc9,debug,fold-toggle,monster_ms,1.7755
1786021424,44bf44cc9,debug,monster-search-scroll,paint_p50_ms,0.0000
1786021424,44bf44cc9,debug,monster-search-scroll,paint_max_ms,0.0000
1786021432,44bf44cc9,debug,tree-demo,toggle_ms,0.4554
1786021464,44bf44cc9,debug,render-scroll,avg_ms,1.0878
1786021464,44bf44cc9,debug,render-scroll,p50_ms,1.0030
1786021464,44bf44cc9,debug,render-scroll,p95_ms,1.5354
1786021495,44bf44cc9,debug,monster-scroll,paint_p50_ms,2.2196
1786021495,44bf44cc9,debug,monster-scroll,paint_p95_ms,2.9236
1786021543,44bf44cc9,debug,styled-typing,p50_ms,2.9421
1786021543,44bf44cc9,debug,styled-typing,p95_ms,5.2407
1786021558,44bf44cc9,debug,wall,open_ms,81.8657
1786021558,44bf44cc9,debug,wall,typing_p50_ms,1.1795
1786021591,44bf44cc9,debug,burst-typing,p50_ms,5.5912
1786021591,44bf44cc9,debug,burst-typing,p95_ms,18.2593
1786021643,44bf44cc9,debug,typing,monster_p50_ms,2.9194
1786021643,44bf44cc9,debug,typing,scratch_p50_ms,0.6964
1786021655,44bf44cc9,debug,documents-list,refresh_ms,19.9051
1786021655,44bf44cc9,debug,documents-list,scroll_p50_ms,0.1056
1786021655,44bf44cc9,debug,documents-list,paint_p50_ms,0.3593
1786021666,44bf44cc9,debug,plain-typing,keystroke_p50_ms,0.3082
1786021668,44bf44cc9,debug,fold-toggle,monster_ms,1.8302
1786021752,44bf44cc9,debug,diff-open,open_ms,8.6490
1786021752,44bf44cc9,debug,diff-typing,p50_ms,0.3495
1786021752,44bf44cc9,debug,diff-resize,frame_p50_ms,3.0355
1786021752,44bf44cc9,debug,diff-resize,frame_worst_ms,3.3916
1786022032,44bf44cc9,debug,monster-resize,sync_ms,2.8668
1786022032,44bf44cc9,debug,monster-resize,repair_effect_ms,35.9721
1786022172,44bf44cc9,debug,code-typing,p50_ms,0.6096
1786022172,44bf44cc9,debug,code-typing,p95_ms,1.4654
1786022251,44bf44cc9,debug,list-scroll,build_ms,3.9147
1786022251,44bf44cc9,debug,list-scroll,frame_p50_ms,0.0330
1786022251,44bf44cc9,debug,list-scroll,frame_p95_ms,0.0359
1786022252,44bf44cc9,debug,tree-ops,toggle_ms,0.0936
1786022252,44bf44cc9,debug,tree-ops,build_ms,324.0812
1786022328,44bf44cc9,debug,search-landing,worst_ms,66.8598
1786022328,44bf44cc9,debug,search-scroll,paint_p50_ms,0.4230
1786022328,44bf44cc9,debug,search-scroll,paint_p95_ms,0.6521
1786025908,ec8a94257,debug,tree-demo,toggle_ms,0.3955
1786025931,ec8a94257,debug,monster-scroll,paint_p50_ms,2.2671
1786025931,ec8a94257,debug,monster-scroll,paint_p95_ms,2.9435
1786025961,ec8a94257,debug,monster-search-scroll,paint_p50_ms,0.0000
1786025961,ec8a94257,debug,monster-search-scroll,paint_max_ms,0.0000
1786026001,ec8a94257,debug,render-scroll,avg_ms,2.6312
1786026001,ec8a94257,debug,render-scroll,p50_ms,1.6352
1786026001,ec8a94257,debug,render-scroll,p95_ms,6.6372
1786026048,ec8a94257,debug,styled-typing,p50_ms,2.4158
1786026048,ec8a94257,debug,styled-typing,p95_ms,2.8151
1786026059,ec8a94257,debug,wall,open_ms,84.3007
1786026059,ec8a94257,debug,wall,typing_p50_ms,1.2134
1786026086,ec8a94257,debug,burst-typing,p50_ms,4.4255
1786026086,ec8a94257,debug,burst-typing,p95_ms,8.0903
1786026135,ec8a94257,debug,typing,monster_p50_ms,2.5214
1786026135,ec8a94257,debug,typing,scratch_p50_ms,0.6065
1786026160,ec8a94257,debug,documents-list,refresh_ms,16.3862
1786026160,ec8a94257,debug,documents-list,scroll_p50_ms,0.1042
1786026160,ec8a94257,debug,documents-list,paint_p50_ms,0.3456
1786026183,ec8a94257,debug,plain-typing,keystroke_p50_ms,0.2913
1786026185,ec8a94257,debug,fold-toggle,monster_ms,1.8048
1786026283,ec8a94257,debug,diff-open,open_ms,34.4898
1786026283,ec8a94257,debug,diff-typing,p50_ms,0.3668
1786026283,ec8a94257,debug,diff-resize,frame_p50_ms,2.8225
1786026283,ec8a94257,debug,diff-resize,frame_worst_ms,3.2025
1786026894,ec8a94257,debug,tree-demo,toggle_ms,0.6133
1786026932,ec8a94257,debug,monster-scroll,paint_p50_ms,4.4176
1786026932,ec8a94257,debug,monster-scroll,paint_p95_ms,26.4643
1786026980,ec8a94257,debug,render-scroll,avg_ms,1.1098
1786026980,ec8a94257,debug,render-scroll,p50_ms,1.0354
1786026980,ec8a94257,debug,render-scroll,p95_ms,1.5560
1786027020,ec8a94257,debug,styled-typing,p50_ms,2.6340
1786027020,ec8a94257,debug,styled-typing,p95_ms,3.2414
1786027050,ec8a94257,debug,monster-search-scroll,paint_p50_ms,0.0000
1786027050,ec8a94257,debug,monster-search-scroll,paint_max_ms,0.0000
1786027064,ec8a94257,debug,wall,open_ms,83.8386
1786027064,ec8a94257,debug,wall,typing_p50_ms,1.3164
1786027095,ec8a94257,debug,burst-typing,p50_ms,6.1722
1786027095,ec8a94257,debug,burst-typing,p95_ms,12.3153
1786027157,ec8a94257,debug,typing,monster_p50_ms,2.6460
1786027157,ec8a94257,debug,typing,scratch_p50_ms,0.5805
1786027172,ec8a94257,debug,documents-list,refresh_ms,16.0861
1786027172,ec8a94257,debug,documents-list,scroll_p50_ms,0.1083
1786027172,ec8a94257,debug,documents-list,paint_p50_ms,0.3570
1786027184,ec8a94257,debug,plain-typing,keystroke_p50_ms,0.3049
1786027185,ec8a94257,debug,fold-toggle,monster_ms,1.8058
1786027293,ec8a94257,debug,diff-open,open_ms,33.9908
1786027293,ec8a94257,debug,diff-typing,p50_ms,0.9889
1786027294,ec8a94257,debug,diff-resize,frame_p50_ms,12.4442
1786027294,ec8a94257,debug,diff-resize,frame_worst_ms,13.0249
1786027366,ec8a94257,debug,tree-demo,toggle_ms,0.3584
1786027371,ec8a94257,debug,styled-typing,p50_ms,3.0136
1786027371,ec8a94257,debug,styled-typing,p95_ms,3.8757
1786027407,ec8a94257,debug,monster-scroll,paint_p50_ms,2.2588
1786027407,ec8a94257,debug,monster-scroll,paint_p95_ms,2.9409
1786027439,ec8a94257,debug,monster-search-scroll,paint_p50_ms,0.0000
1786027439,ec8a94257,debug,monster-search-scroll,paint_max_ms,0.0000
1786027476,ec8a94257,debug,render-scroll,avg_ms,1.1080
1786027476,ec8a94257,debug,render-scroll,p50_ms,1.0346
1786027476,ec8a94257,debug,render-scroll,p95_ms,1.5650
1786027487,ec8a94257,debug,wall,open_ms,81.0925
1786027487,ec8a94257,debug,wall,typing_p50_ms,1.0966
1786027516,ec8a94257,debug,burst-typing,p50_ms,4.6875
1786027516,ec8a94257,debug,burst-typing,p95_ms,8.2847
1786027560,ec8a94257,debug,typing,monster_p50_ms,2.8631
1786027560,ec8a94257,debug,typing,scratch_p50_ms,0.6371
1786027571,ec8a94257,debug,documents-list,refresh_ms,19.1199
1786027571,ec8a94257,debug,documents-list,scroll_p50_ms,0.1053
1786027571,ec8a94257,debug,documents-list,paint_p50_ms,0.3631
1786027576,ec8a94257,debug,plain-typing,keystroke_p50_ms,0.2965
1786027578,ec8a94257,debug,fold-toggle,monster_ms,1.7865
1786027644,ec8a94257,debug,diff-open,open_ms,35.0118
1786027644,ec8a94257,debug,diff-typing,p50_ms,1.0673
1786027644,ec8a94257,debug,diff-resize,frame_p50_ms,13.0565
1786027644,ec8a94257,debug,diff-resize,frame_worst_ms,13.2220
1786027662,ec8a94257,debug,diff-open,open_ms,61.7963
1786027662,ec8a94257,debug,diff-typing,p50_ms,1.0315
1786027663,ec8a94257,debug,diff-resize,frame_p50_ms,19.0207
1786027663,ec8a94257,debug,diff-resize,frame_worst_ms,133.9465
1786027710,ec8a94257,debug,diff-open,open_ms,46.8186
1786027710,ec8a94257,debug,diff-typing,p50_ms,0.9962
1786027711,ec8a94257,debug,diff-resize,frame_p50_ms,12.7428
1786027711,ec8a94257,debug,diff-resize,frame_worst_ms,13.9535
1786028195,ec8a94257,debug,diff-open,open_ms,46.6492
1786028195,ec8a94257,debug,diff-typing,p50_ms,0.9780
1786028196,ec8a94257,debug,diff-resize,frame_p50_ms,12.9060
1786028196,ec8a94257,debug,diff-resize,frame_worst_ms,13.1643
1786028210,ec8a94257,debug,diff-open,open_ms,45.9095
1786028210,ec8a94257,debug,diff-typing,p50_ms,0.8932
1786028211,ec8a94257,debug,diff-resize,frame_p50_ms,13.0352
1786028211,ec8a94257,debug,diff-resize,frame_worst_ms,14.2109
1786028412,ec8a94257,debug,tree-demo,toggle_ms,0.3806
1786028414,ec8a94257,debug,styled-typing,p50_ms,2.8579
1786028414,ec8a94257,debug,styled-typing,p95_ms,3.7157
1786028493,ec8a94257,debug,tree-demo,toggle_ms,0.3602
1786028499,ec8a94257,debug,styled-typing,p50_ms,2.7755
1786028499,ec8a94257,debug,styled-typing,p95_ms,3.5054
1786028536,ec8a94257,debug,monster-scroll,paint_p50_ms,2.3026
1786028536,ec8a94257,debug,monster-scroll,paint_p95_ms,3.0294
1786028566,ec8a94257,debug,monster-search-scroll,paint_p50_ms,0.0000
1786028566,ec8a94257,debug,monster-search-scroll,paint_max_ms,0.0000
1786028603,ec8a94257,debug,render-scroll,avg_ms,1.0880
1786028603,ec8a94257,debug,render-scroll,p50_ms,1.0148
1786028603,ec8a94257,debug,render-scroll,p95_ms,1.5283
1786028614,ec8a94257,debug,wall,open_ms,80.0623
1786028614,ec8a94257,debug,wall,typing_p50_ms,1.1334
1786028642,ec8a94257,debug,burst-typing,p50_ms,4.6246
1786028642,ec8a94257,debug,burst-typing,p95_ms,8.7171
1786028686,ec8a94257,debug,typing,monster_p50_ms,3.8443
1786028686,ec8a94257,debug,typing,scratch_p50_ms,0.8503
1786028714,ec8a94257,debug,documents-list,refresh_ms,16.6210
1786028714,ec8a94257,debug,documents-list,scroll_p50_ms,0.1071
1786028714,ec8a94257,debug,documents-list,paint_p50_ms,0.3599
1786028725,ec8a94257,debug,plain-typing,keystroke_p50_ms,0.2973
1786028726,ec8a94257,debug,fold-toggle,monster_ms,1.8007
1786028821,ec8a94257,debug,diff-open,open_ms,34.2651
1786028821,ec8a94257,debug,diff-typing,p50_ms,0.9802
1786028822,ec8a94257,debug,diff-resize,frame_p50_ms,12.6433
1786028822,ec8a94257,debug,diff-resize,frame_worst_ms,13.1346
1786029069,ec8a94257,debug,monster-resize,sync_ms,2.9028
1786029069,ec8a94257,debug,monster-resize,repair_effect_ms,34.8405
1786029199,ec8a94257,debug,code-typing,p50_ms,0.5775
1786029199,ec8a94257,debug,code-typing,p95_ms,0.6021
1786029299,ec8a94257,debug,list-scroll,build_ms,4.8874
1786029299,ec8a94257,debug,list-scroll,frame_p50_ms,0.0367
1786029299,ec8a94257,debug,list-scroll,frame_p95_ms,0.0640
1786029299,ec8a94257,debug,tree-ops,toggle_ms,0.0916
1786029299,ec8a94257,debug,tree-ops,build_ms,361.2896
1786029348,ec8a94257,debug,search-landing,worst_ms,64.9782
1786029348,ec8a94257,debug,search-scroll,paint_p50_ms,0.3700
1786029348,ec8a94257,debug,search-scroll,paint_p95_ms,0.6528
1786029520,ec8a94257,debug,tree-demo,toggle_ms,0.4034
1786029531,ec8a94257,debug,styled-typing,p50_ms,2.9362
1786029531,ec8a94257,debug,styled-typing,p95_ms,3.7858
1786029564,ec8a94257,debug,monster-scroll,paint_p50_ms,2.3372
1786029564,ec8a94257,debug,monster-scroll,paint_p95_ms,3.0765
1786029601,ec8a94257,debug,render-scroll,avg_ms,1.1395
1786029601,ec8a94257,debug,render-scroll,p50_ms,1.0662
1786029601,ec8a94257,debug,render-scroll,p95_ms,1.6121
1786029694,ec8a94257,debug,monster-scroll,paint_p50_ms,3.3896
1786029694,ec8a94257,debug,monster-scroll,paint_p95_ms,4.4910
1786029702,ec8a94257,debug,tree-demo,toggle_ms,0.6996
1786029723,ec8a94257,debug,monster-search-scroll,paint_p50_ms,0.0000
1786029723,ec8a94257,debug,monster-search-scroll,paint_max_ms,0.0000
1786029765,ec8a94257,debug,styled-typing,p50_ms,3.0548
1786029765,ec8a94257,debug,styled-typing,p95_ms,3.6096
1786029798,ec8a94257,debug,render-scroll,avg_ms,1.2898
1786029798,ec8a94257,debug,render-scroll,p50_ms,1.2197
1786029798,ec8a94257,debug,render-scroll,p95_ms,1.7572
1786029811,ec8a94257,debug,wall,open_ms,81.9909
1786029811,ec8a94257,debug,wall,typing_p50_ms,1.1313
1786029840,ec8a94257,debug,burst-typing,p50_ms,4.8497
1786029840,ec8a94257,debug,burst-typing,p95_ms,8.4531
1786029884,ec8a94257,debug,typing,monster_p50_ms,3.2194
1786029884,ec8a94257,debug,typing,scratch_p50_ms,0.7593
1786029948,ec8a94257,debug,tree-demo,toggle_ms,0.5500
1786029954,ec8a94257,debug,styled-typing,p50_ms,3.2901
1786029954,ec8a94257,debug,styled-typing,p95_ms,4.1476
1786029993,ec8a94257,debug,monster-scroll,paint_p50_ms,2.4375
1786029993,ec8a94257,debug,monster-scroll,paint_p95_ms,3.1525
1786030024,ec8a94257,debug,monster-search-scroll,paint_p50_ms,0.0000
1786030024,ec8a94257,debug,monster-search-scroll,paint_max_ms,0.0000
1786030063,ec8a94257,debug,render-scroll,avg_ms,1.2976
1786030063,ec8a94257,debug,render-scroll,p50_ms,1.2154
1786030063,ec8a94257,debug,render-scroll,p95_ms,1.7777
1786030074,ec8a94257,debug,wall,open_ms,82.4185
1786030074,ec8a94257,debug,wall,typing_p50_ms,1.2530
1786030103,ec8a94257,debug,burst-typing,p50_ms,4.9795
1786030103,ec8a94257,debug,burst-typing,p95_ms,8.5657
1786030147,ec8a94257,debug,typing,monster_p50_ms,3.3238
1786030147,ec8a94257,debug,typing,scratch_p50_ms,0.7814
1786030189,ec8a94257,debug,plain-typing,keystroke_p50_ms,0.3175
1786030191,ec8a94257,debug,fold-toggle,monster_ms,1.9000
1786030198,ec8a94257,debug,diff-open,open_ms,35.2988
1786030198,ec8a94257,debug,diff-typing,p50_ms,1.2363
1786030199,ec8a94257,debug,diff-resize,frame_p50_ms,13.4647
1786030199,ec8a94257,debug,diff-resize,frame_worst_ms,13.7459
1786042446,ec8a94257,debug,plain-typing,keystroke_p50_ms,0.3118
1786042448,ec8a94257,debug,fold-toggle,monster_ms,1.8662
1786045327,b697d6896,debug,tree-demo,toggle_ms,0.3530
1786045333,b697d6896,debug,styled-typing,p50_ms,2.9795
1786045333,b697d6896,debug,styled-typing,p95_ms,4.0846
1786045375,b697d6896,debug,render-scroll,avg_ms,1.0648
1786045375,b697d6896,debug,render-scroll,p50_ms,0.9926
1786045375,b697d6896,debug,render-scroll,p95_ms,1.4799
1786045407,b697d6896,debug,monster-scroll,paint_p50_ms,2.1331
1786045407,b697d6896,debug,monster-scroll,paint_p95_ms,2.7788
1786046346,b697d6896,debug,monster-search-scroll,paint_p50_ms,0.0000
1786046346,b697d6896,debug,monster-search-scroll,paint_max_ms,0.0000
1786046357,b697d6896,debug,wall,open_ms,78.9960
1786046357,b697d6896,debug,wall,typing_p50_ms,1.0459
1786046379,b697d6896,debug,burst-typing,p50_ms,4.5080
1786046379,b697d6896,debug,burst-typing,p95_ms,8.0839
1786047359,b697d6896,debug,typing,monster_p50_ms,2.5129
1786047359,b697d6896,debug,typing,scratch_p50_ms,0.6525
1786047366,b697d6896,debug,documents-list,refresh_ms,14.3077
1786047366,b697d6896,debug,documents-list,scroll_p50_ms,0.1032
1786047366,b697d6896,debug,documents-list,paint_p50_ms,0.3421
1786047374,b697d6896,debug,plain-typing,keystroke_p50_ms,0.2918
1786047376,b697d6896,debug,fold-toggle,monster_ms,1.8447
1786049026,b697d6896,debug,diff-open,open_ms,34.9748
1786049026,b697d6896,debug,diff-typing,p50_ms,1.2884
1786049027,b697d6896,debug,diff-resize,frame_p50_ms,13.6972
1786049027,b697d6896,debug,diff-resize,frame_worst_ms,17.6888
1786049307,b697d6896,debug,monster-resize,sync_ms,2.9167
1786049307,b697d6896,debug,monster-resize,repair_effect_ms,36.4798
1786049418,b697d6896,debug,code-typing,p50_ms,1.1332
1786049418,b697d6896,debug,code-typing,p95_ms,1.1609
1786049521,b697d6896,debug,list-scroll,build_ms,7.2520
1786049521,b697d6896,debug,list-scroll,frame_p50_ms,0.0353
1786049521,b697d6896,debug,list-scroll,frame_p95_ms,0.0505
1786049522,b697d6896,debug,tree-ops,toggle_ms,0.0858
1786049522,b697d6896,debug,tree-ops,build_ms,321.6106
1786049571,b697d6896,debug,search-landing,worst_ms,73.3465
1786049571,b697d6896,debug,search-scroll,paint_p50_ms,0.4080
1786049571,b697d6896,debug,search-scroll,paint_p95_ms,0.7813
1786107679,7b61ee588,debug,tree-demo,toggle_ms,0.4348
1786107684,7b61ee588,debug,styled-typing,p50_ms,3.0441
1786107684,7b61ee588,debug,styled-typing,p95_ms,4.3208
1786107719,7b61ee588,debug,monster-scroll,paint_p50_ms,2.2744
1786107719,7b61ee588,debug,monster-scroll,paint_p95_ms,2.9332
1786107756,7b61ee588,debug,render-scroll,avg_ms,1.1358
1786107756,7b61ee588,debug,render-scroll,p50_ms,1.0602
1786107756,7b61ee588,debug,render-scroll,p95_ms,1.5911
1786107788,7b61ee588,debug,monster-search-scroll,paint_p50_ms,0.0000
1786107788,7b61ee588,debug,monster-search-scroll,paint_max_ms,0.0000
1786107799,7b61ee588,debug,wall,open_ms,81.1302
1786107799,7b61ee588,debug,wall,typing_p50_ms,1.1575
1786107827,7b61ee588,debug,burst-typing,p50_ms,4.7342
1786107827,7b61ee588,debug,burst-typing,p95_ms,8.4679
1786107870,7b61ee588,debug,typing,monster_p50_ms,3.1725
1786107870,7b61ee588,debug,typing,scratch_p50_ms,0.7844
1786107882,7b61ee588,debug,documents-list,refresh_ms,15.6158
1786107882,7b61ee588,debug,documents-list,scroll_p50_ms,0.1042
1786107882,7b61ee588,debug,documents-list,paint_p50_ms,0.3545
1786107892,7b61ee588,debug,plain-typing,keystroke_p50_ms,0.3075
1786107894,7b61ee588,debug,fold-toggle,monster_ms,1.8483
1786107991,7b61ee588,debug,diff-open,open_ms,34.4563
1786107991,7b61ee588,debug,diff-typing,p50_ms,1.0466
1786107991,7b61ee588,debug,diff-resize,frame_p50_ms,12.8150
1786107991,7b61ee588,debug,diff-resize,frame_worst_ms,13.0715
1786108246,7b61ee588,debug,monster-resize,sync_ms,2.9359
1786108246,7b61ee588,debug,monster-resize,repair_effect_ms,35.8233
1786108352,7b61ee588,debug,code-typing,p50_ms,1.1596
1786108352,7b61ee588,debug,code-typing,p95_ms,1.3959
1786123058,f05d9588c,debug,tree-demo,toggle_ms,0.4645
1786123084,f05d9588c,debug,styled-typing,p50_ms,2.7288
1786123084,f05d9588c,debug,styled-typing,p95_ms,3.2443
1786123122,f05d9588c,debug,render-scroll,avg_ms,1.1710
1786123122,f05d9588c,debug,render-scroll,p50_ms,1.0990
1786123122,f05d9588c,debug,render-scroll,p95_ms,1.6281
1786123158,f05d9588c,debug,monster-scroll,paint_p50_ms,2.3022
1786123158,f05d9588c,debug,monster-scroll,paint_p95_ms,2.9262
1786123190,f05d9588c,debug,monster-search-scroll,paint_p50_ms,0.0000
1786123190,f05d9588c,debug,monster-search-scroll,paint_max_ms,0.0000
1786123201,f05d9588c,debug,wall,open_ms,82.2954
1786123201,f05d9588c,debug,wall,typing_p50_ms,1.2290
1786123230,f05d9588c,debug,burst-typing,p50_ms,4.9230
1786123230,f05d9588c,debug,burst-typing,p95_ms,9.0763
1786123282,f05d9588c,debug,typing,monster_p50_ms,2.8867
1786123282,f05d9588c,debug,typing,scratch_p50_ms,0.6362
1786123292,f05d9588c,debug,documents-list,refresh_ms,15.6935
1786123292,f05d9588c,debug,documents-list,scroll_p50_ms,0.1106
1786123292,f05d9588c,debug,documents-list,paint_p50_ms,0.3635
1786123303,f05d9588c,debug,plain-typing,keystroke_p50_ms,0.3054
1786123305,f05d9588c,debug,fold-toggle,monster_ms,1.8738
1786123414,f05d9588c,debug,diff-open,open_ms,33.8534
1786123414,f05d9588c,debug,diff-typing,p50_ms,1.0297
1786123415,f05d9588c,debug,diff-resize,frame_p50_ms,12.3753
1786123415,f05d9588c,debug,diff-resize,frame_worst_ms,12.6718
1786123707,f05d9588c,debug,monster-resize,sync_ms,2.9180
1786123707,f05d9588c,debug,monster-resize,repair_effect_ms,35.0795
1786123813,f05d9588c,debug,code-typing,p50_ms,1.1536
1786123813,f05d9588c,debug,code-typing,p95_ms,1.2294
1786123922,f05d9588c,debug,list-scroll,build_ms,7.6307
1786123922,f05d9588c,debug,list-scroll,frame_p50_ms,0.0347
1786123922,f05d9588c,debug,list-scroll,frame_p95_ms,0.0445
1786123922,f05d9588c,debug,tree-ops,toggle_ms,0.0883
1786123922,f05d9588c,debug,tree-ops,build_ms,324.7764
1786123989,f05d9588c,debug,search-landing,worst_ms,68.0838
1786123989,f05d9588c,debug,search-scroll,paint_p50_ms,0.3890
1786123989,f05d9588c,debug,search-scroll,paint_p95_ms,0.6993
1786125968,f05d9588c,debug,diff-open,open_ms,35.2064
1786125969,f05d9588c,debug,diff-typing,p50_ms,1.1465
1786125969,f05d9588c,debug,diff-resize,frame_p50_ms,13.2947
1786125969,f05d9588c,debug,diff-resize,frame_worst_ms,13.4601
1786126014,f05d9588c,debug,list-scroll,build_ms,8.9024
1786126014,f05d9588c,debug,list-scroll,frame_p50_ms,0.0415
1786126014,f05d9588c,debug,list-scroll,frame_p95_ms,0.1078
1786126014,f05d9588c,debug,tree-ops,toggle_ms,0.1147
1786126014,f05d9588c,debug,tree-ops,build_ms,657.6671
1786126185,f05d9588c,debug,styled-typing,p50_ms,3.1360
1786126185,f05d9588c,debug,styled-typing,p95_ms,4.2660
1786126185,f05d9588c,debug,tree-demo,toggle_ms,0.3983
1786126218,f05d9588c,debug,monster-search-scroll,paint_p50_ms,0.0000
1786126218,f05d9588c,debug,monster-search-scroll,paint_max_ms,0.0000
1786126252,f05d9588c,debug,monster-scroll,paint_p50_ms,2.2942
1786126252,f05d9588c,debug,monster-scroll,paint_p95_ms,3.0220
1786126288,f05d9588c,debug,render-scroll,avg_ms,1.0761
1786126288,f05d9588c,debug,render-scroll,p50_ms,1.0010
1786126288,f05d9588c,debug,render-scroll,p95_ms,1.5043
1786126299,f05d9588c,debug,wall,open_ms,80.5613
1786126299,f05d9588c,debug,wall,typing_p50_ms,1.1524
1786126326,f05d9588c,debug,burst-typing,p50_ms,4.5578
1786126326,f05d9588c,debug,burst-typing,p95_ms,8.3000
1786126375,f05d9588c,debug,typing,monster_p50_ms,4.3356
1786126375,f05d9588c,debug,typing,scratch_p50_ms,1.0001
1786126411,f05d9588c,debug,documents-list,refresh_ms,14.2826
1786126411,f05d9588c,debug,documents-list,scroll_p50_ms,0.1044
1786126411,f05d9588c,debug,documents-list,paint_p50_ms,0.3546
1786126419,f05d9588c,debug,plain-typing,keystroke_p50_ms,0.3217
1786126421,f05d9588c,debug,fold-toggle,monster_ms,2.3678
1786126556,f05d9588c,debug,diff-open,open_ms,34.2940
1786126556,f05d9588c,debug,diff-typing,p50_ms,0.9782
1786126556,f05d9588c,debug,diff-resize,frame_p50_ms,12.2619
1786126556,f05d9588c,debug,diff-resize,frame_worst_ms,12.4551
1786126827,f05d9588c,debug,monster-resize,sync_ms,3.1832
1786126827,f05d9588c,debug,monster-resize,repair_effect_ms,37.6048
1786126933,f05d9588c,debug,code-typing,p50_ms,1.1385
1786126933,f05d9588c,debug,code-typing,p95_ms,1.1808
1786127040,f05d9588c,debug,list-scroll,build_ms,4.1400
1786127040,f05d9588c,debug,list-scroll,frame_p50_ms,0.0321
1786127040,f05d9588c,debug,list-scroll,frame_p95_ms,0.0346
1786127040,f05d9588c,debug,tree-ops,toggle_ms,0.0904
1786127040,f05d9588c,debug,tree-ops,build_ms,316.6600
1786127092,f05d9588c,debug,search-landing,worst_ms,68.9691
1786127092,f05d9588c,debug,search-scroll,paint_p50_ms,0.3783
1786127092,f05d9588c,debug,search-scroll,paint_p95_ms,0.7021
1786127167,f05d9588c,debug,plain-typing,keystroke_p50_ms,0.2944
1786127169,f05d9588c,debug,fold-toggle,monster_ms,1.9212
1786127177,f05d9588c,debug,diff-open,open_ms,34.6716
1786127177,f05d9588c,debug,diff-typing,p50_ms,1.0810
1786127177,f05d9588c,debug,diff-resize,frame_p50_ms,12.8699
1786127177,f05d9588c,debug,diff-resize,frame_worst_ms,12.9964
1786128477,6064c68f7,debug,tree-demo,toggle_ms,0.4275
1786128477,6064c68f7,debug,styled-typing,p50_ms,9.7108
1786128477,6064c68f7,debug,styled-typing,p95_ms,30.8751
1786130051,6064c68f7,debug,monster-scroll,paint_p50_ms,2.2962
1786130051,6064c68f7,debug,monster-scroll,paint_p95_ms,3.1402
1786130075,6064c68f7,debug,monster-search-scroll,paint_p50_ms,0.0000
1786130075,6064c68f7,debug,monster-search-scroll,paint_max_ms,0.0000
1786130110,6064c68f7,debug,render-scroll,avg_ms,1.0743
1786130110,6064c68f7,debug,render-scroll,p50_ms,1.0037
1786130110,6064c68f7,debug,render-scroll,p95_ms,1.5048
1786130121,6064c68f7,debug,wall,open_ms,79.0202
1786130121,6064c68f7,debug,wall,typing_p50_ms,1.0435
1786130487,6064c68f7,debug,plain-typing,keystroke_p50_ms,0.2992
1786130489,6064c68f7,debug,fold-toggle,monster_ms,1.8613
1786130497,6064c68f7,debug,diff-open,open_ms,34.3573
1786130497,6064c68f7,debug,diff-typing,p50_ms,1.0928
1786130497,6064c68f7,debug,diff-resize,frame_p50_ms,12.8345
1786130497,6064c68f7,debug,diff-resize,frame_worst_ms,13.1190
1786183561,861494d49,debug,plain-typing,keystroke_p50_ms,0.3204
1786183563,861494d49,debug,fold-toggle,monster_ms,1.8072
1786183647,861494d49,debug,plain-typing,keystroke_p50_ms,0.3107
1786183649,861494d49,debug,fold-toggle,monster_ms,1.8955
1786183675,861494d49,debug,plain-typing,keystroke_p50_ms,0.2955
1786183677,861494d49,debug,fold-toggle,monster_ms,1.7394
1786183839,861494d49,debug,tree-demo,toggle_ms,0.3784
1786183846,861494d49,debug,styled-typing,p50_ms,2.6043
1786183846,861494d49,debug,styled-typing,p95_ms,4.3449
1786183876,861494d49,debug,monster-scroll,paint_p50_ms,2.2105
1786183876,861494d49,debug,monster-scroll,paint_p95_ms,2.8596
1786183917,861494d49,debug,monster-search-scroll,paint_p50_ms,0.0000
1786183917,861494d49,debug,monster-search-scroll,paint_max_ms,0.0000
1786183955,861494d49,debug,render-scroll,avg_ms,1.0657
1786183955,861494d49,debug,render-scroll,p50_ms,0.9943
1786183955,861494d49,debug,render-scroll,p95_ms,1.4751
1786183966,861494d49,debug,wall,open_ms,80.2293
1786183966,861494d49,debug,wall,typing_p50_ms,1.0422
1786183994,861494d49,debug,burst-typing,p50_ms,4.5079
1786183994,861494d49,debug,burst-typing,p95_ms,7.9945
1786184036,861494d49,debug,typing,monster_p50_ms,2.7284
1786184036,861494d49,debug,typing,scratch_p50_ms,0.6438
1786184056,861494d49,debug,documents-list,refresh_ms,13.8785
1786184056,861494d49,debug,documents-list,scroll_p50_ms,0.1043
1786184056,861494d49,debug,documents-list,paint_p50_ms,0.3490
1786184069,861494d49,debug,plain-typing,keystroke_p50_ms,0.3051
1786184071,861494d49,debug,fold-toggle,monster_ms,1.7865
1786184220,861494d49,debug,diff-open,open_ms,34.4470
1786184220,861494d49,debug,diff-typing,p50_ms,1.0445
1786184221,861494d49,debug,diff-resize,frame_p50_ms,13.0318
1786184221,861494d49,debug,diff-resize,frame_worst_ms,13.4990
1786184573,861494d49,debug,monster-resize,sync_ms,18.6953
1786184573,861494d49,debug,monster-resize,repair_effect_ms,75.3097
1786184774,861494d49,debug,code-typing,p50_ms,1.1766
1786184774,861494d49,debug,code-typing,p95_ms,1.3470
1786184833,861494d49,debug,plain-typing,keystroke_p50_ms,0.3037
1786184835,861494d49,debug,fold-toggle,monster_ms,2.0400
1786187273,861494d49,debug,plain-typing,keystroke_p50_ms,0.2941
1786187275,861494d49,debug,fold-toggle,monster_ms,1.8148
1786187951,861494d49,debug,plain-typing,keystroke_p50_ms,0.2995
1786187952,861494d49,debug,fold-toggle,monster_ms,1.9833
1786188823,ee14ab5af,debug,plain-typing,keystroke_p50_ms,0.3123
1786188827,ee14ab5af,debug,fold-toggle,monster_ms,1.8597
1786188840,ee14ab5af,debug,plain-typing,keystroke_p50_ms,0.3215
1786188842,ee14ab5af,debug,fold-toggle,monster_ms,1.8717
1786189069,ee14ab5af,debug,plain-typing,keystroke_p50_ms,0.2993
1786189070,ee14ab5af,debug,fold-toggle,monster_ms,1.8197
1786189077,ee14ab5af,debug,plain-typing,keystroke_p50_ms,0.2938
1786189079,ee14ab5af,debug,fold-toggle,monster_ms,1.8159
1786189208,ee14ab5af,debug,plain-typing,keystroke_p50_ms,0.2946
1786189210,ee14ab5af,debug,fold-toggle,monster_ms,1.7381
1786189216,ee14ab5af,debug,plain-typing,keystroke_p50_ms,0.2955
1786189218,ee14ab5af,debug,fold-toggle,monster_ms,1.7366
1786189278,ee14ab5af,debug,plain-typing,keystroke_p50_ms,0.2970
1786189280,ee14ab5af,debug,fold-toggle,monster_ms,2.0001
1786189287,ee14ab5af,debug,plain-typing,keystroke_p50_ms,0.3027
1786189288,ee14ab5af,debug,fold-toggle,monster_ms,1.9335
1786189346,ee14ab5af,debug,plain-typing,keystroke_p50_ms,0.3144
1786189347,ee14ab5af,debug,fold-toggle,monster_ms,1.7409
1786189389,ee14ab5af,debug,plain-typing,keystroke_p50_ms,0.2940
1786189391,ee14ab5af,debug,fold-toggle,monster_ms,1.7692
1786189436,ee14ab5af,debug,plain-typing,keystroke_p50_ms,0.3147
1786189437,ee14ab5af,debug,fold-toggle,monster_ms,1.8394
1786189498,ee14ab5af,debug,diff-open,open_ms,34.9628
1786189498,ee14ab5af,debug,diff-typing,p50_ms,1.1185
1786189499,ee14ab5af,debug,diff-resize,frame_p50_ms,13.2608
1786189499,ee14ab5af,debug,diff-resize,frame_worst_ms,52.1970
1786189572,ee14ab5af,debug,plain-typing,keystroke_p50_ms,0.2929
1786189574,ee14ab5af,debug,fold-toggle,monster_ms,1.8610
1786189583,ee14ab5af,debug,diff-open,open_ms,34.7316
1786189583,ee14ab5af,debug,diff-typing,p50_ms,1.1140
1786189584,ee14ab5af,debug,diff-resize,frame_p50_ms,12.8994
1786189584,ee14ab5af,debug,diff-resize,frame_worst_ms,13.2480
1786190065,ee14ab5af,debug,plain-typing,keystroke_p50_ms,0.3020
1786190067,ee14ab5af,debug,fold-toggle,monster_ms,1.7905
1786190076,ee14ab5af,debug,diff-open,open_ms,34.4587
1786190076,ee14ab5af,debug,diff-typing,p50_ms,1.2136
1786190076,ee14ab5af,debug,diff-resize,frame_p50_ms,12.8480
1786190076,ee14ab5af,debug,diff-resize,frame_worst_ms,13.2320
1786190307,ee14ab5af,debug,tree-demo,toggle_ms,0.4856
1786190328,ee14ab5af,debug,monster-scroll,paint_p50_ms,2.3964
1786190328,ee14ab5af,debug,monster-scroll,paint_p95_ms,3.0757
1786190359,ee14ab5af,debug,monster-search-scroll,paint_p50_ms,0.0000
1786190359,ee14ab5af,debug,monster-search-scroll,paint_max_ms,0.0000
1786190395,ee14ab5af,debug,render-scroll,avg_ms,1.0962
1786190395,ee14ab5af,debug,render-scroll,p50_ms,1.0204
1786190395,ee14ab5af,debug,render-scroll,p95_ms,1.5395
1786190435,ee14ab5af,debug,styled-typing,p50_ms,2.5955
1786190435,ee14ab5af,debug,styled-typing,p95_ms,3.1487
1786190447,ee14ab5af,debug,wall,open_ms,80.4343
1786190447,ee14ab5af,debug,wall,typing_p50_ms,1.0899
1786190475,ee14ab5af,debug,burst-typing,p50_ms,4.8933
1786190475,ee14ab5af,debug,burst-typing,p95_ms,10.1232
1786190544,ee14ab5af,debug,typing,monster_p50_ms,2.5885
1786190544,ee14ab5af,debug,typing,scratch_p50_ms,0.6905
1786190564,ee14ab5af,debug,documents-list,refresh_ms,16.4672
1786190564,ee14ab5af,debug,documents-list,scroll_p50_ms,0.1029
1786190564,ee14ab5af,debug,documents-list,paint_p50_ms,0.3517
1786190577,ee14ab5af,debug,plain-typing,keystroke_p50_ms,0.3049
1786190578,ee14ab5af,debug,fold-toggle,monster_ms,1.7911
1786190701,f4def2a3e,debug,diff-open,open_ms,34.2569
1786190701,f4def2a3e,debug,diff-typing,p50_ms,1.1103
1786190702,f4def2a3e,debug,diff-resize,frame_p50_ms,12.5640
1786190702,f4def2a3e,debug,diff-resize,frame_worst_ms,12.9919
1786191151,f4def2a3e,debug,monster-search-scroll,paint_p50_ms,0.0000
1786191151,f4def2a3e,debug,monster-search-scroll,paint_max_ms,0.0000
1786191156,f4def2a3e,debug,tree-demo,toggle_ms,0.4113
1786191186,f4def2a3e,debug,monster-scroll,paint_p50_ms,2.2799
1786191186,f4def2a3e,debug,monster-scroll,paint_p95_ms,2.9665
1786191227,f4def2a3e,debug,styled-typing,p50_ms,2.4779
1786191227,f4def2a3e,debug,styled-typing,p95_ms,3.0074
1786191258,6e00c3c1f,debug,render-scroll,avg_ms,1.0803
1786191258,6e00c3c1f,debug,render-scroll,p50_ms,1.0092
1786191258,6e00c3c1f,debug,render-scroll,p95_ms,1.5186
1786191271,6e00c3c1f,debug,wall,open_ms,78.9025
1786191271,6e00c3c1f,debug,wall,typing_p50_ms,1.0469
1786191292,6e00c3c1f,debug,burst-typing,p50_ms,4.5845
1786191292,6e00c3c1f,debug,burst-typing,p95_ms,8.2691
1786191334,6e00c3c1f,debug,typing,monster_p50_ms,2.5545
1786191334,6e00c3c1f,debug,typing,scratch_p50_ms,0.5258
1786191357,6e00c3c1f,debug,documents-list,refresh_ms,15.2155
1786191357,6e00c3c1f,debug,documents-list,scroll_p50_ms,0.1017
1786191357,6e00c3c1f,debug,documents-list,paint_p50_ms,0.3362
1786191373,6e00c3c1f,debug,plain-typing,keystroke_p50_ms,0.3013
1786191375,6e00c3c1f,debug,fold-toggle,monster_ms,1.7700
1786191508,6e00c3c1f,debug,diff-open,open_ms,34.0309
1786191508,6e00c3c1f,debug,diff-typing,p50_ms,0.9650
1786191509,6e00c3c1f,debug,diff-resize,frame_p50_ms,12.5915
1786191509,6e00c3c1f,debug,diff-resize,frame_worst_ms,12.8091
1786192012,6e00c3c1f,debug,tree-demo,toggle_ms,0.3822
1786192018,6e00c3c1f,debug,styled-typing,p50_ms,3.9327
1786192018,6e00c3c1f,debug,styled-typing,p95_ms,6.5594
1786192065,6e00c3c1f,debug,monster-scroll,paint_p50_ms,3.3353
1786192065,6e00c3c1f,debug,monster-scroll,paint_p95_ms,4.9451
1786192108,6e00c3c1f,debug,monster-search-scroll,paint_p50_ms,0.0000
1786192108,6e00c3c1f,debug,monster-search-scroll,paint_max_ms,0.0000
1786192143,6e00c3c1f,debug,render-scroll,avg_ms,1.1293
1786192143,6e00c3c1f,debug,render-scroll,p50_ms,1.0520
1786192143,6e00c3c1f,debug,render-scroll,p95_ms,1.5715
1786192154,6e00c3c1f,debug,wall,open_ms,81.2991
1786192154,6e00c3c1f,debug,wall,typing_p50_ms,1.1886
1786192182,6e00c3c1f,debug,burst-typing,p50_ms,4.6882
1786192182,6e00c3c1f,debug,burst-typing,p95_ms,8.4301
1786192226,6e00c3c1f,debug,typing,monster_p50_ms,2.9153
1786192226,6e00c3c1f,debug,typing,scratch_p50_ms,0.6277
1786192242,6e00c3c1f,debug,documents-list,refresh_ms,14.9868
1786192242,6e00c3c1f,debug,documents-list,scroll_p50_ms,0.1128
1786192242,6e00c3c1f,debug,documents-list,paint_p50_ms,0.3613
1786192250,6e00c3c1f,debug,plain-typing,keystroke_p50_ms,0.3157
1786192252,6e00c3c1f,debug,fold-toggle,monster_ms,1.9565
1786192388,6e00c3c1f,debug,diff-open,open_ms,34.5540
1786192388,6e00c3c1f,debug,diff-typing,p50_ms,1.0594
1786192389,6e00c3c1f,debug,diff-resize,frame_p50_ms,12.9415
1786192389,6e00c3c1f,debug,diff-resize,frame_worst_ms,13.3342
1786192916,6e00c3c1f,debug,monster-resize,sync_ms,2.9461
1786192916,6e00c3c1f,debug,monster-resize,repair_effect_ms,35.2299
1786193060,6e00c3c1f,debug,code-typing,p50_ms,0.6709
1786193060,6e00c3c1f,debug,code-typing,p95_ms,0.7982
1786193439,6e00c3c1f,debug,tree-demo,toggle_ms,0.4020
1786193447,6e00c3c1f,debug,styled-typing,p50_ms,2.7885
1786193447,6e00c3c1f,debug,styled-typing,p95_ms,3.7582
1786193482,6e00c3c1f,debug,monster-scroll,paint_p50_ms,2.2560
1786193482,6e00c3c1f,debug,monster-scroll,paint_p95_ms,2.8834
1786193518,6e00c3c1f,debug,render-scroll,avg_ms,1.1231
1786193518,6e00c3c1f,debug,render-scroll,p50_ms,1.0436
1786193518,6e00c3c1f,debug,render-scroll,p95_ms,1.5558
1786193551,6e00c3c1f,debug,monster-search-scroll,paint_p50_ms,0.0000
1786193551,6e00c3c1f,debug,monster-search-scroll,paint_max_ms,0.0000
1786193562,6e00c3c1f,debug,wall,open_ms,84.1063
1786193562,6e00c3c1f,debug,wall,typing_p50_ms,1.1209
1786193591,6e00c3c1f,debug,burst-typing,p50_ms,4.5987
1786193591,6e00c3c1f,debug,burst-typing,p95_ms,8.2162
1786193637,6e00c3c1f,debug,typing,monster_p50_ms,2.9585
1786193637,6e00c3c1f,debug,typing,scratch_p50_ms,0.7258
1786193649,6e00c3c1f,debug,documents-list,refresh_ms,17.1528
1786193649,6e00c3c1f,debug,documents-list,scroll_p50_ms,0.1080
1786193649,6e00c3c1f,debug,documents-list,paint_p50_ms,0.3617
1786193656,6e00c3c1f,debug,plain-typing,keystroke_p50_ms,0.2933
1786193658,6e00c3c1f,debug,fold-toggle,monster_ms,1.7933
1786194696,35901571c,debug,diff-open,open_ms,34.2222
1786194696,35901571c,debug,diff-typing,p50_ms,0.9569
1786194697,35901571c,debug,diff-resize,frame_p50_ms,12.2638
1786194697,35901571c,debug,diff-resize,frame_worst_ms,12.5468
1786195193,44f0323c0,debug,monster-resize,sync_ms,2.8880
1786195193,44f0323c0,debug,monster-resize,repair_effect_ms,34.9936
1786195386,44f0323c0,debug,code-typing,p50_ms,0.6689
1786195386,44f0323c0,debug,code-typing,p95_ms,0.7140
1786195641,44f0323c0,debug,search-landing,worst_ms,68.9113
1786195641,44f0323c0,debug,search-scroll,paint_p50_ms,0.4705
1786195641,44f0323c0,debug,search-scroll,paint_p95_ms,0.7370
1786195860,44f0323c0,debug,plain-typing,keystroke_p50_ms,0.3194
1786195862,44f0323c0,debug,fold-toggle,monster_ms,1.8264
1786195938,44f0323c0,debug,search-landing,worst_ms,62.0202
1786195939,44f0323c0,debug,search-scroll,paint_p50_ms,0.4751
1786195939,44f0323c0,debug,search-scroll,paint_p95_ms,0.6776
1786197240,44f0323c0,debug,search-landing,worst_ms,63.3321
1786197240,44f0323c0,debug,search-scroll,paint_p50_ms,0.4796
1786197240,44f0323c0,debug,search-scroll,paint_p95_ms,0.7360
1786207533,c68dda864,debug,search-landing,worst_ms,63.2059
1786207533,c68dda864,debug,search-scroll,paint_p50_ms,0.4471
1786207533,c68dda864,debug,search-scroll,paint_p95_ms,0.7334
1786207568,c68dda864,debug,search-landing,worst_ms,56.9819
1786207568,c68dda864,debug,search-scroll,paint_p50_ms,0.4438
1786207568,c68dda864,debug,search-scroll,paint_p95_ms,0.6120
1786207591,c68dda864,debug,diff-open,open_ms,34.3165
1786207591,c68dda864,debug,diff-typing,p50_ms,1.0508
1786207592,c68dda864,debug,diff-resize,frame_p50_ms,12.5945
1786207592,c68dda864,debug,diff-resize,frame_worst_ms,13.0078
1786209273,c68dda864,debug,diff-open,open_ms,34.4632
1786209273,c68dda864,debug,diff-typing,p50_ms,1.1165
1786209274,c68dda864,debug,diff-resize,frame_p50_ms,13.0626
1786209274,c68dda864,debug,diff-resize,frame_worst_ms,13.5525
1786212885,b5c41f2c4,debug,list-scroll,build_ms,9.6995
1786212885,b5c41f2c4,debug,list-scroll,frame_p50_ms,0.0367
1786212885,b5c41f2c4,debug,list-scroll,frame_p95_ms,0.0655
1786212886,b5c41f2c4,debug,tree-ops,toggle_ms,0.0912
1786212886,b5c41f2c4,debug,tree-ops,build_ms,331.4457
1786212909,b5c41f2c4,debug,list-scroll,build_ms,3.9681
1786212909,b5c41f2c4,debug,list-scroll,frame_p50_ms,0.0328
1786212909,b5c41f2c4,debug,list-scroll,frame_p95_ms,0.0424
1786212910,b5c41f2c4,debug,tree-ops,toggle_ms,0.0924
1786212910,b5c41f2c4,debug,tree-ops,build_ms,320.1041
1786218611,22526bd15,debug,diff-open,open_ms,34.2959
1786218611,22526bd15,debug,diff-typing,p50_ms,1.1190
1786218612,22526bd15,debug,diff-resize,frame_p50_ms,13.0661
1786218612,22526bd15,debug,diff-resize,frame_worst_ms,13.2328
1786218979,22526bd15,debug,diff-open,open_ms,34.3387
1786218979,22526bd15,debug,diff-typing,p50_ms,1.1495
1786218980,22526bd15,debug,diff-resize,frame_p50_ms,12.9149
1786218980,22526bd15,debug,diff-resize,frame_worst_ms,13.1784
1786219056,22526bd15,debug,list-scroll,build_ms,14.9735
1786219056,22526bd15,debug,list-scroll,frame_p50_ms,0.0375
1786219056,22526bd15,debug,list-scroll,frame_p95_ms,0.0652
1786219056,22526bd15,debug,tree-ops,toggle_ms,0.0877
1786219056,22526bd15,debug,tree-ops,build_ms,343.9514
1786219071,22526bd15,debug,search-landing,worst_ms,64.1775
1786219071,22526bd15,debug,search-scroll,paint_p50_ms,0.5183
1786219071,22526bd15,debug,search-scroll,paint_p95_ms,0.7450
1786220807,7a473a3da,debug,plain-typing,keystroke_p50_ms,0.2730
1786220809,7a473a3da,debug,fold-toggle,monster_ms,1.6035
1786220868,7a473a3da,debug,plain-typing,keystroke_p50_ms,0.2940
1786220870,7a473a3da,debug,fold-toggle,monster_ms,1.6770
1786222733,e3870942d,debug,plain-typing,keystroke_p50_ms,0.2762
1786222735,e3870942d,debug,fold-toggle,monster_ms,1.7915
1786222748,e3870942d,debug,diff-open,open_ms,34.4371
1786222748,e3870942d,debug,diff-typing,p50_ms,1.0910
1786222749,e3870942d,debug,diff-resize,frame_p50_ms,12.8514
1786222749,e3870942d,debug,diff-resize,frame_worst_ms,13.0831
1786222886,e3870942d,debug,plain-typing,keystroke_p50_ms,0.2735
1786222887,e3870942d,debug,fold-toggle,monster_ms,1.6293
1786222893,e3870942d,debug,diff-open,open_ms,33.8236
1786222893,e3870942d,debug,diff-typing,p50_ms,1.0603
1786222894,e3870942d,debug,diff-resize,frame_p50_ms,12.8795
1786222894,e3870942d,debug,diff-resize,frame_worst_ms,13.0807
1786222945,e3870942d,debug,search-landing,worst_ms,59.9870
1786222945,e3870942d,debug,search-scroll,paint_p50_ms,0.4114
1786222945,e3870942d,debug,search-scroll,paint_p95_ms,0.5567
1786382706,e6b86d1be,debug,plain-typing,keystroke_p50_ms,0.2656
1786382707,e6b86d1be,debug,fold-toggle,monster_ms,1.6703
1786383243,e6b86d1be,debug,tree-demo,toggle_ms,0.5178
1786383268,e6b86d1be,debug,styled-typing,p50_ms,2.4970
1786383268,e6b86d1be,debug,styled-typing,p95_ms,3.1622
1786383300,e6b86d1be,debug,render-scroll,avg_ms,1.1295
1786383300,e6b86d1be,debug,render-scroll,p50_ms,1.0401
1786383300,e6b86d1be,debug,render-scroll,p95_ms,1.5715
1786383329,e6b86d1be,debug,monster-search-scroll,paint_p50_ms,0.0000
1786383329,e6b86d1be,debug,monster-search-scroll,paint_max_ms,0.0000
1786383362,e6b86d1be,debug,monster-scroll,paint_p50_ms,2.1705
1786383362,e6b86d1be,debug,monster-scroll,paint_p95_ms,2.8090
1786383372,e6b86d1be,debug,wall,open_ms,81.3324
1786383372,e6b86d1be,debug,wall,typing_p50_ms,1.1327
1786383400,e6b86d1be,debug,burst-typing,p50_ms,4.6014
1786383400,e6b86d1be,debug,burst-typing,p95_ms,8.0787
1786383436,e6b86d1be,debug,typing,monster_p50_ms,2.5301
1786383436,e6b86d1be,debug,typing,scratch_p50_ms,0.5649
1786383460,e6b86d1be,debug,documents-list,refresh_ms,15.9320
1786383460,e6b86d1be,debug,documents-list,scroll_p50_ms,0.1045
1786383460,e6b86d1be,debug,documents-list,paint_p50_ms,0.3271
1786383478,e6b86d1be,debug,plain-typing,keystroke_p50_ms,0.2674
1786383480,e6b86d1be,debug,fold-toggle,monster_ms,1.6867
1786383667,e6b86d1be,debug,diff-open,open_ms,34.0681
1786383667,e6b86d1be,debug,diff-typing,p50_ms,0.9968
1786383667,e6b86d1be,debug,diff-resize,frame_p50_ms,12.1699
1786383667,e6b86d1be,debug,diff-resize,frame_worst_ms,12.3270
1786384183,e6b86d1be,debug,monster-resize,sync_ms,2.7862
1786384183,e6b86d1be,debug,monster-resize,repair_effect_ms,34.3068
1786384409,e6b86d1be,debug,code-typing,p50_ms,0.6028
1786384409,e6b86d1be,debug,code-typing,p95_ms,0.6127
1786399348,faa879040,debug,plain-typing,keystroke_p50_ms,0.2968
1786399349,faa879040,debug,fold-toggle,monster_ms,1.6349
1786625416,unknown,debug,monster-resize,sync_ms,2.7787
1786625416,unknown,debug,monster-resize,repair_effect_ms,34.9159
1786625469,unknown,debug,plain-typing,keystroke_p50_ms,0.2672
1786625471,unknown,debug,fold-toggle,monster_ms,1.6786
1786625818,unknown,debug,tree-demo,toggle_ms,0.3903
1786625845,unknown,debug,styled-typing,p50_ms,2.6988
1786625845,unknown,debug,styled-typing,p95_ms,3.2697
1786625876,unknown,debug,monster-search-scroll,paint_p50_ms,0.0000
1786625876,unknown,debug,monster-search-scroll,paint_max_ms,0.0000
1786625913,unknown,debug,render-scroll,avg_ms,1.1362
1786625913,unknown,debug,render-scroll,p50_ms,1.0480
1786625913,unknown,debug,render-scroll,p95_ms,1.5797
1786625946,unknown,debug,monster-scroll,paint_p50_ms,2.2668
1786625946,unknown,debug,monster-scroll,paint_p95_ms,2.9226
1786625957,unknown,debug,wall,open_ms,80.0737
1786625957,unknown,debug,wall,typing_p50_ms,1.1703
1786625985,unknown,debug,burst-typing,p50_ms,4.5786
1786625985,unknown,debug,burst-typing,p95_ms,8.1907
1786626028,unknown,debug,typing,monster_p50_ms,2.6094
1786626028,unknown,debug,typing,scratch_p50_ms,0.7067
1786626030,unknown,debug,documents-list,refresh_ms,16.9363
1786626030,unknown,debug,documents-list,scroll_p50_ms,0.1040
1786626030,unknown,debug,documents-list,paint_p50_ms,0.3341
1786626033,unknown,debug,plain-typing,keystroke_p50_ms,0.2667
1786626035,unknown,debug,fold-toggle,monster_ms,1.6458
1786626048,unknown,debug,diff-open,open_ms,34.0485
1786626048,unknown,debug,diff-typing,p50_ms,1.0075
1786626065,unknown,debug,diff-open,open_ms,34.0125
1786626065,unknown,debug,diff-typing,p50_ms,1.0237
1786626228,unknown,debug,diff-open,open_ms,34.9172
1786626228,unknown,debug,diff-typing,p50_ms,1.1534
1786626229,unknown,debug,diff-resize,frame_p50_ms,23.8352
1786626229,unknown,debug,diff-resize,frame_worst_ms,24.1538
1786626246,unknown,debug,diff-open,open_ms,45.8980
1786626246,unknown,debug,diff-typing,p50_ms,0.9314
1786626247,unknown,debug,diff-resize,frame_p50_ms,23.4162
1786626247,unknown,debug,diff-resize,frame_worst_ms,23.8093
1786626369,unknown,debug,diff-open,open_ms,45.4554
1786626369,unknown,debug,diff-typing,p50_ms,0.9408
1786626370,unknown,debug,diff-resize,frame_p50_ms,23.5493
1786626370,unknown,debug,diff-resize,frame_worst_ms,23.7978
1786626372,unknown,debug,diff-open,open_ms,44.7967
1786626372,unknown,debug,diff-typing,p50_ms,0.9057
1786626373,unknown,debug,diff-resize,frame_p50_ms,23.4100
1786626373,unknown,debug,diff-resize,frame_worst_ms,23.8040
1786626551,unknown,debug,diff-open,open_ms,34.5330
1786626551,unknown,debug,diff-typing,p50_ms,1.0837
1786626552,unknown,debug,diff-resize,frame_p50_ms,23.7890
1786626552,unknown,debug,diff-resize,frame_worst_ms,24.2964
1786626619,unknown,debug,monster-scroll,paint_p50_ms,2.6538
1786626619,unknown,debug,monster-scroll,paint_p95_ms,3.5440
1786626627,unknown,debug,tree-demo,toggle_ms,0.4652
1786626662,unknown,debug,styled-typing,p50_ms,2.5078
1786626662,unknown,debug,styled-typing,p95_ms,3.1404
1786626694,unknown,debug,monster-search-scroll,paint_p50_ms,0.0000
1786626694,unknown,debug,monster-search-scroll,paint_max_ms,0.0000
1786626730,unknown,debug,render-scroll,avg_ms,1.1410
1786626730,unknown,debug,render-scroll,p50_ms,1.0552
1786626730,unknown,debug,render-scroll,p95_ms,1.5799
1786626741,unknown,debug,wall,open_ms,81.2330
1786626741,unknown,debug,wall,typing_p50_ms,1.1220
1786626769,unknown,debug,burst-typing,p50_ms,4.5873
1786626769,unknown,debug,burst-typing,p95_ms,8.1145
1786626810,unknown,debug,typing,monster_p50_ms,2.5830
1786626810,unknown,debug,typing,scratch_p50_ms,0.6620
1786626810,unknown,debug,documents-list,refresh_ms,22.7439
1786626810,unknown,debug,documents-list,scroll_p50_ms,0.1054
1786626810,unknown,debug,documents-list,paint_p50_ms,0.3365
1786626813,unknown,debug,plain-typing,keystroke_p50_ms,0.2791
1786626814,unknown,debug,fold-toggle,monster_ms,1.6667
1786626819,unknown,debug,diff-open,open_ms,33.9086
1786626819,unknown,debug,diff-typing,p50_ms,1.0513
1786626820,unknown,debug,diff-resize,frame_p50_ms,23.8221
1786626820,unknown,debug,diff-resize,frame_worst_ms,24.0267
1786626883,unknown,debug,monster-resize,sync_ms,2.9262
1786626883,unknown,debug,monster-resize,repair_effect_ms,34.8174
1786626898,unknown,debug,code-typing,p50_ms,0.6341
1786626898,unknown,debug,code-typing,p95_ms,0.7521
1786626913,unknown,debug,list-scroll,build_ms,8.2008
1786626913,unknown,debug,list-scroll,frame_p50_ms,0.0363
1786626913,unknown,debug,list-scroll,frame_p95_ms,0.0532
1786626913,unknown,debug,tree-ops,toggle_ms,0.0899
1786626913,unknown,debug,tree-ops,build_ms,326.8275
1786626964,unknown,debug,tree-demo,toggle_ms,0.3802
1786626969,unknown,debug,styled-typing,p50_ms,2.6614
1786626969,unknown,debug,styled-typing,p95_ms,3.6236
1786627006,unknown,debug,monster-scroll,paint_p50_ms,2.2580
1786627006,unknown,debug,monster-scroll,paint_p95_ms,2.8984
1786627036,unknown,debug,monster-search-scroll,paint_p50_ms,0.0000
1786627036,unknown,debug,monster-search-scroll,paint_max_ms,0.0000
1786627072,unknown,debug,render-scroll,avg_ms,1.1573
1786627072,unknown,debug,render-scroll,p50_ms,1.0676
1786627072,unknown,debug,render-scroll,p95_ms,1.6132
1786627083,unknown,debug,wall,open_ms,81.3881
1786627083,unknown,debug,wall,typing_p50_ms,1.1733
1786627112,unknown,debug,burst-typing,p50_ms,4.5275
1786627112,unknown,debug,burst-typing,p95_ms,8.2932
1786627154,unknown,debug,typing,monster_p50_ms,2.6124
1786627154,unknown,debug,typing,scratch_p50_ms,0.6336
1786627155,unknown,debug,documents-list,refresh_ms,21.7960
1786627155,unknown,debug,documents-list,scroll_p50_ms,0.1018
1786627155,unknown,debug,documents-list,paint_p50_ms,0.3326
1786627157,unknown,debug,plain-typing,keystroke_p50_ms,0.2737
1786627159,unknown,debug,fold-toggle,monster_ms,1.6708
1786627161,unknown,debug,diff-open,open_ms,34.0274
1786627162,unknown,debug,diff-typing,p50_ms,1.0759
1786627163,unknown,debug,diff-resize,frame_p50_ms,23.6902
1786627163,unknown,debug,diff-resize,frame_worst_ms,24.4130
1786627198,unknown,debug,monster-resize,sync_ms,2.8490
1786627198,unknown,debug,monster-resize,repair_effect_ms,34.9730
1786627202,unknown,debug,code-typing,p50_ms,0.6383
1786627202,unknown,debug,code-typing,p95_ms,0.8281
1786627205,unknown,debug,list-scroll,build_ms,3.9610
1786627205,unknown,debug,list-scroll,frame_p50_ms,0.0327
1786627205,unknown,debug,list-scroll,frame_p95_ms,0.0354
1786627205,unknown,debug,tree-ops,toggle_ms,0.0897
1786627205,unknown,debug,tree-ops,build_ms,315.1692
1786627355,unknown,debug,styled-typing,p50_ms,11.9397
1786627355,unknown,debug,styled-typing,p95_ms,75.5472
1786627359,unknown,debug,tree-demo,toggle_ms,0.4633
1786627396,unknown,debug,monster-scroll,paint_p50_ms,2.3146
1786627396,unknown,debug,monster-scroll,paint_p95_ms,3.0017
1786627433,unknown,debug,render-scroll,avg_ms,1.1419
1786627433,unknown,debug,render-scroll,p50_ms,1.0543
1786627433,unknown,debug,render-scroll,p95_ms,1.5794
1786627463,unknown,debug,monster-search-scroll,paint_p50_ms,0.0000
1786627463,unknown,debug,monster-search-scroll,paint_max_ms,0.0000
1786627479,unknown,debug,wall,open_ms,142.0511
1786627479,unknown,debug,wall,typing_p50_ms,1.9158
1786627534,unknown,debug,burst-typing,p50_ms,7.5736
1786627534,unknown,debug,burst-typing,p95_ms,50.7724
1786627565,unknown,debug,tree-demo,toggle_ms,1.2213
1786627598,unknown,debug,styled-typing,p50_ms,4.6834
1786627598,unknown,debug,styled-typing,p95_ms,8.1629
1786627599,unknown,debug,typing,monster_p50_ms,4.2335
1786627599,unknown,debug,typing,scratch_p50_ms,1.3552
1786627600,unknown,debug,documents-list,refresh_ms,36.9994
1786627600,unknown,debug,documents-list,scroll_p50_ms,0.2004
1786627600,unknown,debug,documents-list,paint_p50_ms,0.5375
1786627606,unknown,debug,plain-typing,keystroke_p50_ms,0.3234
1786627608,unknown,debug,fold-toggle,monster_ms,2.3617
1786627615,unknown,debug,diff-open,open_ms,72.7626
1786627616,unknown,debug,diff-typing,p50_ms,1.1081
1786627618,unknown,debug,diff-resize,frame_p50_ms,59.0926
1786627618,unknown,debug,diff-resize,frame_worst_ms,89.4983
1786627641,unknown,debug,monster-scroll,paint_p50_ms,2.5495
1786627641,unknown,debug,monster-scroll,paint_p95_ms,3.4273
1786627657,unknown,debug,monster-resize,sync_ms,2.8601
1786627657,unknown,debug,monster-resize,repair_effect_ms,35.7266
1786627661,unknown,debug,code-typing,p50_ms,0.6401
1786627661,unknown,debug,code-typing,p95_ms,0.8287
1786627664,unknown,debug,list-scroll,build_ms,4.4633
1786627664,unknown,debug,list-scroll,frame_p50_ms,0.0329
1786627664,unknown,debug,list-scroll,frame_p95_ms,0.0358
1786627665,unknown,debug,tree-ops,toggle_ms,0.0914
1786627665,unknown,debug,tree-ops,build_ms,315.4575
1786627672,unknown,debug,monster-search-scroll,paint_p50_ms,0.0000
1786627672,unknown,debug,monster-search-scroll,paint_max_ms,0.0000
1786627709,unknown,debug,render-scroll,avg_ms,1.2799
1786627709,unknown,debug,render-scroll,p50_ms,1.1860
1786627709,unknown,debug,render-scroll,p95_ms,1.7235
1786627720,unknown,debug,wall,open_ms,80.7877
1786627720,unknown,debug,wall,typing_p50_ms,1.1586
1786627748,unknown,debug,burst-typing,p50_ms,4.6785
1786627748,unknown,debug,burst-typing,p95_ms,8.5220
1786627791,unknown,debug,typing,monster_p50_ms,2.8814
1786627791,unknown,debug,typing,scratch_p50_ms,0.6937
1786627803,unknown,debug,documents-list,refresh_ms,14.5604
1786627803,unknown,debug,documents-list,scroll_p50_ms,0.1119
1786627803,unknown,debug,documents-list,paint_p50_ms,0.3543
1786627975,unknown,debug,tree-demo,toggle_ms,0.3646
1786627980,unknown,debug,styled-typing,p50_ms,2.9257
1786627980,unknown,debug,styled-typing,p95_ms,3.9138
1786628019,unknown,debug,monster-scroll,paint_p50_ms,2.4589
1786628019,unknown,debug,monster-scroll,paint_p95_ms,3.1653
1786628049,unknown,debug,monster-search-scroll,paint_p50_ms,0.0000
1786628049,unknown,debug,monster-search-scroll,paint_max_ms,0.0000
1786628086,unknown,debug,render-scroll,avg_ms,1.2703
1786628086,unknown,debug,render-scroll,p50_ms,1.1830
1786628086,unknown,debug,render-scroll,p95_ms,1.7206
1786628097,unknown,debug,wall,open_ms,81.0232
1786628097,unknown,debug,wall,typing_p50_ms,1.1837
1786628125,unknown,debug,burst-typing,p50_ms,4.6123
1786628125,unknown,debug,burst-typing,p95_ms,8.3017
1786628169,unknown,debug,typing,monster_p50_ms,2.8530
1786628169,unknown,debug,typing,scratch_p50_ms,0.7078
1786628232,unknown,debug,tree-demo,toggle_ms,0.4461
1786628240,unknown,debug,styled-typing,p50_ms,2.8810
1786628240,unknown,debug,styled-typing,p95_ms,3.6538
1786628277,unknown,debug,monster-scroll,paint_p50_ms,2.3687
1786628277,unknown,debug,monster-scroll,paint_p95_ms,3.0466
1786628306,unknown,debug,monster-search-scroll,paint_p50_ms,0.0000
1786628306,unknown,debug,monster-search-scroll,paint_max_ms,0.0000
1786628343,unknown,debug,render-scroll,avg_ms,1.3143
1786628343,unknown,debug,render-scroll,p50_ms,1.2317
1786628343,unknown,debug,render-scroll,p95_ms,1.7836
1786628354,unknown,debug,wall,open_ms,82.3218
1786628354,unknown,debug,wall,typing_p50_ms,1.2063
1786628383,unknown,debug,burst-typing,p50_ms,4.5978
1786628383,unknown,debug,burst-typing,p95_ms,8.2541
1786628426,unknown,debug,typing,monster_p50_ms,2.8942
1786628426,unknown,debug,typing,scratch_p50_ms,0.7105
1786639028,unknown,debug,plain-typing,keystroke_p50_ms,0.2656
1786639030,unknown,debug,fold-toggle,monster_ms,1.6321
1786639059,unknown,debug,monster-resize,sync_ms,3.1592
1786639059,unknown,debug,monster-resize,repair_effect_ms,38.8160
1786639063,unknown,debug,diff-open,open_ms,33.7229
1786639063,unknown,debug,diff-typing,p50_ms,1.0667
1786639064,unknown,debug,diff-resize,frame_p50_ms,24.0046
1786639064,unknown,debug,diff-resize,frame_worst_ms,24.3978
1786639082,unknown,debug,plain-typing,keystroke_p50_ms,0.2755
1786639084,unknown,debug,fold-toggle,monster_ms,1.6608
1786639094,unknown,debug,monster-resize,sync_ms,3.1040
1786639094,unknown,debug,monster-resize,repair_effect_ms,36.6781
1786639095,unknown,debug,diff-open,open_ms,34.9231
1786639095,unknown,debug,diff-typing,p50_ms,1.2712
1786639096,unknown,debug,diff-resize,frame_p50_ms,25.1152
1786639096,unknown,debug,diff-resize,frame_worst_ms,25.3585
1786640414,unknown,debug,monster-resize,sync_ms,2.8317
1786640414,unknown,debug,monster-resize,repair_effect_ms,36.5819
1786640438,unknown,debug,plain-typing,keystroke_p50_ms,0.3037
1786640439,unknown,debug,fold-toggle,monster_ms,1.7428
1786640445,unknown,debug,diff-open,open_ms,34.5386
1786640445,unknown,debug,diff-typing,p50_ms,1.1590
1786640446,unknown,debug,diff-resize,frame_p50_ms,24.6099
1786640446,unknown,debug,diff-resize,frame_worst_ms,25.3520
1786640936,unknown,debug,monster-resize,sync_ms,2.8450
1786640936,unknown,debug,monster-resize,repair_effect_ms,36.3560
1786786127,5b8a90cd1,debug,monster-scroll,paint_p50_ms,2.6126
1786786127,5b8a90cd1,debug,monster-scroll,paint_p95_ms,3.4323
1786786134,5b8a90cd1,debug,tree-demo,toggle_ms,0.5553
1786786169,5b8a90cd1,debug,styled-typing,p50_ms,2.5272
1786786169,5b8a90cd1,debug,styled-typing,p95_ms,3.1288
1786786199,5b8a90cd1,debug,monster-search-scroll,paint_p50_ms,0.0000
1786786199,5b8a90cd1,debug,monster-search-scroll,paint_max_ms,0.0000
1786786236,5b8a90cd1,debug,render-scroll,avg_ms,1.1442
1786786236,5b8a90cd1,debug,render-scroll,p50_ms,1.0568
1786786236,5b8a90cd1,debug,render-scroll,p95_ms,1.5848
1786786249,5b8a90cd1,debug,wall,open_ms,80.7076
1786786249,5b8a90cd1,debug,wall,typing_p50_ms,1.2735
1786786278,5b8a90cd1,debug,burst-typing,p50_ms,4.6013
1786786278,5b8a90cd1,debug,burst-typing,p95_ms,8.3303
1786786320,5b8a90cd1,debug,typing,monster_p50_ms,2.6925
1786786320,5b8a90cd1,debug,typing,scratch_p50_ms,0.6262
1786786358,5b8a90cd1,debug,documents-list,refresh_ms,15.6067
1786786358,5b8a90cd1,debug,documents-list,scroll_p50_ms,0.1043
1786786358,5b8a90cd1,debug,documents-list,paint_p50_ms,0.3389
1786786399,5b8a90cd1,debug,plain-typing,keystroke_p50_ms,0.2868
1786786401,5b8a90cd1,debug,fold-toggle,monster_ms,1.7480
1786786780,5b8a90cd1,debug,diff-open,open_ms,34.3912
1786786780,5b8a90cd1,debug,diff-typing,p50_ms,1.0633
1786786781,5b8a90cd1,debug,diff-resize,frame_p50_ms,23.5682
1786786781,5b8a90cd1,debug,diff-resize,frame_worst_ms,23.8914
1786787440,5b8a90cd1,debug,monster-resize,sync_ms,2.8548
1786787440,5b8a90cd1,debug,monster-resize,repair_effect_ms,34.4555
1786787753,5b8a90cd1,debug,code-typing,p50_ms,0.6025
1786787753,5b8a90cd1,debug,code-typing,p95_ms,0.6397
1786817157,8ada4324a,debug,tree-demo,toggle_ms,0.5982
1786817184,8ada4324a,debug,styled-typing,p50_ms,2.5611
1786817184,8ada4324a,debug,styled-typing,p95_ms,3.2093
1786817213,8ada4324a,debug,monster-scroll,paint_p50_ms,2.2321
1786817213,8ada4324a,debug,monster-scroll,paint_p95_ms,2.9070
1786817250,8ada4324a,debug,render-scroll,avg_ms,1.1172
1786817250,8ada4324a,debug,render-scroll,p50_ms,1.0322
1786817250,8ada4324a,debug,render-scroll,p95_ms,1.5579
1786817279,8ada4324a,debug,monster-search-scroll,paint_p50_ms,0.0000
1786817279,8ada4324a,debug,monster-search-scroll,paint_max_ms,0.0000
1786817290,8ada4324a,debug,wall,open_ms,81.0134
1786817290,8ada4324a,debug,wall,typing_p50_ms,1.1066
1786817319,8ada4324a,debug,burst-typing,p50_ms,4.6993
1786817319,8ada4324a,debug,burst-typing,p95_ms,8.1921
1786817361,8ada4324a,debug,typing,monster_p50_ms,2.7191
1786817361,8ada4324a,debug,typing,scratch_p50_ms,0.6236
1786817388,7e776ed38,debug,documents-list,refresh_ms,19.8859
1786817388,7e776ed38,debug,documents-list,scroll_p50_ms,0.1014
1786817388,7e776ed38,debug,documents-list,paint_p50_ms,0.3351
1786817398,7e776ed38,debug,plain-typing,keystroke_p50_ms,0.2672
1786817400,7e776ed38,debug,fold-toggle,monster_ms,1.8700
1786817915,7e776ed38,debug,diff-open,open_ms,34.2178
1786817916,7e776ed38,debug,diff-typing,p50_ms,1.0905
1786817916,7e776ed38,debug,diff-resize,frame_p50_ms,23.5058
1786817916,7e776ed38,debug,diff-resize,frame_worst_ms,23.8181
1786818366,7e776ed38,debug,monster-resize,sync_ms,2.8021
1786818366,7e776ed38,debug,monster-resize,repair_effect_ms,34.9653
1786818534,7e776ed38,debug,code-typing,p50_ms,0.6060
1786818534,7e776ed38,debug,code-typing,p95_ms,0.7772
1786818925,7e776ed38,debug,tree-demo,toggle_ms,0.3644
1786818931,7e776ed38,debug,styled-typing,p50_ms,2.6623
1786818931,7e776ed38,debug,styled-typing,p95_ms,5.7728
1786818962,7e776ed38,debug,monster-search-scroll,paint_p50_ms,0.0000
1786818962,7e776ed38,debug,monster-search-scroll,paint_max_ms,0.0000
1786818998,7e776ed38,debug,render-scroll,avg_ms,1.1374
1786818998,7e776ed38,debug,render-scroll,p50_ms,1.0508
1786818998,7e776ed38,debug,render-scroll,p95_ms,1.5872
1786819032,7e776ed38,debug,monster-scroll,paint_p50_ms,2.3186
1786819032,7e776ed38,debug,monster-scroll,paint_p95_ms,2.9754
1786819045,7e776ed38,debug,wall,open_ms,80.5220
1786819045,7e776ed38,debug,wall,typing_p50_ms,1.1185
1786819073,7e776ed38,debug,burst-typing,p50_ms,4.6613
1786819073,7e776ed38,debug,burst-typing,p95_ms,8.1915
1786819116,78aafe758,debug,typing,monster_p50_ms,2.5935
1786819116,78aafe758,debug,typing,scratch_p50_ms,0.6089
1786819128,78aafe758,debug,documents-list,refresh_ms,19.9663
1786819128,78aafe758,debug,documents-list,scroll_p50_ms,0.1070
1786819128,78aafe758,debug,documents-list,paint_p50_ms,0.3386
1786819138,78aafe758,debug,plain-typing,keystroke_p50_ms,0.2696
1786819140,78aafe758,debug,fold-toggle,monster_ms,1.6494
1786819607,78aafe758,debug,diff-open,open_ms,34.0863
1786819607,78aafe758,debug,diff-typing,p50_ms,1.1878
1786819608,78aafe758,debug,diff-resize,frame_p50_ms,23.6072
1786819608,78aafe758,debug,diff-resize,frame_worst_ms,24.0940
1786819928,78aafe758,debug,monster-resize,sync_ms,3.0945
1786819928,78aafe758,debug,monster-resize,repair_effect_ms,35.4320
1786820080,78aafe758,debug,code-typing,p50_ms,0.6033
1786820080,78aafe758,debug,code-typing,p95_ms,0.6307
1786820249,78aafe758,debug,list-scroll,build_ms,5.3285
1786820249,78aafe758,debug,list-scroll,frame_p50_ms,0.0374
1786820249,78aafe758,debug,list-scroll,frame_p95_ms,0.0690
1786820249,78aafe758,debug,tree-ops,toggle_ms,0.0862
1786820249,78aafe758,debug,tree-ops,build_ms,332.8972
1786914183,aaab70f54,debug,plain-typing,keystroke_p50_ms,0.2707
1786914185,aaab70f54,debug,fold-toggle,monster_ms,1.7443
1786954493,aaab70f54,debug,monster-search-scroll,paint_p50_ms,0.0000
1786954493,aaab70f54,debug,monster-search-scroll,paint_max_ms,0.0000
1786954499,aaab70f54,debug,tree-demo,toggle_ms,0.6075
1786954536,aaab70f54,debug,styled-typing,p50_ms,2.7835
1786954536,aaab70f54,debug,styled-typing,p95_ms,3.5786
1786954570,aaab70f54,debug,monster-scroll,paint_p50_ms,2.4017
1786954570,aaab70f54,debug,monster-scroll,paint_p95_ms,3.1040
1786954608,aaab70f54,debug,render-scroll,avg_ms,1.2720
1786954608,aaab70f54,debug,render-scroll,p50_ms,1.1856
1786954608,aaab70f54,debug,render-scroll,p95_ms,1.7479
1786954621,aaab70f54,debug,wall,open_ms,81.6336
1786954621,aaab70f54,debug,wall,typing_p50_ms,1.1694
1786954650,aaab70f54,debug,burst-typing,p50_ms,4.8565
1786954650,aaab70f54,debug,burst-typing,p95_ms,8.4790
1786954694,aaab70f54,debug,typing,monster_p50_ms,3.0153
1786954694,aaab70f54,debug,typing,scratch_p50_ms,0.7022
1786986775,cc21e6595,debug,plain-typing,keystroke_p50_ms,0.2730
1786986777,cc21e6595,debug,fold-toggle,monster_ms,1.7563
1786986906,cc21e6595,debug,search-scroll,paint_p50_ms,0.2650
1786986906,cc21e6595,debug,search-scroll,paint_p95_ms,0.4851
1786986906,cc21e6595,debug,search-landing,worst_ms,66.8720
1786988990,cc21e6595,debug,plain-typing,keystroke_p50_ms,0.2775
1786988992,cc21e6595,debug,fold-toggle,monster_ms,1.6390
1786989111,cc21e6595,debug,search-landing,worst_ms,60.1082
1786989111,cc21e6595,debug,search-scroll,paint_p50_ms,0.2577
1786989111,cc21e6595,debug,search-scroll,paint_p95_ms,0.4124
1786997647,cc21e6595,debug,search-scroll,paint_p50_ms,0.2474
1786997647,cc21e6595,debug,search-scroll,paint_p95_ms,0.4499
1786997647,cc21e6595,debug,search-landing,worst_ms,63.2166
1787000496,cc21e6595,debug,search-landing,worst_ms,62.4402
1787000496,cc21e6595,debug,search-scroll,paint_p50_ms,0.2506
1787000496,cc21e6595,debug,search-scroll,paint_p95_ms,0.4441
1787000752,cc21e6595,debug,search-landing,worst_ms,64.4324
1787000752,cc21e6595,debug,search-scroll,paint_p50_ms,0.2536
1787000752,cc21e6595,debug,search-scroll,paint_p95_ms,0.4493
1787135185,f5005fffe,debug,list-scroll,build_ms,6.7978
1787135185,f5005fffe,debug,list-scroll,frame_p50_ms,0.0363
1787135185,f5005fffe,debug,list-scroll,frame_p95_ms,0.0538
1787135185,f5005fffe,debug,tree-ops,toggle_ms,0.0936
1787135185,f5005fffe,debug,tree-ops,build_ms,330.8536
1787174922,b04e41608,debug,documents-list,refresh_ms,17.7524
1787174922,b04e41608,debug,documents-list,scroll_p50_ms,0.1055
1787174922,b04e41608,debug,documents-list,paint_p50_ms,0.3525
1787175224,b04e41608,debug,diff-open,open_ms,34.0028
1787175224,b04e41608,debug,diff-typing,p50_ms,1.0762
1787175225,b04e41608,debug,diff-resize,frame_p50_ms,24.0205
1787175225,b04e41608,debug,diff-resize,frame_worst_ms,29.8768
1787175564,b04e41608,debug,search-landing,worst_ms,70.4827
1787175564,b04e41608,debug,search-scroll,paint_p50_ms,0.2719
1787175564,b04e41608,debug,search-scroll,paint_p95_ms,0.5805
1787308255,6a735c617,debug,tree-demo,toggle_ms,0.3895
1787308279,6a735c617,debug,render-scroll,avg_ms,1.3289
1787308279,6a735c617,debug,render-scroll,p50_ms,1.2462
1787308279,6a735c617,debug,render-scroll,p95_ms,1.8110
1787308320,6a735c617,debug,styled-typing,p50_ms,2.6324
1787308320,6a735c617,debug,styled-typing,p95_ms,3.3188
1787308350,6a735c617,debug,monster-search-scroll,paint_p50_ms,0.0000
1787308350,6a735c617,debug,monster-search-scroll,paint_max_ms,0.0000
1787308383,6a735c617,debug,monster-scroll,paint_p50_ms,2.3287
1787308383,6a735c617,debug,monster-scroll,paint_p95_ms,2.9596
1787308394,6a735c617,debug,wall,open_ms,80.9494
1787308394,6a735c617,debug,wall,typing_p50_ms,1.0855
1787308422,6a735c617,debug,burst-typing,p50_ms,4.6758
1787308422,6a735c617,debug,burst-typing,p95_ms,8.0340
1787308465,6a735c617,debug,typing,monster_p50_ms,2.7468
1787308465,6a735c617,debug,typing,scratch_p50_ms,0.6085
1787308536,6a735c617,debug,documents-list,refresh_ms,14.9555
1787308536,6a735c617,debug,documents-list,scroll_p50_ms,0.1060
1787308536,6a735c617,debug,documents-list,paint_p50_ms,0.3414
1787308790,6a735c617,debug,diff-open,open_ms,34.1890
1787308790,6a735c617,debug,diff-typing,p50_ms,1.0238
1787308791,6a735c617,debug,diff-resize,frame_p50_ms,23.4980
1787308791,6a735c617,debug,diff-resize,frame_worst_ms,24.0514
1787308948,6a735c617,debug,monster-resize,sync_ms,2.8394
1787308948,6a735c617,debug,monster-resize,repair_effect_ms,34.2750
1787309132,6a735c617,debug,search-landing,worst_ms,62.2196
1787309132,6a735c617,debug,search-scroll,paint_p50_ms,0.2512
1787309132,6a735c617,debug,search-scroll,paint_p95_ms,0.4191
1787311952,6a735c617,debug,search-landing,worst_ms,63.4235
1787311952,6a735c617,debug,search-scroll,paint_p50_ms,0.2502
1787311952,6a735c617,debug,search-scroll,paint_p95_ms,0.4216
1787318082,6a735c617,debug,tree-demo,toggle_ms,0.3661
1787318095,6a735c617,debug,styled-typing,p50_ms,2.4840
1787318095,6a735c617,debug,styled-typing,p95_ms,3.2763
1787318131,6a735c617,debug,monster-scroll,paint_p50_ms,2.1980
1787318131,6a735c617,debug,monster-scroll,paint_p95_ms,2.8270
1787318160,6a735c617,debug,monster-search-scroll,paint_p50_ms,0.0000
1787318160,6a735c617,debug,monster-search-scroll,paint_max_ms,0.0000
1787318195,6a735c617,debug,render-scroll,avg_ms,1.0693
1787318195,6a735c617,debug,render-scroll,p50_ms,0.9861
1787318195,6a735c617,debug,render-scroll,p95_ms,1.5192
1787318206,6a735c617,debug,wall,open_ms,79.7527
1787318206,6a735c617,debug,wall,typing_p50_ms,1.1273
1787318231,6a735c617,debug,burst-typing,p50_ms,4.3741
1787318231,6a735c617,debug,burst-typing,p95_ms,7.9481
1787318268,6a735c617,debug,typing,monster_p50_ms,2.4952
1787318268,6a735c617,debug,typing,scratch_p50_ms,0.5261
1787318270,6a735c617,debug,documents-list,refresh_ms,14.2950
1787318270,6a735c617,debug,documents-list,scroll_p50_ms,0.1077
1787318270,6a735c617,debug,documents-list,paint_p50_ms,0.3287
1787318273,6a735c617,debug,plain-typing,keystroke_p50_ms,0.2687
1787318275,6a735c617,debug,fold-toggle,monster_ms,1.6614
1787318378,6a735c617,debug,tree-demo,toggle_ms,0.3732
1787318384,6a735c617,debug,styled-typing,p50_ms,2.5300
1787318384,6a735c617,debug,styled-typing,p95_ms,3.3748
1787318411,6a735c617,debug,monster-search-scroll,paint_p50_ms,0.0000
1787318411,6a735c617,debug,monster-search-scroll,paint_max_ms,0.0000
1787318448,6a735c617,debug,monster-scroll,paint_p50_ms,2.5371
1787318448,6a735c617,debug,monster-scroll,paint_p95_ms,7.6303
1787318501,6a735c617,debug,render-scroll,avg_ms,1.1163
1787318501,6a735c617,debug,render-scroll,p50_ms,1.0251
1787318501,6a735c617,debug,render-scroll,p95_ms,1.5844
1787318513,6a735c617,debug,wall,open_ms,82.5981
1787318513,6a735c617,debug,wall,typing_p50_ms,1.2139
1787318541,6a735c617,debug,burst-typing,p50_ms,4.5436
1787318541,6a735c617,debug,burst-typing,p95_ms,8.0825
1787318584,6a735c617,debug,typing,monster_p50_ms,2.4470
1787318584,6a735c617,debug,typing,scratch_p50_ms,0.5530
1787318585,6a735c617,debug,documents-list,refresh_ms,19.6435
1787318585,6a735c617,debug,documents-list,scroll_p50_ms,0.1069
1787318585,6a735c617,debug,documents-list,paint_p50_ms,0.3309
1787318588,6a735c617,debug,plain-typing,keystroke_p50_ms,0.2692
1787318590,6a735c617,debug,fold-toggle,monster_ms,1.6515
1787319183,6a735c617,debug,tree-demo,toggle_ms,0.3874
1787319186,6a735c617,debug,styled-typing,p50_ms,2.8965
1787319186,6a735c617,debug,styled-typing,p95_ms,4.0683
1787319223,6a735c617,debug,monster-scroll,paint_p50_ms,2.2516
1787319223,6a735c617,debug,monster-scroll,paint_p95_ms,2.9094
1787319253,6a735c617,debug,monster-search-scroll,paint_p50_ms,0.0000
1787319253,6a735c617,debug,monster-search-scroll,paint_max_ms,0.0000
1787319289,6a735c617,debug,render-scroll,avg_ms,1.1087
1787319289,6a735c617,debug,render-scroll,p50_ms,1.0144
1787319289,6a735c617,debug,render-scroll,p95_ms,1.5646
1787319300,6a735c617,debug,wall,open_ms,80.8249
1787319300,6a735c617,debug,wall,typing_p50_ms,1.1029
1787319328,6a735c617,debug,burst-typing,p50_ms,4.4483
1787319328,6a735c617,debug,burst-typing,p95_ms,8.2063
1787319370,6a735c617,debug,typing,monster_p50_ms,2.4562
1787319370,6a735c617,debug,typing,scratch_p50_ms,0.6428
1787319372,6a735c617,debug,documents-list,refresh_ms,15.2362
1787319372,6a735c617,debug,documents-list,scroll_p50_ms,0.1037
1787319372,6a735c617,debug,documents-list,paint_p50_ms,0.3292
1787319375,6a735c617,debug,plain-typing,keystroke_p50_ms,0.2729
1787319377,6a735c617,debug,fold-toggle,monster_ms,1.6829
1787319417,6a735c617,debug,diff-open,open_ms,34.6578
1787319417,6a735c617,debug,diff-typing,p50_ms,1.0380
1787319418,6a735c617,debug,diff-resize,frame_p50_ms,23.6424
1787319418,6a735c617,debug,diff-resize,frame_worst_ms,24.3460
1787319455,6a735c617,debug,monster-resize,sync_ms,2.8803
1787319455,6a735c617,debug,monster-resize,repair_effect_ms,35.0090
1787319470,6a735c617,debug,code-typing,p50_ms,0.6002
1787319470,6a735c617,debug,code-typing,p95_ms,0.6265
1787319482,6a735c617,debug,list-scroll,build_ms,13.9892
1787319482,6a735c617,debug,list-scroll,frame_p50_ms,0.0394
1787319482,6a735c617,debug,list-scroll,frame_p95_ms,0.0493
1787319482,6a735c617,debug,tree-ops,toggle_ms,0.0867
1787319482,6a735c617,debug,tree-ops,build_ms,329.2727
1787319503,6a735c617,debug,search-landing,worst_ms,63.2124
1787319503,6a735c617,debug,search-scroll,paint_p50_ms,0.2083
1787319503,6a735c617,debug,search-scroll,paint_p95_ms,0.3914
1787319541,6a735c617,debug,search-scroll,paint_p50_ms,0.2507
1787319541,6a735c617,debug,search-scroll,paint_p95_ms,0.4148
1787319541,6a735c617,debug,search-landing,worst_ms,62.5285
1787322662,65507191c,debug,tree-demo,toggle_ms,0.4330
1787322668,65507191c,debug,monster-scroll,paint_p50_ms,2.5847
1787322668,65507191c,debug,monster-scroll,paint_p95_ms,3.6011
1787322706,65507191c,debug,render-scroll,avg_ms,1.1714
1787322706,65507191c,debug,render-scroll,p50_ms,1.0822
1787322706,65507191c,debug,render-scroll,p95_ms,1.6466
1787322736,65507191c,debug,monster-search-scroll,paint_p50_ms,0.0000
1787322736,65507191c,debug,monster-search-scroll,paint_max_ms,0.0000
1787322780,65507191c,debug,styled-typing,p50_ms,2.6413
1787322780,65507191c,debug,styled-typing,p95_ms,3.3549
1787322791,65507191c,debug,wall,open_ms,83.1647
1787322791,65507191c,debug,wall,typing_p50_ms,1.2251
1787322820,65507191c,debug,burst-typing,p50_ms,4.8322
1787322820,65507191c,debug,burst-typing,p95_ms,8.4098
1787322863,65507191c,debug,typing,monster_p50_ms,2.8372
1787322863,65507191c,debug,typing,scratch_p50_ms,0.8167
1787322866,65507191c,debug,documents-list,refresh_ms,14.7056
1787322866,65507191c,debug,documents-list,scroll_p50_ms,0.1130
1787322866,65507191c,debug,documents-list,paint_p50_ms,0.3455
1787322869,65507191c,debug,plain-typing,keystroke_p50_ms,0.2658
1787322871,65507191c,debug,fold-toggle,monster_ms,1.6978
1787323049,65507191c,debug,tree-demo,toggle_ms,0.4427
1787323054,65507191c,debug,styled-typing,p50_ms,2.8786
1787323054,65507191c,debug,styled-typing,p95_ms,4.3870
1787323092,65507191c,debug,monster-scroll,paint_p50_ms,2.3309
1787323092,65507191c,debug,monster-scroll,paint_p95_ms,2.9877
1787323122,65507191c,debug,monster-search-scroll,paint_p50_ms,0.0000
1787323122,65507191c,debug,monster-search-scroll,paint_max_ms,0.0000
1787323160,65507191c,debug,render-scroll,avg_ms,1.1853
1787323160,65507191c,debug,render-scroll,p50_ms,1.0840
1787323160,65507191c,debug,render-scroll,p95_ms,1.6704
1787323171,65507191c,debug,wall,open_ms,84.3149
1787323171,65507191c,debug,wall,typing_p50_ms,1.1115
1787323200,65507191c,debug,burst-typing,p50_ms,4.7109
1787323200,65507191c,debug,burst-typing,p95_ms,8.2484
1787323243,65507191c,debug,typing,monster_p50_ms,2.8671
1787323243,65507191c,debug,typing,scratch_p50_ms,0.8224
1787323244,65507191c,debug,documents-list,refresh_ms,19.0949
1787323244,65507191c,debug,documents-list,scroll_p50_ms,0.1090
1787323244,65507191c,debug,documents-list,paint_p50_ms,0.3444
1787323247,65507191c,debug,plain-typing,keystroke_p50_ms,0.2790
1787323249,65507191c,debug,fold-toggle,monster_ms,1.7804
1787323287,65507191c,debug,diff-open,open_ms,34.8180
1787323287,65507191c,debug,diff-typing,p50_ms,1.1173
1787323288,65507191c,debug,diff-resize,frame_p50_ms,24.0990
1787323288,65507191c,debug,diff-resize,frame_worst_ms,24.6695
1787323332,65507191c,debug,monster-resize,sync_ms,2.8432
1787323332,65507191c,debug,monster-resize,repair_effect_ms,35.9415
1787323350,65507191c,debug,code-typing,p50_ms,0.6147
1787323350,65507191c,debug,code-typing,p95_ms,0.8406
1787323364,65507191c,debug,list-scroll,build_ms,13.7945
1787323364,65507191c,debug,list-scroll,frame_p50_ms,0.0399
1787323364,65507191c,debug,list-scroll,frame_p95_ms,0.0623
1787323364,65507191c,debug,tree-ops,toggle_ms,0.0931
1787323364,65507191c,debug,tree-ops,build_ms,345.4753
1787323384,65507191c,debug,search-scroll,paint_p50_ms,0.2075
1787323384,65507191c,debug,search-scroll,paint_p95_ms,0.3527
1787323384,65507191c,debug,search-landing,worst_ms,61.9659
1787324040,65507191c,debug,tree-demo,toggle_ms,0.4676
1787324046,65507191c,debug,styled-typing,p50_ms,2.9596
1787324046,65507191c,debug,styled-typing,p95_ms,4.2027
1787324087,65507191c,debug,render-scroll,avg_ms,1.1644
1787324087,65507191c,debug,render-scroll,p50_ms,1.0778
1787324087,65507191c,debug,render-scroll,p95_ms,1.6375
1787324121,65507191c,debug,monster-scroll,paint_p50_ms,2.3301
1787324121,65507191c,debug,monster-scroll,paint_p95_ms,3.0535
1787324151,65507191c,debug,monster-search-scroll,paint_p50_ms,0.0000
1787324151,65507191c,debug,monster-search-scroll,paint_max_ms,0.0000
1787324162,65507191c,debug,wall,open_ms,81.5378
1787324162,65507191c,debug,wall,typing_p50_ms,1.2318
1787324191,65507191c,debug,burst-typing,p50_ms,4.7015
1787324191,65507191c,debug,burst-typing,p95_ms,8.6142
1787324234,65507191c,debug,typing,monster_p50_ms,2.6626
1787324234,65507191c,debug,typing,scratch_p50_ms,0.7207
1787324237,65507191c,debug,documents-list,refresh_ms,13.7596
1787324237,65507191c,debug,documents-list,scroll_p50_ms,0.1118
1787324237,65507191c,debug,documents-list,paint_p50_ms,0.3403
1787324240,65507191c,debug,plain-typing,keystroke_p50_ms,0.2927
1787324242,65507191c,debug,fold-toggle,monster_ms,1.6941
1787324502,65507191c,debug,tree-demo,toggle_ms,0.4376
1787324508,65507191c,debug,styled-typing,p50_ms,2.6510
1787324508,65507191c,debug,styled-typing,p95_ms,3.4278
1787324546,65507191c,debug,render-scroll,avg_ms,1.1262
1787324546,65507191c,debug,render-scroll,p50_ms,1.0382
1787324546,65507191c,debug,render-scroll,p95_ms,1.5833
1787324581,65507191c,debug,monster-scroll,paint_p50_ms,2.2986
1787324581,65507191c,debug,monster-scroll,paint_p95_ms,2.9272
1787324611,65507191c,debug,monster-search-scroll,paint_p50_ms,0.0000
1787324611,65507191c,debug,monster-search-scroll,paint_max_ms,0.0000
1787324622,65507191c,debug,wall,open_ms,107.5637
1787324622,65507191c,debug,wall,typing_p50_ms,1.2135
1787324650,65507191c,debug,burst-typing,p50_ms,4.6613
1787324650,65507191c,debug,burst-typing,p95_ms,8.5494
1787324693,65507191c,debug,typing,monster_p50_ms,2.7003
1787324693,65507191c,debug,typing,scratch_p50_ms,0.7065
1787324695,65507191c,debug,documents-list,refresh_ms,14.9191
1787324695,65507191c,debug,documents-list,scroll_p50_ms,0.1117
1787324695,65507191c,debug,documents-list,paint_p50_ms,0.3512
1787324698,65507191c,debug,plain-typing,keystroke_p50_ms,0.2688
1787324700,65507191c,debug,fold-toggle,monster_ms,1.6085
1787326576,65507191c,debug,tree-demo,toggle_ms,0.3844
1787326582,65507191c,debug,styled-typing,p50_ms,2.7663
1787326582,65507191c,debug,styled-typing,p95_ms,3.7300
1787326616,65507191c,debug,monster-scroll,paint_p50_ms,2.2486
1787326616,65507191c,debug,monster-scroll,paint_p95_ms,2.8759
1787326653,65507191c,debug,render-scroll,avg_ms,1.1314
1787326653,65507191c,debug,render-scroll,p50_ms,1.0410
1787326653,65507191c,debug,render-scroll,p95_ms,1.5955
1787326683,65507191c,debug,monster-search-scroll,paint_p50_ms,0.0000
1787326683,65507191c,debug,monster-search-scroll,paint_max_ms,0.0000
1787326695,65507191c,debug,wall,open_ms,81.6538
1787326695,65507191c,debug,wall,typing_p50_ms,1.1500
1787326723,65507191c,debug,burst-typing,p50_ms,4.5382
1787326723,65507191c,debug,burst-typing,p95_ms,8.2875
1787326766,65507191c,debug,typing,monster_p50_ms,2.5867
1787326766,65507191c,debug,typing,scratch_p50_ms,0.6935
1787326769,65507191c,debug,documents-list,refresh_ms,12.7215
1787326769,65507191c,debug,documents-list,scroll_p50_ms,0.1193
1787326769,65507191c,debug,documents-list,paint_p50_ms,0.3440
1787326773,65507191c,debug,plain-typing,keystroke_p50_ms,0.2707
1787326775,65507191c,debug,fold-toggle,monster_ms,1.6617
1787326822,65507191c,debug,diff-open,open_ms,34.0382
1787326822,65507191c,debug,diff-typing,p50_ms,1.0872
1787326823,65507191c,debug,diff-resize,frame_p50_ms,24.0589
1787326823,65507191c,debug,diff-resize,frame_worst_ms,24.6139
1787326882,65507191c,debug,monster-resize,sync_ms,2.8064
1787326882,65507191c,debug,monster-resize,repair_effect_ms,34.3121
1787326909,65507191c,debug,code-typing,p50_ms,0.6121
1787326909,65507191c,debug,code-typing,p95_ms,0.6733
1787326929,65507191c,debug,list-scroll,build_ms,4.1430
1787326929,65507191c,debug,list-scroll,frame_p50_ms,0.0323
1787326929,65507191c,debug,list-scroll,frame_p95_ms,0.0353
1787326929,65507191c,debug,tree-ops,toggle_ms,0.0867
1787326929,65507191c,debug,tree-ops,build_ms,308.3180
1787326952,65507191c,debug,search-landing,worst_ms,64.9487
1787326952,65507191c,debug,search-scroll,paint_p50_ms,0.2280
1787326952,65507191c,debug,search-scroll,paint_p95_ms,0.4217
1787326985,65507191c,debug,search-landing,worst_ms,69.2440
1787326985,65507191c,debug,search-scroll,paint_p50_ms,0.2718
1787326985,65507191c,debug,search-scroll,paint_p95_ms,0.5062
1787327040,65507191c,debug,tree-demo,toggle_ms,0.4036
1787327046,65507191c,debug,styled-typing,p50_ms,2.6615
1787327046,65507191c,debug,styled-typing,p95_ms,3.9046
1787327084,65507191c,debug,monster-scroll,paint_p50_ms,2.3159
1787327084,65507191c,debug,monster-scroll,paint_p95_ms,3.0304
1787327114,65507191c,debug,monster-search-scroll,paint_p50_ms,0.0000
1787327114,65507191c,debug,monster-search-scroll,paint_max_ms,0.0000
1787327151,65507191c,debug,render-scroll,avg_ms,1.1141
1787327151,65507191c,debug,render-scroll,p50_ms,1.0271
1787327151,65507191c,debug,render-scroll,p95_ms,1.5752
1787327167,65507191c,debug,wall,open_ms,96.1732
1787327167,65507191c,debug,wall,typing_p50_ms,1.4529
1787327195,65507191c,debug,burst-typing,p50_ms,5.1715
1787327195,65507191c,debug,burst-typing,p95_ms,9.3347
1787327241,65507191c,debug,typing,monster_p50_ms,2.8622
1787327241,65507191c,debug,typing,scratch_p50_ms,0.7641
1787327242,65507191c,debug,documents-list,refresh_ms,19.9558
1787327242,65507191c,debug,documents-list,scroll_p50_ms,0.1410
1787327242,65507191c,debug,documents-list,paint_p50_ms,0.4063
1787327248,65507191c,debug,plain-typing,keystroke_p50_ms,0.2910
1787327249,65507191c,debug,fold-toggle,monster_ms,1.7890
1787327292,65507191c,debug,diff-open,open_ms,35.7374
1787327292,65507191c,debug,diff-typing,p50_ms,1.1733
1787327293,65507191c,debug,diff-resize,frame_p50_ms,24.9590
1787327293,65507191c,debug,diff-resize,frame_worst_ms,25.2357
1787327322,65507191c,debug,monster-resize,sync_ms,2.8921
1787327322,65507191c,debug,monster-resize,repair_effect_ms,35.4189
1787327334,65507191c,debug,code-typing,p50_ms,0.6395
1787327334,65507191c,debug,code-typing,p95_ms,0.8123
1787327341,65507191c,debug,list-scroll,build_ms,4.0399
1787327341,65507191c,debug,list-scroll,frame_p50_ms,0.0333
1787327341,65507191c,debug,list-scroll,frame_p95_ms,0.0365
1787327342,65507191c,debug,tree-ops,toggle_ms,0.0919
1787327342,65507191c,debug,tree-ops,build_ms,317.3013
1787327361,65507191c,debug,search-landing,worst_ms,59.8981
1787327361,65507191c,debug,search-scroll,paint_p50_ms,0.2017
1787327361,65507191c,debug,search-scroll,paint_p95_ms,0.3526
1787329470,76e8f1729,debug,tree-demo,toggle_ms,0.3766
1787329482,76e8f1729,debug,styled-typing,p50_ms,2.6723
1787329482,76e8f1729,debug,styled-typing,p95_ms,3.5363
1787329519,76e8f1729,debug,monster-scroll,paint_p50_ms,2.2957
1787329519,76e8f1729,debug,monster-scroll,paint_p95_ms,2.9122
1787329548,76e8f1729,debug,monster-search-scroll,paint_p50_ms,0.0000
1787329548,76e8f1729,debug,monster-search-scroll,paint_max_ms,0.0000
1787329584,76e8f1729,debug,render-scroll,avg_ms,1.1391
1787329584,76e8f1729,debug,render-scroll,p50_ms,1.0533
1787329584,76e8f1729,debug,render-scroll,p95_ms,1.5961
1787329595,76e8f1729,debug,wall,open_ms,81.0315
1787329595,76e8f1729,debug,wall,typing_p50_ms,1.1452
1787329623,76e8f1729,debug,burst-typing,p50_ms,4.6960
1787329623,76e8f1729,debug,burst-typing,p95_ms,8.2991
1787329665,76e8f1729,debug,typing,monster_p50_ms,2.5966
1787329665,76e8f1729,debug,typing,scratch_p50_ms,0.7021
1787329669,76e8f1729,debug,documents-list,refresh_ms,13.7155
1787329669,76e8f1729,debug,documents-list,scroll_p50_ms,0.1135
1787329669,76e8f1729,debug,documents-list,paint_p50_ms,0.3437
1787329673,76e8f1729,debug,plain-typing,keystroke_p50_ms,0.2725
1787329675,76e8f1729,debug,fold-toggle,monster_ms,1.6383
1787331176,152ce672f,debug,monster-scroll,paint_p50_ms,2.5159
1787331176,152ce672f,debug,monster-scroll,paint_p95_ms,3.4899
1787331176,152ce672f,debug,tree-demo,toggle_ms,0.4439
1787331207,152ce672f,debug,monster-search-scroll,paint_p50_ms,0.0000
1787331207,152ce672f,debug,monster-search-scroll,paint_max_ms,0.0000
1787331248,152ce672f,debug,styled-typing,p50_ms,2.4678
1787331248,152ce672f,debug,styled-typing,p95_ms,3.1728
1787331285,152ce672f,debug,render-scroll,avg_ms,1.1183
1787331285,152ce672f,debug,render-scroll,p50_ms,1.0325
1787331285,152ce672f,debug,render-scroll,p95_ms,1.5862
1787331295,152ce672f,debug,wall,open_ms,80.5620
1787331295,152ce672f,debug,wall,typing_p50_ms,1.2500
1787331323,152ce672f,debug,burst-typing,p50_ms,4.5549
1787331323,152ce672f,debug,burst-typing,p95_ms,7.9002
1787331365,152ce672f,debug,typing,monster_p50_ms,2.6593
1787331365,152ce672f,debug,typing,scratch_p50_ms,0.6546
1787331369,152ce672f,debug,documents-list,refresh_ms,13.2010
1787331369,152ce672f,debug,documents-list,scroll_p50_ms,0.1161
1787331369,152ce672f,debug,documents-list,paint_p50_ms,0.3446
1787331372,152ce672f,debug,plain-typing,keystroke_p50_ms,0.2862
1787331374,152ce672f,debug,fold-toggle,monster_ms,1.6207
1787331425,152ce672f,debug,diff-open,open_ms,33.9538
1787331425,152ce672f,debug,diff-typing,p50_ms,1.0933
1787331426,152ce672f,debug,diff-resize,frame_p50_ms,23.8789
1787331426,152ce672f,debug,diff-resize,frame_worst_ms,24.2356
1787331496,152ce672f,debug,monster-resize,sync_ms,2.8003
1787331496,152ce672f,debug,monster-resize,repair_effect_ms,34.1067
1787331528,152ce672f,debug,code-typing,p50_ms,0.6007
1787331528,152ce672f,debug,code-typing,p95_ms,0.6402
1787331553,152ce672f,debug,list-scroll,build_ms,5.2956
1787331553,152ce672f,debug,list-scroll,frame_p50_ms,0.0355
1787331553,152ce672f,debug,list-scroll,frame_p95_ms,0.0480
1787331554,152ce672f,debug,tree-ops,toggle_ms,0.0884
1787331554,152ce672f,debug,tree-ops,build_ms,318.8081
1787331579,152ce672f,debug,search-landing,worst_ms,61.4732
1787331579,152ce672f,debug,search-scroll,paint_p50_ms,0.2113
1787331579,152ce672f,debug,search-scroll,paint_p95_ms,0.3691
1787331996,152ce672f,debug,tree-demo,toggle_ms,0.4143
1787332002,152ce672f,debug,styled-typing,p50_ms,2.6347
1787332002,152ce672f,debug,styled-typing,p95_ms,3.5868
1787332036,152ce672f,debug,monster-scroll,paint_p50_ms,2.2522
1787332036,152ce672f,debug,monster-scroll,paint_p95_ms,2.8670
1787332065,152ce672f,debug,monster-search-scroll,paint_p50_ms,0.0000
1787332065,152ce672f,debug,monster-search-scroll,paint_max_ms,0.0000
1787332102,152ce672f,debug,render-scroll,avg_ms,1.1147
1787332102,152ce672f,debug,render-scroll,p50_ms,1.0267
1787332102,152ce672f,debug,render-scroll,p95_ms,1.5729
1787332114,152ce672f,debug,wall,open_ms,81.2402
1787332114,152ce672f,debug,wall,typing_p50_ms,1.1549
1787332142,152ce672f,debug,burst-typing,p50_ms,4.6252
1787332142,152ce672f,debug,burst-typing,p95_ms,8.1885
1787332184,152ce672f,debug,typing,monster_p50_ms,2.5232
1787332184,152ce672f,debug,typing,scratch_p50_ms,0.6160
1787332188,152ce672f,debug,documents-list,refresh_ms,12.5611
1787332188,152ce672f,debug,documents-list,scroll_p50_ms,0.1185
1787332188,152ce672f,debug,documents-list,paint_p50_ms,0.3490
1787332192,152ce672f,debug,plain-typing,keystroke_p50_ms,0.2678
1787332194,152ce672f,debug,fold-toggle,monster_ms,1.6215
1787332248,152ce672f,debug,diff-open,open_ms,34.5391
1787332248,152ce672f,debug,diff-typing,p50_ms,1.0923
1787332249,152ce672f,debug,diff-resize,frame_p50_ms,23.8560
1787332249,152ce672f,debug,diff-resize,frame_worst_ms,24.2973
1787332320,152ce672f,debug,monster-resize,sync_ms,3.0062
1787332320,152ce672f,debug,monster-resize,repair_effect_ms,36.1208
1787332354,152ce672f,debug,code-typing,p50_ms,0.6005
1787332354,152ce672f,debug,code-typing,p95_ms,0.6281
1787332379,152ce672f,debug,list-scroll,build_ms,3.9407
1787332379,152ce672f,debug,list-scroll,frame_p50_ms,0.0326
1787332379,152ce672f,debug,list-scroll,frame_p95_ms,0.0358
1787332379,152ce672f,debug,tree-ops,toggle_ms,0.0918
1787332379,152ce672f,debug,tree-ops,build_ms,308.8009
1787332403,152ce672f,debug,search-scroll,paint_p50_ms,0.2059
1787332403,152ce672f,debug,search-scroll,paint_p95_ms,0.3356
1787332403,152ce672f,debug,search-landing,worst_ms,60.7712
1787333620,152ce672f,debug,tree-demo,toggle_ms,0.4071
1787333626,152ce672f,debug,styled-typing,p50_ms,2.7272
1787333626,152ce672f,debug,styled-typing,p95_ms,3.6770
1787333663,152ce672f,debug,monster-scroll,paint_p50_ms,2.3103
1787333663,152ce672f,debug,monster-scroll,paint_p95_ms,2.9926
1787333692,152ce672f,debug,monster-search-scroll,paint_p50_ms,0.0000
1787333692,152ce672f,debug,monster-search-scroll,paint_max_ms,0.0000
1787333729,152ce672f,debug,render-scroll,avg_ms,1.1248
1787333729,152ce672f,debug,render-scroll,p50_ms,1.0402
1787333729,152ce672f,debug,render-scroll,p95_ms,1.5827
1787333739,152ce672f,debug,wall,open_ms,83.6870
1787333739,152ce672f,debug,wall,typing_p50_ms,1.2410
1787333768,152ce672f,debug,burst-typing,p50_ms,4.6756
1787333768,152ce672f,debug,burst-typing,p95_ms,8.2865
1787333810,152ce672f,debug,typing,monster_p50_ms,2.7618
1787333810,152ce672f,debug,typing,scratch_p50_ms,0.7558
1787333816,152ce672f,debug,documents-list,refresh_ms,13.0589
1787333816,152ce672f,debug,documents-list,scroll_p50_ms,0.1162
1787333816,152ce672f,debug,documents-list,paint_p50_ms,0.3534
1787333820,152ce672f,debug,plain-typing,keystroke_p50_ms,0.2681
1787333821,152ce672f,debug,fold-toggle,monster_ms,1.6476
1787334076,152ce672f,debug,tree-demo,toggle_ms,0.4173
1787334082,152ce672f,debug,styled-typing,p50_ms,2.7520
1787334082,152ce672f,debug,styled-typing,p95_ms,3.7158
1787334119,152ce672f,debug,monster-scroll,paint_p50_ms,2.3506
1787334119,152ce672f,debug,monster-scroll,paint_p95_ms,3.0674
1787334149,152ce672f,debug,monster-search-scroll,paint_p50_ms,0.0000
1787334149,152ce672f,debug,monster-search-scroll,paint_max_ms,0.0000
1787334187,152ce672f,debug,render-scroll,avg_ms,1.1705
1787334187,152ce672f,debug,render-scroll,p50_ms,1.0795
1787334187,152ce672f,debug,render-scroll,p95_ms,1.6357
1787334198,152ce672f,debug,wall,open_ms,82.0537
1787334198,152ce672f,debug,wall,typing_p50_ms,1.2257
1787334226,152ce672f,debug,burst-typing,p50_ms,4.6748
1787334226,152ce672f,debug,burst-typing,p95_ms,8.7830
1787334269,152ce672f,debug,typing,monster_p50_ms,2.7348
1787334269,152ce672f,debug,typing,scratch_p50_ms,0.6816
1787334271,152ce672f,debug,documents-list,refresh_ms,16.1870
1787334271,152ce672f,debug,documents-list,scroll_p50_ms,0.1135
1787334271,152ce672f,debug,documents-list,paint_p50_ms,0.3435
1787334275,152ce672f,debug,plain-typing,keystroke_p50_ms,0.3091
1787334276,152ce672f,debug,fold-toggle,monster_ms,1.7705
1787334340,152ce672f,debug,diff-open,open_ms,35.1528
1787334340,152ce672f,debug,diff-typing,p50_ms,1.0735
1787334341,152ce672f,debug,diff-resize,frame_p50_ms,24.1877
1787334341,152ce672f,debug,diff-resize,frame_worst_ms,24.3715
1787334621,152ce672f,debug,monster-resize,sync_ms,2.7671
1787334621,152ce672f,debug,monster-resize,repair_effect_ms,33.7512
1787337225,152ce672f,debug,code-typing,p50_ms,0.6007
1787337225,152ce672f,debug,code-typing,p95_ms,0.6193
1787337254,152ce672f,debug,list-scroll,build_ms,4.0023
1787337254,152ce672f,debug,list-scroll,frame_p50_ms,0.0325
1787337254,152ce672f,debug,list-scroll,frame_p95_ms,0.0352
1787337254,152ce672f,debug,tree-ops,toggle_ms,0.0857
1787337254,152ce672f,debug,tree-ops,build_ms,304.8083
1787337279,152ce672f,debug,search-landing,worst_ms,57.5167
1787337279,152ce672f,debug,search-scroll,paint_p50_ms,0.1975
1787337279,152ce672f,debug,search-scroll,paint_p95_ms,0.3530
1787337540,152ce672f,debug,tree-demo,toggle_ms,0.4182
1787337546,152ce672f,debug,styled-typing,p50_ms,2.8503
1787337546,152ce672f,debug,styled-typing,p95_ms,3.7731
1787337579,152ce672f,debug,monster-search-scroll,paint_p50_ms,0.0000
1787337579,152ce672f,debug,monster-search-scroll,paint_max_ms,0.0000
1787337617,152ce672f,debug,render-scroll,avg_ms,1.1615
1787337617,152ce672f,debug,render-scroll,p50_ms,1.0763
1787337617,152ce672f,debug,render-scroll,p95_ms,1.6328
1787337650,152ce672f,debug,monster-scroll,paint_p50_ms,2.3195
1787337650,152ce672f,debug,monster-scroll,paint_p95_ms,2.9438
1787337661,152ce672f,debug,wall,open_ms,83.0363
1787337661,152ce672f,debug,wall,typing_p50_ms,1.2334
1787337689,152ce672f,debug,burst-typing,p50_ms,4.6417
1787337689,152ce672f,debug,burst-typing,p95_ms,8.3155
1787337732,152ce672f,debug,typing,monster_p50_ms,2.7752
1787337732,152ce672f,debug,typing,scratch_p50_ms,0.7368
1787337734,152ce672f,debug,documents-list,refresh_ms,17.0030
1787337734,152ce672f,debug,documents-list,scroll_p50_ms,0.1215
1787337734,152ce672f,debug,documents-list,paint_p50_ms,0.3573
1787337738,152ce672f,debug,plain-typing,keystroke_p50_ms,0.2715
1787337740,152ce672f,debug,fold-toggle,monster_ms,1.7841
1787337777,152ce672f,debug,diff-open,open_ms,34.9426
1787337777,152ce672f,debug,diff-typing,p50_ms,1.0665
1787337778,152ce672f,debug,diff-resize,frame_p50_ms,24.2793
1787337778,152ce672f,debug,diff-resize,frame_worst_ms,24.7138
1787337819,152ce672f,debug,monster-resize,sync_ms,2.9813
1787337819,152ce672f,debug,monster-resize,repair_effect_ms,35.6396
1787337836,152ce672f,debug,code-typing,p50_ms,0.6182
1787337836,152ce672f,debug,code-typing,p95_ms,0.7874
1787337848,152ce672f,debug,list-scroll,build_ms,3.9546
1787337848,152ce672f,debug,list-scroll,frame_p50_ms,0.0328
1787337848,152ce672f,debug,list-scroll,frame_p95_ms,0.0355
1787337848,152ce672f,debug,tree-ops,toggle_ms,0.0909
1787337848,152ce672f,debug,tree-ops,build_ms,312.1957
1787337867,152ce672f,debug,search-landing,worst_ms,71.2306
1787337867,152ce672f,debug,search-scroll,paint_p50_ms,0.2479
1787337867,152ce672f,debug,search-scroll,paint_p95_ms,0.5087
1787339113,aa45f02d1,debug,tree-demo,toggle_ms,0.4244
1787339133,aa45f02d1,debug,monster-scroll,paint_p50_ms,2.4663
1787339133,aa45f02d1,debug,monster-scroll,paint_p95_ms,3.1448
1787339165,aa45f02d1,debug,monster-search-scroll,paint_p50_ms,0.0000
1787339165,aa45f02d1,debug,monster-search-scroll,paint_max_ms,0.0000
1787339202,aa45f02d1,debug,render-scroll,avg_ms,1.1770
1787339202,aa45f02d1,debug,render-scroll,p50_ms,1.0892
1787339202,aa45f02d1,debug,render-scroll,p95_ms,1.6458
1787339242,aa45f02d1,debug,styled-typing,p50_ms,2.5312
1787339242,aa45f02d1,debug,styled-typing,p95_ms,3.3549
1787339254,aa45f02d1,debug,wall,open_ms,82.3817
1787339254,aa45f02d1,debug,wall,typing_p50_ms,1.2870
1787339282,aa45f02d1,debug,burst-typing,p50_ms,4.6723
1787339282,aa45f02d1,debug,burst-typing,p95_ms,8.1338
1787339326,aa45f02d1,debug,typing,monster_p50_ms,2.8439
1787339326,aa45f02d1,debug,typing,scratch_p50_ms,0.7959
1787339332,aa45f02d1,debug,documents-list,refresh_ms,13.9134
1787339332,aa45f02d1,debug,documents-list,scroll_p50_ms,0.1173
1787339332,aa45f02d1,debug,documents-list,paint_p50_ms,0.3546
1787339336,aa45f02d1,debug,plain-typing,keystroke_p50_ms,0.2780
1787339338,aa45f02d1,debug,fold-toggle,monster_ms,1.7834
1787345487,1d95f7c98,debug,tree-demo,toggle_ms,0.4104
1787345491,1d95f7c98,debug,render-scroll,avg_ms,1.2270
1787345491,1d95f7c98,debug,render-scroll,p50_ms,1.1241
1787345491,1d95f7c98,debug,render-scroll,p95_ms,1.7032
1787345521,1d95f7c98,debug,monster-search-scroll,paint_p50_ms,0.0000
1787345521,1d95f7c98,debug,monster-search-scroll,paint_max_ms,0.0000
1787345555,1d95f7c98,debug,monster-scroll,paint_p50_ms,2.3311
1787345555,1d95f7c98,debug,monster-scroll,paint_p95_ms,2.9875
1787345595,1d95f7c98,debug,styled-typing,p50_ms,2.4941
1787345595,1d95f7c98,debug,styled-typing,p95_ms,3.1866
1787345608,1d95f7c98,debug,wall,open_ms,81.9573
1787345608,1d95f7c98,debug,wall,typing_p50_ms,1.2708
1787345637,1d95f7c98,debug,burst-typing,p50_ms,4.6369
1787345637,1d95f7c98,debug,burst-typing,p95_ms,8.0996
1787345679,1d95f7c98,debug,typing,monster_p50_ms,2.7377
1787345679,1d95f7c98,debug,typing,scratch_p50_ms,0.6639
1787345685,1d95f7c98,debug,documents-list,refresh_ms,13.0245
1787345685,1d95f7c98,debug,documents-list,scroll_p50_ms,0.1208
1787345685,1d95f7c98,debug,documents-list,paint_p50_ms,0.3560
1787345696,1d95f7c98,debug,plain-typing,keystroke_p50_ms,0.2677
1787345698,1d95f7c98,debug,fold-toggle,monster_ms,1.8306
1787345765,1d95f7c98,debug,diff-open,open_ms,34.5453
1787345766,1d95f7c98,debug,diff-typing,p50_ms,1.1241
1787345767,1d95f7c98,debug,diff-resize,frame_p50_ms,24.0883
1787345767,1d95f7c98,debug,diff-resize,frame_worst_ms,24.8576
1787345872,1d95f7c98,debug,monster-resize,sync_ms,2.9361
1787345872,1d95f7c98,debug,monster-resize,repair_effect_ms,35.2597
1787345922,1d95f7c98,debug,code-typing,p50_ms,0.6187
1787345922,1d95f7c98,debug,code-typing,p95_ms,0.6717
1787345962,1d95f7c98,debug,list-scroll,build_ms,6.2720
1787345962,1d95f7c98,debug,list-scroll,frame_p50_ms,0.0380
1787345962,1d95f7c98,debug,list-scroll,frame_p95_ms,0.0628
1787345963,1d95f7c98,debug,tree-ops,toggle_ms,0.0911
1787345963,1d95f7c98,debug,tree-ops,build_ms,337.7880
1787345995,1d95f7c98,debug,search-landing,worst_ms,70.3388
1787345995,1d95f7c98,debug,search-scroll,paint_p50_ms,0.2404
1787345995,1d95f7c98,debug,search-scroll,paint_p95_ms,0.5271
1787395085,2c16089c9,debug,list-scroll,build_ms,3.9617
1787395085,2c16089c9,debug,list-scroll,frame_p50_ms,0.0326
1787395085,2c16089c9,debug,list-scroll,frame_p95_ms,0.0353
1787395086,2c16089c9,debug,tree-ops,toggle_ms,0.0872
1787395086,2c16089c9,debug,tree-ops,build_ms,333.4467
1787395642,2c16089c9,debug,list-scroll,build_ms,3.9336
1787395642,2c16089c9,debug,list-scroll,frame_p50_ms,0.0327
1787395642,2c16089c9,debug,list-scroll,frame_p95_ms,0.0355
1787395642,2c16089c9,debug,tree-ops,toggle_ms,0.0895
1787395642,2c16089c9,debug,tree-ops,build_ms,316.3429
1787395654,2c16089c9,debug,list-scroll,build_ms,4.0346
1787395654,2c16089c9,debug,list-scroll,frame_p50_ms,0.0330
1787395654,2c16089c9,debug,list-scroll,frame_p95_ms,0.0357
1787395654,2c16089c9,debug,tree-ops,toggle_ms,0.0882
1787395654,2c16089c9,debug,tree-ops,build_ms,315.0157
1787396449,2c16089c9,debug,list-scroll,build_ms,3.9993
1787396449,2c16089c9,debug,list-scroll,frame_p50_ms,0.0331
1787396449,2c16089c9,debug,list-scroll,frame_p95_ms,0.0466
1787396449,2c16089c9,debug,tree-ops,toggle_ms,0.0911
1787396449,2c16089c9,debug,tree-ops,build_ms,320.5105
1787396454,2c16089c9,debug,list-scroll,build_ms,4.0680
1787396454,2c16089c9,debug,list-scroll,frame_p50_ms,0.0325
1787396454,2c16089c9,debug,list-scroll,frame_p95_ms,0.0353
1787396455,2c16089c9,debug,tree-ops,toggle_ms,0.0891
1787396455,2c16089c9,debug,tree-ops,build_ms,331.0787
1787396590,2c16089c9,debug,monster-search-scroll,paint_p50_ms,0.0000
1787396590,2c16089c9,debug,monster-search-scroll,paint_max_ms,0.0000
1787396594,2c16089c9,debug,tree-demo,toggle_ms,0.4051
1787396631,2c16089c9,debug,styled-typing,p50_ms,2.3995
1787396631,2c16089c9,debug,styled-typing,p95_ms,3.0013
1787396666,2c16089c9,debug,monster-scroll,paint_p50_ms,2.1910
1787396666,2c16089c9,debug,monster-scroll,paint_p95_ms,2.8090
1787396702,2c16089c9,debug,render-scroll,avg_ms,1.1031
1787396702,2c16089c9,debug,render-scroll,p50_ms,1.0182
1787396702,2c16089c9,debug,render-scroll,p95_ms,1.5473
1787396712,2c16089c9,debug,wall,open_ms,82.2034
1787396713,2c16089c9,debug,wall,typing_p50_ms,1.0974
1787396735,2c16089c9,debug,burst-typing,p50_ms,4.5614
1787396735,2c16089c9,debug,burst-typing,p95_ms,8.0603
1787396777,2c16089c9,debug,typing,monster_p50_ms,2.4479
1787396777,2c16089c9,debug,typing,scratch_p50_ms,0.5730
1787396784,2c16089c9,debug,documents-list,refresh_ms,12.9905
1787396784,2c16089c9,debug,documents-list,scroll_p50_ms,0.1170
1787396784,2c16089c9,debug,documents-list,paint_p50_ms,0.3450
1787396794,2c16089c9,debug,plain-typing,keystroke_p50_ms,0.2704
1787396796,2c16089c9,debug,fold-toggle,monster_ms,1.6788
1787396863,2c16089c9,debug,diff-open,open_ms,34.1869
1787396863,2c16089c9,debug,diff-typing,p50_ms,1.1049
1787396864,2c16089c9,debug,diff-resize,frame_p50_ms,23.5893
1787396864,2c16089c9,debug,diff-resize,frame_worst_ms,24.7035
1787396968,2c16089c9,debug,monster-resize,sync_ms,2.8024
1787396968,2c16089c9,debug,monster-resize,repair_effect_ms,33.9748
1787397017,2c16089c9,debug,code-typing,p50_ms,0.6131
1787397017,2c16089c9,debug,code-typing,p95_ms,0.6453
1787397057,2c16089c9,debug,list-scroll,build_ms,5.3247
1787397057,2c16089c9,debug,list-scroll,frame_p50_ms,0.0387
1787397057,2c16089c9,debug,list-scroll,frame_p95_ms,0.0677
1787397057,2c16089c9,debug,tree-ops,toggle_ms,0.0892
1787397057,2c16089c9,debug,tree-ops,build_ms,333.2232
1787397089,2c16089c9,debug,search-scroll,paint_p50_ms,0.2105
1787397089,2c16089c9,debug,search-scroll,paint_p95_ms,0.3737
1787397089,2c16089c9,debug,search-landing,worst_ms,64.0374
1787397201,2c16089c9,debug,tree-demo,toggle_ms,0.4007
1787397207,2c16089c9,debug,styled-typing,p50_ms,2.5302
1787397207,2c16089c9,debug,styled-typing,p95_ms,3.3165
1787397243,2c16089c9,debug,monster-scroll,paint_p50_ms,2.1946
1787397243,2c16089c9,debug,monster-scroll,paint_p95_ms,2.8225
1787397273,2c16089c9,debug,monster-search-scroll,paint_p50_ms,0.0000
1787397273,2c16089c9,debug,monster-search-scroll,paint_max_ms,0.0000
1787397308,2c16089c9,debug,render-scroll,avg_ms,1.0836
1787397308,2c16089c9,debug,render-scroll,p50_ms,1.0010
1787397308,2c16089c9,debug,render-scroll,p95_ms,1.5242
1787397319,2c16089c9,debug,wall,open_ms,80.2487
1787397319,2c16089c9,debug,wall,typing_p50_ms,1.0994
1787397346,2c16089c9,debug,burst-typing,p50_ms,4.6230
1787397346,2c16089c9,debug,burst-typing,p95_ms,8.0942
1787397389,2c16089c9,debug,typing,monster_p50_ms,2.4586
1787397389,2c16089c9,debug,typing,scratch_p50_ms,0.5630
1787397391,2c16089c9,debug,documents-list,refresh_ms,16.0188
1787397391,2c16089c9,debug,documents-list,scroll_p50_ms,0.1239
1787397391,2c16089c9,debug,documents-list,paint_p50_ms,0.3505
1787397396,2c16089c9,debug,plain-typing,keystroke_p50_ms,0.2695
1787397398,2c16089c9,debug,fold-toggle,monster_ms,1.6731
1787400243,2c16089c9,debug,list-scroll,build_ms,3.9410
1787400243,2c16089c9,debug,list-scroll,frame_p50_ms,0.0385
1787400243,2c16089c9,debug,list-scroll,frame_p95_ms,0.0420
1787400243,2c16089c9,debug,tree-ops,toggle_ms,0.0891
1787400243,2c16089c9,debug,tree-ops,build_ms,334.1133
1787400244,2c16089c9,debug,list-scroll,build_ms,4.0410
1787400244,2c16089c9,debug,list-scroll,frame_p50_ms,0.0384
1787400244,2c16089c9,debug,list-scroll,frame_p95_ms,0.0410
1787400245,2c16089c9,debug,tree-ops,toggle_ms,0.0888
1787400245,2c16089c9,debug,tree-ops,build_ms,313.8513
1787401714,2c16089c9,debug,tree-demo,toggle_ms,0.4283
1787401718,2c16089c9,debug,render-scroll,avg_ms,1.3014
1787401718,2c16089c9,debug,render-scroll,p50_ms,1.1981
1787401718,2c16089c9,debug,render-scroll,p95_ms,1.8391
1787401761,2c16089c9,debug,styled-typing,p50_ms,2.3990
1787401761,2c16089c9,debug,styled-typing,p95_ms,3.2668
1787401794,2c16089c9,debug,monster-scroll,paint_p50_ms,2.1728
1787401794,2c16089c9,debug,monster-scroll,paint_p95_ms,2.7751
1787401823,2c16089c9,debug,monster-search-scroll,paint_p50_ms,0.0000
1787401823,2c16089c9,debug,monster-search-scroll,paint_max_ms,0.0000
1787401833,2c16089c9,debug,wall,open_ms,80.8233
1787401833,2c16089c9,debug,wall,typing_p50_ms,1.1027
1787401861,2c16089c9,debug,burst-typing,p50_ms,4.4955
1787401861,2c16089c9,debug,burst-typing,p95_ms,8.1085
1787401903,2c16089c9,debug,typing,monster_p50_ms,2.3044
1787401903,2c16089c9,debug,typing,scratch_p50_ms,0.5468
1787401909,2c16089c9,debug,documents-list,refresh_ms,12.4216
1787401909,2c16089c9,debug,documents-list,scroll_p50_ms,0.1290
1787401909,2c16089c9,debug,documents-list,paint_p50_ms,0.3681
1787401920,2c16089c9,debug,plain-typing,keystroke_p50_ms,0.2655
1787401922,2c16089c9,debug,fold-toggle,monster_ms,1.6419
1787401993,2c16089c9,debug,diff-open,open_ms,34.1953
1787401993,2c16089c9,debug,diff-typing,p50_ms,1.2993
1787401994,2c16089c9,debug,diff-resize,frame_p50_ms,24.1588
1787401994,2c16089c9,debug,diff-resize,frame_worst_ms,24.3242
1787402111,2c16089c9,debug,monster-resize,sync_ms,2.8273
1787402111,2c16089c9,debug,monster-resize,repair_effect_ms,34.0606
1787402465,2c16089c9,debug,monster-resize,sync_ms,2.8718
1787402465,2c16089c9,debug,monster-resize,repair_effect_ms,35.7530
1787402518,2c16089c9,debug,tree-demo,toggle_ms,0.6335
1787402545,2c16089c9,debug,styled-typing,p50_ms,2.6270
1787402545,2c16089c9,debug,styled-typing,p95_ms,3.4034
1787402579,2c16089c9,debug,monster-scroll,paint_p50_ms,2.3337
1787402579,2c16089c9,debug,monster-scroll,paint_p95_ms,3.0243
1787402609,2c16089c9,debug,monster-search-scroll,paint_p50_ms,0.0000
1787402609,2c16089c9,debug,monster-search-scroll,paint_max_ms,0.0000
1787402646,2c16089c9,debug,render-scroll,avg_ms,1.1654
1787402646,2c16089c9,debug,render-scroll,p50_ms,1.0760
1787402646,2c16089c9,debug,render-scroll,p95_ms,1.6385
1787402657,2c16089c9,debug,wall,open_ms,80.7752
1787402657,2c16089c9,debug,wall,typing_p50_ms,1.1227
1787402685,2c16089c9,debug,burst-typing,p50_ms,4.5428
1787402685,2c16089c9,debug,burst-typing,p95_ms,8.4132
1787402727,2c16089c9,debug,typing,monster_p50_ms,2.3974
1787402727,2c16089c9,debug,typing,scratch_p50_ms,0.5617
1787402729,2c16089c9,debug,documents-list,refresh_ms,15.5746
1787402729,2c16089c9,debug,documents-list,scroll_p50_ms,0.1159
1787402729,2c16089c9,debug,documents-list,paint_p50_ms,0.3414
1787402735,2c16089c9,debug,plain-typing,keystroke_p50_ms,0.2736
1787402737,2c16089c9,debug,fold-toggle,monster_ms,1.6523
1787402784,2c16089c9,debug,diff-open,open_ms,34.4462
1787402784,2c16089c9,debug,diff-typing,p50_ms,1.2793
1787402785,2c16089c9,debug,diff-resize,frame_p50_ms,23.3097
1787402785,2c16089c9,debug,diff-resize,frame_worst_ms,23.6822
1787402844,2c16089c9,debug,monster-resize,sync_ms,2.9752
1787402844,2c16089c9,debug,monster-resize,repair_effect_ms,89.0140
1787402897,2c16089c9,debug,code-typing,p50_ms,0.6452
1787402897,2c16089c9,debug,code-typing,p95_ms,0.6790
1787402945,2c16089c9,debug,list-scroll,build_ms,9.0440
1787402945,2c16089c9,debug,list-scroll,frame_p50_ms,0.0393
1787402945,2c16089c9,debug,list-scroll,frame_p95_ms,0.1323
1787402946,2c16089c9,debug,tree-ops,toggle_ms,0.0942
1787402946,2c16089c9,debug,tree-ops,build_ms,439.0092
1787402978,2c16089c9,debug,search-landing,worst_ms,65.1136
1787402978,2c16089c9,debug,search-scroll,paint_p50_ms,0.2321
1787402978,2c16089c9,debug,search-scroll,paint_p95_ms,0.4374
1787403818,2c16089c9,debug,list-scroll,build_ms,4.1935
1787403818,2c16089c9,debug,list-scroll,frame_p50_ms,0.0398
1787403818,2c16089c9,debug,list-scroll,frame_p95_ms,0.0611
1787403818,2c16089c9,debug,tree-ops,toggle_ms,0.0967
1787403818,2c16089c9,debug,tree-ops,build_ms,363.3226
1787403853,2c16089c9,debug,list-scroll,build_ms,3.9907
1787403853,2c16089c9,debug,list-scroll,frame_p50_ms,0.0384
1787403853,2c16089c9,debug,list-scroll,frame_p95_ms,0.0412
1787403854,2c16089c9,debug,tree-ops,toggle_ms,0.0906
1787403854,2c16089c9,debug,tree-ops,build_ms,315.1809
1787404050,2c16089c9,debug,tree-demo,toggle_ms,0.3990
1787404055,ff299c504,debug,styled-typing,p50_ms,2.6695
1787404055,ff299c504,debug,styled-typing,p95_ms,3.4858
1787404092,ff299c504,debug,monster-scroll,paint_p50_ms,2.2848
1787404092,ff299c504,debug,monster-scroll,paint_p95_ms,2.9577
1787404122,ff299c504,debug,monster-search-scroll,paint_p50_ms,0.0000
1787404122,ff299c504,debug,monster-search-scroll,paint_max_ms,0.0000
1787404158,ff299c504,debug,render-scroll,avg_ms,1.0896
1787404158,ff299c504,debug,render-scroll,p50_ms,1.0071
1787404158,ff299c504,debug,render-scroll,p95_ms,1.5278
1787404168,ff299c504,debug,wall,open_ms,81.7460
1787404168,ff299c504,debug,wall,typing_p50_ms,1.1008
1787404196,ff299c504,debug,burst-typing,p50_ms,4.5767
1787404196,ff299c504,debug,burst-typing,p95_ms,8.0470
1787404238,ff299c504,debug,typing,monster_p50_ms,2.6061
1787404238,ff299c504,debug,typing,scratch_p50_ms,0.5713
1787404245,ff299c504,debug,documents-list,refresh_ms,12.7526
1787404245,ff299c504,debug,documents-list,scroll_p50_ms,0.1188
1787404245,ff299c504,debug,documents-list,paint_p50_ms,0.3445
1787404256,ff299c504,debug,plain-typing,keystroke_p50_ms,0.2717
1787404258,ff299c504,debug,fold-toggle,monster_ms,1.6626
1787404435,ff299c504,debug,tree-demo,toggle_ms,0.4619
1787404440,ff299c504,debug,styled-typing,p50_ms,2.8333
1787404440,ff299c504,debug,styled-typing,p95_ms,3.8495
1787404477,ff299c504,debug,monster-scroll,paint_p50_ms,2.2337
1787404477,ff299c504,debug,monster-scroll,paint_p95_ms,2.8753
1787404513,ff299c504,debug,render-scroll,avg_ms,1.1053
1787404513,ff299c504,debug,render-scroll,p50_ms,1.0205
1787404513,ff299c504,debug,render-scroll,p95_ms,1.5614
1787404543,ff299c504,debug,monster-search-scroll,paint_p50_ms,0.0000
1787404543,ff299c504,debug,monster-search-scroll,paint_max_ms,0.0000
1787404553,ff299c504,debug,wall,open_ms,86.9367
1787404553,ff299c504,debug,wall,typing_p50_ms,1.2185
1787404583,ff299c504,debug,burst-typing,p50_ms,4.6787
1787404583,ff299c504,debug,burst-typing,p95_ms,8.1830
1787404628,ff299c504,debug,typing,monster_p50_ms,3.0472
1787404628,ff299c504,debug,typing,scratch_p50_ms,0.7533
1787404635,ff299c504,debug,documents-list,refresh_ms,15.6434
1787404635,ff299c504,debug,documents-list,scroll_p50_ms,0.1232
1787404635,ff299c504,debug,documents-list,paint_p50_ms,0.3577
1787404645,ff299c504,debug,plain-typing,keystroke_p50_ms,0.2706
1787404647,ff299c504,debug,fold-toggle,monster_ms,1.6485
1787404717,ff299c504,debug,diff-open,open_ms,33.8186
1787404717,ff299c504,debug,diff-typing,p50_ms,1.3806
1787404718,ff299c504,debug,diff-resize,frame_p50_ms,23.4358
1787404718,ff299c504,debug,diff-resize,frame_worst_ms,23.9055
1787404834,ff299c504,debug,monster-resize,sync_ms,2.8038
1787404834,ff299c504,debug,monster-resize,repair_effect_ms,34.9620
1787404889,ff299c504,debug,code-typing,p50_ms,0.6248
1787404889,ff299c504,debug,code-typing,p95_ms,0.7958
1787404933,ff299c504,debug,list-scroll,build_ms,8.2408
1787404933,ff299c504,debug,list-scroll,frame_p50_ms,0.0415
1787404933,ff299c504,debug,list-scroll,frame_p95_ms,0.0507
1787404934,ff299c504,debug,tree-ops,toggle_ms,0.0881
1787404934,ff299c504,debug,tree-ops,build_ms,326.8302
1787404964,ff299c504,debug,search-landing,worst_ms,64.0513
1787404964,ff299c504,debug,search-scroll,paint_p50_ms,0.2398
1787404964,ff299c504,debug,search-scroll,paint_p95_ms,0.3818
1787409424,ff299c504,debug,tree-demo,toggle_ms,0.3978
1787409429,ff299c504,debug,styled-typing,p50_ms,2.8207
1787409429,ff299c504,debug,styled-typing,p95_ms,3.8237
1787409466,ff299c504,debug,monster-scroll,paint_p50_ms,2.3346
1787409466,ff299c504,debug,monster-scroll,paint_p95_ms,3.0030
1787409496,ff299c504,debug,monster-search-scroll,paint_p50_ms,0.0000
1787409496,ff299c504,debug,monster-search-scroll,paint_max_ms,0.0000
1787409533,ff299c504,debug,render-scroll,avg_ms,1.1621
1787409533,ff299c504,debug,render-scroll,p50_ms,1.0769
1787409533,ff299c504,debug,render-scroll,p95_ms,1.6355
1787409545,ff299c504,debug,wall,open_ms,81.8138
1787409545,ff299c504,debug,wall,typing_p50_ms,1.2774
1787409573,ff299c504,debug,burst-typing,p50_ms,4.7925
1787409573,ff299c504,debug,burst-typing,p95_ms,8.2650
1787409617,ff299c504,debug,typing,monster_p50_ms,2.8452
1787409617,ff299c504,debug,typing,scratch_p50_ms,0.7935
1787409625,ff299c504,debug,documents-list,refresh_ms,14.0101
1787409625,ff299c504,debug,documents-list,scroll_p50_ms,0.1253
1787409625,ff299c504,debug,documents-list,paint_p50_ms,0.3698
1787409639,ff299c504,debug,plain-typing,keystroke_p50_ms,0.3059
1787409641,ff299c504,debug,fold-toggle,monster_ms,1.6190
1787409725,ff299c504,debug,diff-open,open_ms,34.2866
1787409725,ff299c504,debug,diff-typing,p50_ms,1.3496
1787409726,ff299c504,debug,diff-resize,frame_p50_ms,24.0523
1787409726,ff299c504,debug,diff-resize,frame_worst_ms,24.4212
1787409854,ff299c504,debug,monster-resize,sync_ms,2.8774
1787409854,ff299c504,debug,monster-resize,repair_effect_ms,34.7804
1787409921,ff299c504,debug,code-typing,p50_ms,0.6263
1787409921,ff299c504,debug,code-typing,p95_ms,0.6910
1787409973,ff299c504,debug,list-scroll,build_ms,4.1313
1787409973,ff299c504,debug,list-scroll,frame_p50_ms,0.0377
1787409973,ff299c504,debug,list-scroll,frame_p95_ms,0.0420
1787409973,ff299c504,debug,tree-ops,toggle_ms,0.0908
1787409973,ff299c504,debug,tree-ops,build_ms,318.7437
1787410005,ff299c504,debug,search-landing,worst_ms,65.7365
1787410005,ff299c504,debug,search-scroll,paint_p50_ms,0.2475
1787410005,ff299c504,debug,search-scroll,paint_p95_ms,0.4385
1787410292,ff299c504,debug,monster-search-scroll,paint_p50_ms,0.0000
1787410292,ff299c504,debug,monster-search-scroll,paint_max_ms,0.0000
1787410297,ff299c504,debug,tree-demo,toggle_ms,0.6231
1787410328,ff299c504,debug,monster-scroll,paint_p50_ms,2.3438
1787410328,ff299c504,debug,monster-scroll,paint_p95_ms,3.0700
1787410369,ff299c504,debug,styled-typing,p50_ms,2.6218
1787410369,ff299c504,debug,styled-typing,p95_ms,3.3174
1787410407,ff299c504,debug,render-scroll,avg_ms,1.1548
1787410407,ff299c504,debug,render-scroll,p50_ms,1.0696
1787410407,ff299c504,debug,render-scroll,p95_ms,1.6278
1787410420,ff299c504,debug,wall,open_ms,81.8678
1787410420,ff299c504,debug,wall,typing_p50_ms,1.2925
1787410449,ff299c504,debug,burst-typing,p50_ms,4.7834
1787410449,ff299c504,debug,burst-typing,p95_ms,8.2704
1787410492,ff299c504,debug,typing,monster_p50_ms,2.7392
1787410492,ff299c504,debug,typing,scratch_p50_ms,0.6965
1787410494,ff299c504,debug,documents-list,refresh_ms,17.3723
1787410494,ff299c504,debug,documents-list,scroll_p50_ms,0.1187
1787410494,ff299c504,debug,documents-list,paint_p50_ms,0.3599
1787410501,ff299c504,debug,plain-typing,keystroke_p50_ms,0.2944
1787410502,ff299c504,debug,fold-toggle,monster_ms,1.6437
1787410546,ff299c504,debug,diff-open,open_ms,34.1167
1787410547,ff299c504,debug,diff-typing,p50_ms,1.2754
1787410548,ff299c504,debug,diff-resize,frame_p50_ms,24.4125
1787410548,ff299c504,debug,diff-resize,frame_worst_ms,24.9769
1787410605,ff299c504,debug,monster-resize,sync_ms,3.0442
1787410605,ff299c504,debug,monster-resize,repair_effect_ms,35.7261
1787410629,ff299c504,debug,code-typing,p50_ms,0.6155
1787410629,ff299c504,debug,code-typing,p95_ms,0.6980
1787410647,ff299c504,debug,list-scroll,build_ms,4.2167
1787410647,ff299c504,debug,list-scroll,frame_p50_ms,0.0381
1787410647,ff299c504,debug,list-scroll,frame_p95_ms,0.0418
1787410647,ff299c504,debug,tree-ops,toggle_ms,0.0906
1787410647,ff299c504,debug,tree-ops,build_ms,313.9863
1787410667,ff299c504,debug,search-scroll,paint_p50_ms,0.2432
1787410667,ff299c504,debug,search-scroll,paint_p95_ms,0.4518
1787410667,ff299c504,debug,search-landing,worst_ms,68.3236
1787418791,7a792a47f,debug,tree-demo,toggle_ms,0.4277
1787418797,7a792a47f,debug,styled-typing,p50_ms,2.8230
1787418797,7a792a47f,debug,styled-typing,p95_ms,4.1716
1787418834,7a792a47f,debug,monster-scroll,paint_p50_ms,2.3154
1787418834,7a792a47f,debug,monster-scroll,paint_p95_ms,3.0228
1787418864,7a792a47f,debug,monster-search-scroll,paint_p50_ms,0.0000
1787418864,7a792a47f,debug,monster-search-scroll,paint_max_ms,0.0000
1787418900,7a792a47f,debug,render-scroll,avg_ms,1.0969
1787418900,7a792a47f,debug,render-scroll,p50_ms,1.0123
1787418900,7a792a47f,debug,render-scroll,p95_ms,1.5260
1787418911,7a792a47f,debug,wall,open_ms,81.3145
1787418911,7a792a47f,debug,wall,typing_p50_ms,1.2630
1787418940,7a792a47f,debug,burst-typing,p50_ms,5.3302
1787418940,7a792a47f,debug,burst-typing,p95_ms,9.5753
1787418984,7a792a47f,debug,typing,monster_p50_ms,2.4336
1787418984,7a792a47f,debug,typing,scratch_p50_ms,0.6325
1787418993,7a792a47f,debug,documents-list,refresh_ms,13.8000
1787418993,7a792a47f,debug,documents-list,scroll_p50_ms,0.1261
1787418993,7a792a47f,debug,documents-list,paint_p50_ms,0.3604
1787419006,7a792a47f,debug,plain-typing,keystroke_p50_ms,0.2800
1787419008,7a792a47f,debug,fold-toggle,monster_ms,1.6527
1787419098,7a792a47f,debug,diff-open,open_ms,33.8248
1787419098,7a792a47f,debug,diff-typing,p50_ms,1.3329
1787419099,7a792a47f,debug,diff-resize,frame_p50_ms,24.0495
1787419099,7a792a47f,debug,diff-resize,frame_worst_ms,24.2577
1787419247,7a792a47f,debug,monster-resize,sync_ms,2.8547
1787419247,7a792a47f,debug,monster-resize,repair_effect_ms,34.8590
1787419319,7a792a47f,debug,code-typing,p50_ms,0.6163
1787419319,7a792a47f,debug,code-typing,p95_ms,0.6614
1787419376,7a792a47f,debug,list-scroll,build_ms,10.1622
1787419376,7a792a47f,debug,list-scroll,frame_p50_ms,0.0417
1787419376,7a792a47f,debug,list-scroll,frame_p95_ms,0.0634
1787419376,7a792a47f,debug,tree-ops,toggle_ms,0.0888
1787419376,7a792a47f,debug,tree-ops,build_ms,327.7060
1787419415,7a792a47f,debug,search-scroll,paint_p50_ms,0.3018
1787419415,7a792a47f,debug,search-scroll,paint_p95_ms,0.8329
1787419415,7a792a47f,debug,search-landing,worst_ms,90.3015
1787419506,7a792a47f,debug,search-landing,worst_ms,70.5696
1787419506,7a792a47f,debug,search-scroll,paint_p50_ms,0.3129
1787419506,7a792a47f,debug,search-scroll,paint_p95_ms,0.5169
1787419525,7a792a47f,debug,search-landing,worst_ms,68.9050
1787419525,7a792a47f,debug,search-scroll,paint_p50_ms,0.3178
1787419525,7a792a47f,debug,search-scroll,paint_p95_ms,0.5009
1787419528,7a792a47f,debug,search-landing,worst_ms,68.6358
1787419528,7a792a47f,debug,search-scroll,paint_p50_ms,0.3054
1787419528,7a792a47f,debug,search-scroll,paint_p95_ms,0.4919
1787419531,7a792a47f,debug,search-landing,worst_ms,63.7925
1787419531,7a792a47f,debug,search-scroll,paint_p50_ms,0.2899
1787419531,7a792a47f,debug,search-scroll,paint_p95_ms,0.4604
1787419539,7a792a47f,debug,search-landing,worst_ms,67.0321
1787419539,7a792a47f,debug,search-scroll,paint_p50_ms,0.2907
1787419539,7a792a47f,debug,search-scroll,paint_p95_ms,0.4729
1787419542,7a792a47f,debug,search-landing,worst_ms,69.0795
1787419542,7a792a47f,debug,search-scroll,paint_p50_ms,0.2962
1787419542,7a792a47f,debug,search-scroll,paint_p95_ms,0.5130
1787419544,7a792a47f,debug,search-landing,worst_ms,66.5273
1787419544,7a792a47f,debug,search-scroll,paint_p50_ms,0.2951
1787419544,7a792a47f,debug,search-scroll,paint_p95_ms,0.4933
1787419597,7a792a47f,debug,tree-demo,toggle_ms,0.4304
1787419603,7a792a47f,debug,styled-typing,p50_ms,2.7263
1787419603,7a792a47f,debug,styled-typing,p95_ms,3.7475
1787419638,7a792a47f,debug,monster-scroll,paint_p50_ms,2.3085
1787419638,7a792a47f,debug,monster-scroll,paint_p95_ms,3.0062
1787419675,7a792a47f,debug,render-scroll,avg_ms,1.1949
1787419675,7a792a47f,debug,render-scroll,p50_ms,1.0862
1787419675,7a792a47f,debug,render-scroll,p95_ms,1.6875
1787419705,7a792a47f,debug,monster-search-scroll,paint_p50_ms,0.0000
1787419705,7a792a47f,debug,monster-search-scroll,paint_max_ms,0.0000
1787419718,7a792a47f,debug,wall,open_ms,81.1076
1787419718,7a792a47f,debug,wall,typing_p50_ms,1.1074
1787419746,7a792a47f,debug,burst-typing,p50_ms,4.8262
1787419746,7a792a47f,debug,burst-typing,p95_ms,8.5164
1787419789,7a792a47f,debug,typing,monster_p50_ms,2.5423
1787419789,7a792a47f,debug,typing,scratch_p50_ms,0.5948
1787419792,7a792a47f,debug,documents-list,refresh_ms,16.9882
1787419792,7a792a47f,debug,documents-list,scroll_p50_ms,0.1163
1787419792,7a792a47f,debug,documents-list,paint_p50_ms,0.3558
1787419799,7a792a47f,debug,plain-typing,keystroke_p50_ms,0.2800
1787419801,7a792a47f,debug,fold-toggle,monster_ms,1.7291
1787419847,7a792a47f,debug,diff-open,open_ms,34.3619
1787419847,7a792a47f,debug,diff-typing,p50_ms,1.3125
1787419848,7a792a47f,debug,diff-resize,frame_p50_ms,23.5730
1787419848,7a792a47f,debug,diff-resize,frame_worst_ms,23.9983
1787419905,7a792a47f,debug,monster-resize,sync_ms,2.8481
1787419905,7a792a47f,debug,monster-resize,repair_effect_ms,34.5199
1787419931,7a792a47f,debug,code-typing,p50_ms,0.6169
1787419931,7a792a47f,debug,code-typing,p95_ms,0.6363
1787419950,7a792a47f,debug,list-scroll,build_ms,4.1566
1787419950,7a792a47f,debug,list-scroll,frame_p50_ms,0.0384
1787419950,7a792a47f,debug,list-scroll,frame_p95_ms,0.0413
1787419950,7a792a47f,debug,tree-ops,toggle_ms,0.0885
1787419950,7a792a47f,debug,tree-ops,build_ms,313.6087
1787419970,7a792a47f,debug,search-landing,worst_ms,56.5056
1787419970,7a792a47f,debug,search-scroll,paint_p50_ms,0.2140
1787419970,7a792a47f,debug,search-scroll,paint_p95_ms,0.3265
1787422370,065034899,debug,monster-resize,sync_ms,3.0343
1787422370,065034899,debug,monster-resize,repair_effect_ms,35.9721
1787422383,065034899,debug,code-typing,p50_ms,0.6290
1787422383,065034899,debug,code-typing,p95_ms,0.8397
1787422566,065034899,debug,tree-demo,toggle_ms,0.4128
1787422571,065034899,debug,styled-typing,p50_ms,2.8130
1787422571,065034899,debug,styled-typing,p95_ms,3.7726
1787422608,065034899,debug,monster-scroll,paint_p50_ms,2.2590
1787422608,065034899,debug,monster-scroll,paint_p95_ms,2.8796
1787422637,065034899,debug,monster-search-scroll,paint_p50_ms,0.0000
1787422637,065034899,debug,monster-search-scroll,paint_max_ms,0.0000
1787422671,065034899,debug,render-scroll,avg_ms,1.1006
1787422671,065034899,debug,render-scroll,p50_ms,1.0162
1787422671,065034899,debug,render-scroll,p95_ms,1.5353
1787422682,559c023a9,debug,wall,open_ms,79.7644
1787422682,559c023a9,debug,wall,typing_p50_ms,1.1860
1787422710,559c023a9,debug,burst-typing,p50_ms,4.6348
1787422710,559c023a9,debug,burst-typing,p95_ms,8.2527
1787422753,559c023a9,debug,typing,monster_p50_ms,2.5004
1787422753,559c023a9,debug,typing,scratch_p50_ms,0.6384
1787422763,559c023a9,debug,documents-list,refresh_ms,13.6033
1787422763,559c023a9,debug,documents-list,scroll_p50_ms,0.1201
1787422763,559c023a9,debug,documents-list,paint_p50_ms,0.3552
1787422779,559c023a9,debug,plain-typing,keystroke_p50_ms,0.2665
1787422780,559c023a9,debug,fold-toggle,monster_ms,1.6202
1787422880,559c023a9,debug,diff-open,open_ms,34.9287
1787422880,559c023a9,debug,diff-typing,p50_ms,1.3023
1787422881,559c023a9,debug,diff-resize,frame_p50_ms,24.4457
1787422881,559c023a9,debug,diff-resize,frame_worst_ms,25.7524
1787423048,559c023a9,debug,monster-resize,sync_ms,2.7793
1787423048,559c023a9,debug,monster-resize,repair_effect_ms,33.7983
1787423132,559c023a9,debug,code-typing,p50_ms,0.6003
1787423132,559c023a9,debug,code-typing,p95_ms,0.6308
1787423198,559c023a9,debug,list-scroll,build_ms,4.0184
1787423198,559c023a9,debug,list-scroll,frame_p50_ms,0.0381
1787423198,559c023a9,debug,list-scroll,frame_p95_ms,0.0411
1787423198,559c023a9,debug,tree-ops,toggle_ms,0.0872
1787423198,559c023a9,debug,tree-ops,build_ms,306.7476
1787423231,559c023a9,debug,search-landing,worst_ms,57.6402
1787423231,559c023a9,debug,search-scroll,paint_p50_ms,0.2177
1787423231,559c023a9,debug,search-scroll,paint_p95_ms,0.3537
1787489019,559c023a9,debug,search-landing,worst_ms,70.3947
1787489019,559c023a9,debug,search-scroll,paint_p50_ms,0.3061
1787489019,559c023a9,debug,search-scroll,paint_p95_ms,0.5204
1787489026,559c023a9,debug,search-landing,worst_ms,69.0175
1787489026,559c023a9,debug,search-scroll,paint_p50_ms,0.2926
1787489026,559c023a9,debug,search-scroll,paint_p95_ms,0.5128
1787489150,559c023a9,debug,tree-demo,toggle_ms,0.3968
1787489152,559c023a9,debug,styled-typing,p50_ms,3.5103
1787489152,559c023a9,debug,styled-typing,p95_ms,16.7661
1787489201,559c023a9,debug,monster-scroll,paint_p50_ms,2.3773
1787489201,559c023a9,debug,monster-scroll,paint_p95_ms,3.0732
1787489241,559c023a9,debug,monster-search-scroll,paint_p50_ms,0.0000
1787489241,559c023a9,debug,monster-search-scroll,paint_max_ms,0.0000
1787489282,559c023a9,debug,render-scroll,avg_ms,1.1627
1787489282,559c023a9,debug,render-scroll,p50_ms,1.0780
1787489282,559c023a9,debug,render-scroll,p95_ms,1.6176
1787489293,559c023a9,debug,wall,open_ms,83.1198
1787489293,559c023a9,debug,wall,typing_p50_ms,1.2416
1787489320,559c023a9,debug,burst-typing,p50_ms,4.8739
1787489320,559c023a9,debug,burst-typing,p95_ms,8.5407
1787489364,559c023a9,debug,typing,monster_p50_ms,2.9474
1787489364,559c023a9,debug,typing,scratch_p50_ms,0.8395
1787489377,559c023a9,debug,documents-list,refresh_ms,13.6450
1787489377,559c023a9,debug,documents-list,scroll_p50_ms,0.1235
1787489377,559c023a9,debug,documents-list,paint_p50_ms,0.3569
1787489388,559c023a9,debug,plain-typing,keystroke_p50_ms,0.2871
1787489390,559c023a9,debug,fold-toggle,monster_ms,1.7244
1787489487,559c023a9,debug,diff-open,open_ms,33.8563
1787489487,559c023a9,debug,diff-typing,p50_ms,1.4014
1787489488,559c023a9,debug,diff-resize,frame_p50_ms,24.0807
1787489488,559c023a9,debug,diff-resize,frame_worst_ms,24.6710
1787489637,559c023a9,debug,monster-resize,sync_ms,3.0312
1787489637,559c023a9,debug,monster-resize,repair_effect_ms,35.4413
1787489713,559c023a9,debug,code-typing,p50_ms,0.6147
1787489713,559c023a9,debug,code-typing,p95_ms,0.8060
1787489764,559c023a9,debug,list-scroll,build_ms,4.1280
1787489764,559c023a9,debug,list-scroll,frame_p50_ms,0.0385
1787489764,559c023a9,debug,list-scroll,frame_p95_ms,0.0416
1787489765,559c023a9,debug,tree-ops,toggle_ms,0.2322
1787489765,559c023a9,debug,tree-ops,build_ms,321.8877
1787489809,559c023a9,debug,search-landing,worst_ms,74.7544
1787489809,559c023a9,debug,search-scroll,paint_p50_ms,0.2725
1787489809,559c023a9,debug,search-scroll,paint_p95_ms,0.5225
1787490323,559c023a9,debug,plain-typing,keystroke_p50_ms,0.2774
1787490325,559c023a9,debug,fold-toggle,monster_ms,1.6614
1787490334,559c023a9,debug,list-scroll,build_ms,4.1083
1787490334,559c023a9,debug,list-scroll,frame_p50_ms,0.0386
1787490334,559c023a9,debug,list-scroll,frame_p95_ms,0.0415
1787490334,559c023a9,debug,tree-ops,toggle_ms,0.0907
1787490334,559c023a9,debug,tree-ops,build_ms,318.5403
1787490352,559c023a9,debug,search-landing,worst_ms,65.0360
1787490352,559c023a9,debug,search-scroll,paint_p50_ms,0.2954
1787490352,559c023a9,debug,search-scroll,paint_p95_ms,0.4644
1787490581,559c023a9,debug,monster-scroll,paint_p50_ms,3.2195
1787490581,559c023a9,debug,monster-scroll,paint_p95_ms,15.9997
1787490581,559c023a9,debug,tree-demo,toggle_ms,0.4945
1787490632,559c023a9,debug,styled-typing,p50_ms,2.7498
1787490632,559c023a9,debug,styled-typing,p95_ms,3.4535
1787490671,559c023a9,debug,render-scroll,avg_ms,1.1639
1787490671,559c023a9,debug,render-scroll,p50_ms,1.0835
1787490671,559c023a9,debug,render-scroll,p95_ms,1.6240
1787490702,559c023a9,debug,monster-search-scroll,paint_p50_ms,0.0000
1787490702,559c023a9,debug,monster-search-scroll,paint_max_ms,0.0000
1787490714,559c023a9,debug,wall,open_ms,82.3004
1787490714,559c023a9,debug,wall,typing_p50_ms,1.2392
1787490743,559c023a9,debug,burst-typing,p50_ms,4.8342
1787490743,559c023a9,debug,burst-typing,p95_ms,8.3832
1787490786,559c023a9,debug,typing,monster_p50_ms,2.8986
1787490786,559c023a9,debug,typing,scratch_p50_ms,0.7805
1787490798,559c023a9,debug,documents-list,refresh_ms,13.6210
1787490798,559c023a9,debug,documents-list,scroll_p50_ms,0.1289
1787490798,559c023a9,debug,documents-list,paint_p50_ms,0.3721
1787490816,559c023a9,debug,plain-typing,keystroke_p50_ms,0.2948
1787490818,559c023a9,debug,fold-toggle,monster_ms,1.6998
1787490914,559c023a9,debug,diff-open,open_ms,34.4643
1787490914,559c023a9,debug,diff-typing,p50_ms,1.4683
1787490915,559c023a9,debug,diff-resize,frame_p50_ms,24.4244
1787490915,559c023a9,debug,diff-resize,frame_worst_ms,24.9752
1787491081,559c023a9,debug,monster-resize,sync_ms,2.9399
1787491081,559c023a9,debug,monster-resize,repair_effect_ms,35.5050
1787491172,559c023a9,debug,code-typing,p50_ms,0.6280
1787491172,559c023a9,debug,code-typing,p95_ms,0.7846
1787491244,559c023a9,debug,list-scroll,build_ms,10.3709
1787491244,559c023a9,debug,list-scroll,frame_p50_ms,0.0404
1787491244,559c023a9,debug,list-scroll,frame_p95_ms,0.0765
1787491244,559c023a9,debug,tree-ops,toggle_ms,0.0906
1787491244,559c023a9,debug,tree-ops,build_ms,339.2592
1787491283,559c023a9,debug,search-landing,worst_ms,73.9355
1787491283,559c023a9,debug,search-scroll,paint_p50_ms,0.2764
1787491283,559c023a9,debug,search-scroll,paint_p95_ms,0.5105
1787491409,559c023a9,debug,search-landing,worst_ms,68.3475
1787491409,559c023a9,debug,search-scroll,paint_p50_ms,0.2995
1787491409,559c023a9,debug,search-scroll,paint_p95_ms,0.4774
1787491590,559c023a9,debug,tree-demo,toggle_ms,0.4524
1787491595,559c023a9,debug,styled-typing,p50_ms,3.0838
1787491595,559c023a9,debug,styled-typing,p95_ms,4.1365
1787491633,559c023a9,debug,monster-scroll,paint_p50_ms,2.3497
1787491633,559c023a9,debug,monster-scroll,paint_p95_ms,3.0112
1787491663,559c023a9,debug,monster-search-scroll,paint_p50_ms,0.0000
1787491663,559c023a9,debug,monster-search-scroll,paint_max_ms,0.0000
1787491711,559c023a9,debug,render-scroll,avg_ms,1.5326
1787491711,559c023a9,debug,render-scroll,p50_ms,1.2287
1787491711,559c023a9,debug,render-scroll,p95_ms,3.0424
1787491722,559c023a9,debug,wall,open_ms,84.4288
1787491722,559c023a9,debug,wall,typing_p50_ms,1.6734
1787491756,559c023a9,debug,burst-typing,p50_ms,4.8790
1787491756,559c023a9,debug,burst-typing,p95_ms,8.6636
1787491807,559c023a9,debug,typing,monster_p50_ms,2.9710
1787491807,559c023a9,debug,typing,scratch_p50_ms,0.8510
1787491818,559c023a9,debug,documents-list,refresh_ms,13.9416
1787491818,559c023a9,debug,documents-list,scroll_p50_ms,0.1225
1787491818,559c023a9,debug,documents-list,paint_p50_ms,0.3586
1787491827,559c023a9,debug,plain-typing,keystroke_p50_ms,0.2903
1787491829,559c023a9,debug,fold-toggle,monster_ms,1.6970
1787491896,559c023a9,debug,diff-open,open_ms,34.5335
1787491896,559c023a9,debug,diff-typing,p50_ms,1.3687
1787491897,559c023a9,debug,diff-resize,frame_p50_ms,24.5950
1787491897,559c023a9,debug,diff-resize,frame_worst_ms,24.9189
1787491977,559c023a9,debug,monster-resize,sync_ms,3.1085
1787491977,559c023a9,debug,monster-resize,repair_effect_ms,36.7860
1787492033,559c023a9,debug,code-typing,p50_ms,0.6127
1787492033,559c023a9,debug,code-typing,p95_ms,0.7756
1787492072,559c023a9,debug,list-scroll,build_ms,4.0731
1787492072,559c023a9,debug,list-scroll,frame_p50_ms,0.0383
1787492072,559c023a9,debug,list-scroll,frame_p95_ms,0.0431
1787492072,559c023a9,debug,tree-ops,toggle_ms,0.0929
1787492072,559c023a9,debug,tree-ops,build_ms,316.3445
1787492110,559c023a9,debug,search-landing,worst_ms,65.3920
1787492110,559c023a9,debug,search-scroll,paint_p50_ms,0.2531
1787492110,559c023a9,debug,search-scroll,paint_p95_ms,0.4192
1787492219,559c023a9,debug,search-landing,worst_ms,63.6887
1787492219,559c023a9,debug,search-scroll,paint_p50_ms,0.2960
1787492219,559c023a9,debug,search-scroll,paint_p95_ms,0.4351
1787492304,559c023a9,debug,tree-demo,toggle_ms,0.4275
1787492308,559c023a9,debug,styled-typing,p50_ms,3.2944
1787492308,559c023a9,debug,styled-typing,p95_ms,14.2873
1787492344,559c023a9,debug,monster-scroll,paint_p50_ms,2.3646
1787492344,559c023a9,debug,monster-scroll,paint_p95_ms,3.0420
1787492376,559c023a9,debug,monster-search-scroll,paint_p50_ms,0.0000
1787492376,559c023a9,debug,monster-search-scroll,paint_max_ms,0.0000
1787492413,559c023a9,debug,render-scroll,avg_ms,1.1645
1787492413,559c023a9,debug,render-scroll,p50_ms,1.0771
1787492413,559c023a9,debug,render-scroll,p95_ms,1.6218
1787492425,559c023a9,debug,wall,open_ms,85.7640
1787492425,559c023a9,debug,wall,typing_p50_ms,1.2191
1787492454,559c023a9,debug,burst-typing,p50_ms,4.8683
1787492454,559c023a9,debug,burst-typing,p95_ms,8.4168
1787492498,559c023a9,debug,typing,monster_p50_ms,2.8340
1787492498,559c023a9,debug,typing,scratch_p50_ms,0.7988
1787492502,559c023a9,debug,documents-list,refresh_ms,18.3976
1787492502,559c023a9,debug,documents-list,scroll_p50_ms,0.1224
1787492502,559c023a9,debug,documents-list,paint_p50_ms,0.3666
1787492510,559c023a9,debug,plain-typing,keystroke_p50_ms,0.2753
1787492512,559c023a9,debug,fold-toggle,monster_ms,1.6576
1787492572,559c023a9,debug,diff-open,open_ms,34.9688
1787492572,559c023a9,debug,diff-typing,p50_ms,1.3693
1787492573,559c023a9,debug,diff-resize,frame_p50_ms,24.5192
1787492573,559c023a9,debug,diff-resize,frame_worst_ms,24.8610
1787492664,559c023a9,debug,search-landing,worst_ms,75.7175
1787492664,559c023a9,debug,search-scroll,paint_p50_ms,0.2990
1787492664,559c023a9,debug,search-scroll,paint_p95_ms,0.7121
1787492671,559c023a9,debug,monster-resize,sync_ms,2.9943
1787492671,559c023a9,debug,monster-resize,repair_effect_ms,36.6206
1787492675,559c023a9,debug,search-landing,worst_ms,68.3379
1787492675,559c023a9,debug,search-scroll,paint_p50_ms,0.2943
1787492675,559c023a9,debug,search-scroll,paint_p95_ms,0.4756
1787492685,559c023a9,debug,search-landing,worst_ms,64.6430
1787492685,559c023a9,debug,search-scroll,paint_p50_ms,0.2791
1787492685,559c023a9,debug,search-scroll,paint_p95_ms,0.4169
1787492690,559c023a9,debug,search-landing,worst_ms,64.6473
1787492690,559c023a9,debug,search-scroll,paint_p50_ms,0.2930
1787492690,559c023a9,debug,search-scroll,paint_p95_ms,0.4725
1787492709,559c023a9,debug,code-typing,p50_ms,0.6310
1787492709,559c023a9,debug,code-typing,p95_ms,0.9923
1787492710,559c023a9,debug,search-landing,worst_ms,81.8079
1787492710,559c023a9,debug,search-scroll,paint_p50_ms,0.3039
1787492710,559c023a9,debug,search-scroll,paint_p95_ms,0.7455
1787492720,559c023a9,debug,search-landing,worst_ms,50.6251
1787492724,559c023a9,debug,search-landing,worst_ms,50.8294
1787492735,559c023a9,debug,list-scroll,build_ms,4.0243
1787492735,559c023a9,debug,list-scroll,frame_p50_ms,0.0383
1787492735,559c023a9,debug,list-scroll,frame_p95_ms,0.0420
1787492735,559c023a9,debug,tree-ops,toggle_ms,0.0914
1787492735,559c023a9,debug,tree-ops,build_ms,314.5263
1787492739,559c023a9,debug,search-landing,worst_ms,50.6317
1787492744,559c023a9,debug,search-landing,worst_ms,58.6341
1787492767,559c023a9,debug,search-landing,worst_ms,64.6908
1787492767,559c023a9,debug,search-scroll,paint_p50_ms,0.2390
1787492767,559c023a9,debug,search-scroll,paint_p95_ms,0.4275
1787492811,559c023a9,debug,search-landing,worst_ms,51.1810
1787492817,559c023a9,debug,search-landing,worst_ms,51.3975
1787492823,559c023a9,debug,search-landing,worst_ms,57.0377
1787492835,559c023a9,debug,search-landing,worst_ms,171.1877
1787492836,559c023a9,debug,search-scroll,paint_p50_ms,0.3556
1787492836,559c023a9,debug,search-scroll,paint_p95_ms,2.6383
1787492879,559c023a9,debug,search-landing,worst_ms,381.8618
1787492879,559c023a9,debug,search-scroll,paint_p50_ms,1.0388
1787492879,559c023a9,debug,search-scroll,paint_p95_ms,3.8378
1787492890,559c023a9,debug,search-landing,worst_ms,140.8209
1787492890,559c023a9,debug,search-scroll,paint_p50_ms,0.3087
1787492890,559c023a9,debug,search-scroll,paint_p95_ms,0.8663
1787493038,559c023a9,debug,tree-demo,toggle_ms,0.4287
1787493044,559c023a9,debug,styled-typing,p50_ms,2.8146
1787493044,559c023a9,debug,styled-typing,p95_ms,3.8881
1787493083,559c023a9,debug,monster-scroll,paint_p50_ms,2.2414
1787493083,559c023a9,debug,monster-scroll,paint_p95_ms,2.8804
1787493112,559c023a9,debug,monster-search-scroll,paint_p50_ms,0.0000
1787493112,559c023a9,debug,monster-search-scroll,paint_max_ms,0.0000
1787493147,559c023a9,debug,render-scroll,avg_ms,1.0856
1787493147,559c023a9,debug,render-scroll,p50_ms,1.0027
1787493147,559c023a9,debug,render-scroll,p95_ms,1.5328
1787493160,559c023a9,debug,wall,open_ms,83.5722
1787493160,559c023a9,debug,wall,typing_p50_ms,1.3506
1787493189,559c023a9,debug,burst-typing,p50_ms,4.9382
1787493189,559c023a9,debug,burst-typing,p95_ms,8.3268
1787493232,559c023a9,debug,typing,monster_p50_ms,2.8429
1787493232,559c023a9,debug,typing,scratch_p50_ms,0.7848
1787493243,559c023a9,debug,documents-list,refresh_ms,13.7863
1787493243,559c023a9,debug,documents-list,scroll_p50_ms,0.1158
1787493243,559c023a9,debug,documents-list,paint_p50_ms,0.3492
1787493251,559c023a9,debug,plain-typing,keystroke_p50_ms,0.2812
1787493253,559c023a9,debug,fold-toggle,monster_ms,1.6268
1787493323,559c023a9,debug,diff-open,open_ms,35.1020
1787493323,559c023a9,debug,diff-typing,p50_ms,1.3920
1787493324,559c023a9,debug,diff-resize,frame_p50_ms,24.0913
1787493324,559c023a9,debug,diff-resize,frame_worst_ms,24.2051
1787493412,559c023a9,debug,monster-resize,sync_ms,3.0194
1787493413,559c023a9,debug,monster-resize,repair_effect_ms,36.4965
1787493464,559c023a9,debug,code-typing,p50_ms,0.6262
1787493464,559c023a9,debug,code-typing,p95_ms,0.6673
1787493488,559c023a9,debug,list-scroll,build_ms,3.9705
1787493488,559c023a9,debug,list-scroll,frame_p50_ms,0.0382
1787493488,559c023a9,debug,list-scroll,frame_p95_ms,0.0416
1787493489,559c023a9,debug,tree-ops,toggle_ms,0.0933
1787493489,559c023a9,debug,tree-ops,build_ms,316.1024
1787493527,559c023a9,debug,search-landing,worst_ms,65.9730
1787493527,559c023a9,debug,search-scroll,paint_p50_ms,0.2475
1787493527,559c023a9,debug,search-scroll,paint_p95_ms,0.4556
1787493602,559c023a9,debug,search-scroll,paint_p50_ms,0.2805
1787493602,559c023a9,debug,search-scroll,paint_p95_ms,0.4441
1787493602,559c023a9,debug,search-landing,worst_ms,64.3113
1787493709,559c023a9,debug,tree-demo,toggle_ms,0.3899
1787493715,559c023a9,debug,styled-typing,p50_ms,2.7544
1787493715,559c023a9,debug,styled-typing,p95_ms,3.5882
1787493752,559c023a9,debug,monster-scroll,paint_p50_ms,2.3185
1787493752,559c023a9,debug,monster-scroll,paint_p95_ms,2.9737
1787493800,559c023a9,debug,render-scroll,avg_ms,2.2624
1787493800,559c023a9,debug,render-scroll,p50_ms,1.5115
1787493800,559c023a9,debug,render-scroll,p95_ms,5.9366
1787493830,559c023a9,debug,monster-search-scroll,paint_p50_ms,0.0000
1787493830,559c023a9,debug,monster-search-scroll,paint_max_ms,0.0000
1787493848,559c023a9,debug,wall,open_ms,108.5511
1787493848,559c023a9,debug,wall,typing_p50_ms,2.2898
1787493878,559c023a9,debug,burst-typing,p50_ms,4.8876
1787493878,559c023a9,debug,burst-typing,p95_ms,8.4352
1787493928,559c023a9,debug,typing,monster_p50_ms,2.7668
1787493928,559c023a9,debug,typing,scratch_p50_ms,0.7017
1787493940,559c023a9,debug,documents-list,refresh_ms,13.2827
1787493940,559c023a9,debug,documents-list,scroll_p50_ms,0.1172
1787493940,559c023a9,debug,documents-list,paint_p50_ms,0.3502
1787493948,559c023a9,debug,plain-typing,keystroke_p50_ms,0.2678
1787493949,559c023a9,debug,fold-toggle,monster_ms,1.6871
1787494020,559c023a9,debug,diff-open,open_ms,34.7347
1787494020,559c023a9,debug,diff-typing,p50_ms,1.3225
1787494021,559c023a9,debug,diff-resize,frame_p50_ms,24.5250
1787494021,559c023a9,debug,diff-resize,frame_worst_ms,25.0863
1787494104,559c023a9,debug,monster-resize,sync_ms,2.9079
1787494104,559c023a9,debug,monster-resize,repair_effect_ms,34.5667
1787494152,559c023a9,debug,code-typing,p50_ms,0.6073
1787494152,559c023a9,debug,code-typing,p95_ms,0.8072
1787494176,559c023a9,debug,list-scroll,build_ms,4.4325
1787494176,559c023a9,debug,list-scroll,frame_p50_ms,0.0380
1787494176,559c023a9,debug,list-scroll,frame_p95_ms,0.0415
1787494176,559c023a9,debug,tree-ops,toggle_ms,0.0901
1787494176,559c023a9,debug,tree-ops,build_ms,315.7822
1787494215,559c023a9,debug,search-landing,worst_ms,62.6049
1787494215,559c023a9,debug,search-scroll,paint_p50_ms,0.2330
1787494215,559c023a9,debug,search-scroll,paint_p95_ms,0.4039
1787496316,ee8628711,debug,plain-typing,keystroke_p50_ms,0.2775
1787496318,ee8628711,debug,fold-toggle,monster_ms,1.8112
1787497072,ee8628711,debug,plain-typing,keystroke_p50_ms,0.2745
1787497074,ee8628711,debug,fold-toggle,monster_ms,1.7178
1787497092,ee8628711,debug,search-scroll,paint_p50_ms,0.0000
1787497092,ee8628711,debug,search-scroll,paint_p95_ms,0.0000
1787497092,ee8628711,debug,search-landing,worst_ms,0.5575
1787497254,ee8628711,debug,tree-demo,toggle_ms,0.3842
1787497264,ee8628711,debug,styled-typing,p50_ms,2.5362
1787497264,ee8628711,debug,styled-typing,p95_ms,3.3723
1787497299,ee8628711,debug,monster-scroll,paint_p50_ms,2.1506
1787497299,ee8628711,debug,monster-scroll,paint_p95_ms,2.7328
1787497329,ee8628711,debug,monster-search-scroll,paint_p50_ms,0.0000
1787497329,ee8628711,debug,monster-search-scroll,paint_max_ms,0.0000
1787497362,ee8628711,debug,render-scroll,avg_ms,1.1159
1787497362,ee8628711,debug,render-scroll,p50_ms,1.0312
1787497362,ee8628711,debug,render-scroll,p95_ms,1.5686
1787497373,ee8628711,debug,wall,open_ms,82.6842
1787497373,ee8628711,debug,wall,typing_p50_ms,1.0878
1787497402,ee8628711,debug,burst-typing,p50_ms,4.5570
1787497402,ee8628711,debug,burst-typing,p95_ms,8.0582
1787497445,ee8628711,debug,typing,monster_p50_ms,2.6905
1787497445,ee8628711,debug,typing,scratch_p50_ms,0.7580
1787497453,ee8628711,debug,documents-list,refresh_ms,12.8611
1787497453,ee8628711,debug,documents-list,scroll_p50_ms,0.1220
1787497453,ee8628711,debug,documents-list,paint_p50_ms,0.3490
1787497465,ee8628711,debug,plain-typing,keystroke_p50_ms,0.2679
1787497467,ee8628711,debug,fold-toggle,monster_ms,1.6922
1787497549,ee8628711,debug,diff-open,open_ms,33.9688
1787497549,ee8628711,debug,diff-typing,p50_ms,1.2793
1787497550,ee8628711,debug,diff-resize,frame_p50_ms,23.2627
1787497550,ee8628711,debug,diff-resize,frame_worst_ms,27.0716
1787497677,ee8628711,debug,monster-resize,sync_ms,2.8135
1787497677,ee8628711,debug,monster-resize,repair_effect_ms,36.5847
1787497740,ee8628711,debug,code-typing,p50_ms,0.6701
1787497740,ee8628711,debug,code-typing,p95_ms,0.7284
1787497862,ee8628711,debug,list-scroll,build_ms,7.3894
1787497862,ee8628711,debug,list-scroll,frame_p50_ms,0.0416
1787497862,ee8628711,debug,list-scroll,frame_p95_ms,0.0706
1787497862,ee8628711,debug,tree-ops,toggle_ms,0.0858
1787497862,ee8628711,debug,tree-ops,build_ms,322.6406
1787497929,ee8628711,debug,search-landing,worst_ms,0.4690
1787497929,ee8628711,debug,search-scroll,paint_p50_ms,0.0000
1787497929,ee8628711,debug,search-scroll,paint_p95_ms,0.0000
1787500616,ee8628711,debug,search-scroll,paint_p50_ms,0.0000
1787500616,ee8628711,debug,search-scroll,paint_p95_ms,0.0000
1787500616,ee8628711,debug,search-landing,worst_ms,0.4878
1787500638,ee8628711,debug,search-scroll,paint_p50_ms,0.0000
1787500638,ee8628711,debug,search-scroll,paint_p95_ms,0.0000
1787500638,ee8628711,debug,search-landing,worst_ms,0.6040
1787500710,ee8628711,debug,plain-typing,keystroke_p50_ms,0.2777
1787500712,ee8628711,debug,fold-toggle,monster_ms,1.6477
1787500729,ee8628711,debug,search-scroll,paint_p50_ms,0.0000
1787500729,ee8628711,debug,search-scroll,paint_p95_ms,0.0000
1787500729,ee8628711,debug,search-landing,worst_ms,0.5007
1787501213,ee8628711,debug,plain-typing,keystroke_p50_ms,0.2785
1787501215,ee8628711,debug,fold-toggle,monster_ms,1.7220
1787501530,ee8628711,debug,plain-typing,keystroke_p50_ms,0.2798
1787501532,ee8628711,debug,fold-toggle,monster_ms,1.7761
1787501564,ee8628711,debug,monster-resize,sync_ms,2.9816
1787501564,ee8628711,debug,monster-resize,repair_effect_ms,35.9252
1787501572,ee8628711,debug,search-scroll,paint_p50_ms,0.0000
1787501572,ee8628711,debug,search-scroll,paint_p95_ms,0.0000
1787501572,ee8628711,debug,search-landing,worst_ms,0.5483
1787501654,ee8628711,debug,search-scroll,paint_p50_ms,0.0000
1787501654,ee8628711,debug,search-scroll,paint_p95_ms,0.0000
1787501654,ee8628711,debug,search-landing,worst_ms,0.5390
1787501828,ee8628711,debug,tree-demo,toggle_ms,0.6091
1787501834,ee8628711,debug,styled-typing,p50_ms,2.7424
1787501834,ee8628711,debug,styled-typing,p95_ms,3.8429
1787501871,ee8628711,debug,monster-scroll,paint_p50_ms,2.3050
1787501871,ee8628711,debug,monster-scroll,paint_p95_ms,2.9563
1787501908,ee8628711,debug,render-scroll,avg_ms,1.1498
1787501908,ee8628711,debug,render-scroll,p50_ms,1.0567
1787501908,ee8628711,debug,render-scroll,p95_ms,1.6082
1787501937,ee8628711,debug,monster-search-scroll,paint_p50_ms,0.0000
1787501937,ee8628711,debug,monster-search-scroll,paint_max_ms,0.0000
1787501948,ee8628711,debug,wall,open_ms,81.3503
1787501948,ee8628711,debug,wall,typing_p50_ms,1.2025
1787501976,ee8628711,debug,burst-typing,p50_ms,4.6680
1787501976,ee8628711,debug,burst-typing,p95_ms,8.1198
1787502019,ee8628711,debug,typing,monster_p50_ms,2.8708
1787502019,ee8628711,debug,typing,scratch_p50_ms,0.6519
1787502032,ee8628711,debug,documents-list,refresh_ms,13.4528
1787502032,ee8628711,debug,documents-list,scroll_p50_ms,0.1199
1787502032,ee8628711,debug,documents-list,paint_p50_ms,0.3463
1787502054,ee8628711,debug,plain-typing,keystroke_p50_ms,0.2711
1787502055,ee8628711,debug,fold-toggle,monster_ms,1.6205
1787502185,ee8628711,debug,diff-open,open_ms,34.1676
1787502185,ee8628711,debug,diff-typing,p50_ms,1.4305
1787502186,ee8628711,debug,diff-resize,frame_p50_ms,24.1612
1787502186,ee8628711,debug,diff-resize,frame_worst_ms,24.3861
1787502371,ee8628711,debug,monster-resize,sync_ms,3.0279
1787502371,ee8628711,debug,monster-resize,repair_effect_ms,36.5014
1787502465,ee8628711,debug,code-typing,p50_ms,0.6643
1787502465,ee8628711,debug,code-typing,p95_ms,0.7793
1787502584,ee8628711,debug,list-scroll,build_ms,5.4402
1787502584,ee8628711,debug,list-scroll,frame_p50_ms,0.0405
1787502584,ee8628711,debug,list-scroll,frame_p95_ms,0.0607
1787502584,ee8628711,debug,tree-ops,toggle_ms,0.0880
1787502584,ee8628711,debug,tree-ops,build_ms,320.6734
1787502628,ee8628711,debug,search-scroll,paint_p50_ms,0.0000
1787502628,ee8628711,debug,search-scroll,paint_p95_ms,0.0000
1787502628,ee8628711,debug,search-landing,worst_ms,0.6685
1787502746,ee8628711,debug,plain-typing,keystroke_p50_ms,0.2986
1787502748,ee8628711,debug,fold-toggle,monster_ms,1.6807
1787502768,ee8628711,debug,search-scroll,paint_p50_ms,0.0000
1787502768,ee8628711,debug,search-scroll,paint_p95_ms,0.0000
1787502768,ee8628711,debug,search-landing,worst_ms,0.6738
1787502843,ee8628711,debug,plain-typing,keystroke_p50_ms,0.2767
1787502845,ee8628711,debug,fold-toggle,monster_ms,1.7456
1787502866,ee8628711,debug,search-scroll,paint_p50_ms,0.0000
1787502866,ee8628711,debug,search-scroll,paint_p95_ms,0.0000
1787502866,ee8628711,debug,search-landing,worst_ms,0.5667
1787502982,ee8628711,debug,tree-demo,toggle_ms,0.4083
1787502988,ee8628711,debug,styled-typing,p50_ms,2.5954
1787502988,ee8628711,debug,styled-typing,p95_ms,3.4668
1787503027,ee8628711,debug,render-scroll,avg_ms,1.0797
1787503027,ee8628711,debug,render-scroll,p50_ms,0.9980
1787503027,ee8628711,debug,render-scroll,p95_ms,1.5122
1787503060,ee8628711,debug,monster-scroll,paint_p50_ms,2.1682
1787503060,ee8628711,debug,monster-scroll,paint_p95_ms,2.7696
1787503089,ee8628711,debug,monster-search-scroll,paint_p50_ms,0.0000
1787503089,ee8628711,debug,monster-search-scroll,paint_max_ms,0.0000
1787503100,ee8628711,debug,wall,open_ms,80.3205
1787503100,ee8628711,debug,wall,typing_p50_ms,1.0862
1787503127,ee8628711,debug,burst-typing,p50_ms,4.6517
1787503127,ee8628711,debug,burst-typing,p95_ms,8.2604
1787503170,ee8628711,debug,typing,monster_p50_ms,2.5515
1787503170,ee8628711,debug,typing,scratch_p50_ms,0.6187
1787503181,ee8628711,debug,documents-list,refresh_ms,12.5033
1787503181,ee8628711,debug,documents-list,scroll_p50_ms,0.1225
1787503181,ee8628711,debug,documents-list,paint_p50_ms,0.3463
1787503192,ee8628711,debug,plain-typing,keystroke_p50_ms,0.2670
1787503194,ee8628711,debug,fold-toggle,monster_ms,1.6343
1787503262,ee8628711,debug,diff-open,open_ms,34.2957
1787503262,ee8628711,debug,diff-typing,p50_ms,1.3809
1787503263,ee8628711,debug,diff-resize,frame_p50_ms,23.4990
1787503263,ee8628711,debug,diff-resize,frame_worst_ms,23.9371
1787503346,ee8628711,debug,monster-resize,sync_ms,2.7608
1787503346,ee8628711,debug,monster-resize,repair_effect_ms,34.0437
1787503394,ee8628711,debug,code-typing,p50_ms,0.6425
1787503394,ee8628711,debug,code-typing,p95_ms,0.6585
1787503419,ee8628711,debug,list-scroll,build_ms,3.9567
1787503419,ee8628711,debug,list-scroll,frame_p50_ms,0.0382
1787503419,ee8628711,debug,list-scroll,frame_p95_ms,0.0411
1787503419,ee8628711,debug,tree-ops,toggle_ms,0.0889
1787503419,ee8628711,debug,tree-ops,build_ms,308.4500
1787503456,ee8628711,debug,search-landing,worst_ms,0.6272
1787503456,ee8628711,debug,search-scroll,paint_p50_ms,0.0000
1787503456,ee8628711,debug,search-scroll,paint_p95_ms,0.0000
1787523116,ee8628711,debug,plain-typing,keystroke_p50_ms,0.2687
1787523118,ee8628711,debug,fold-toggle,monster_ms,1.6453
1787523145,ee8628711,debug,search-landing,worst_ms,33.7752
1787523145,ee8628711,debug,search-scroll,paint_p50_ms,0.2907
1787523145,ee8628711,debug,search-scroll,paint_p95_ms,0.5104
1787523389,ee8628711,debug,monster-search-scroll,paint_p50_ms,0.0000
1787523389,ee8628711,debug,monster-search-scroll,paint_max_ms,0.0000
1787523395,ee8628711,debug,tree-demo,toggle_ms,0.5119
1787523438,ee8628711,debug,render-scroll,avg_ms,1.8979
1787523438,ee8628711,debug,render-scroll,p50_ms,1.2185
1787523438,ee8628711,debug,render-scroll,p95_ms,5.0504
1787523474,ee8628711,debug,monster-scroll,paint_p50_ms,2.1746
1787523474,ee8628711,debug,monster-scroll,paint_p95_ms,2.7696
1787523514,ee8628711,debug,styled-typing,p50_ms,2.4095
1787523514,ee8628711,debug,styled-typing,p95_ms,3.1385
1787523525,ee8628711,debug,wall,open_ms,78.9667
1787523525,ee8628711,debug,wall,typing_p50_ms,1.0846
1787523552,ee8628711,debug,burst-typing,p50_ms,4.5109
1787523552,ee8628711,debug,burst-typing,p95_ms,8.3774
1787523595,ee8628711,debug,typing,monster_p50_ms,2.6904
1787523595,ee8628711,debug,typing,scratch_p50_ms,0.7984
1787523611,ee8628711,debug,documents-list,refresh_ms,12.8336
1787523611,ee8628711,debug,documents-list,scroll_p50_ms,0.1243
1787523611,ee8628711,debug,documents-list,paint_p50_ms,0.3584
1787523628,ee8628711,debug,plain-typing,keystroke_p50_ms,0.2676
1787523630,ee8628711,debug,fold-toggle,monster_ms,1.6344
1787523756,ee8628711,debug,diff-open,open_ms,35.6885
1787523756,ee8628711,debug,diff-typing,p50_ms,1.2920
1787523757,ee8628711,debug,diff-resize,frame_p50_ms,24.6426
1787523757,ee8628711,debug,diff-resize,frame_worst_ms,24.8867
1787523760,ee8628711,debug,search-landing,worst_ms,36.6720
1787523760,ee8628711,debug,search-scroll,paint_p50_ms,0.3034
1787523760,ee8628711,debug,search-scroll,paint_p95_ms,0.7401
1787523881,78c1217da,debug,tree-demo,toggle_ms,0.4139
1787523904,78c1217da,debug,styled-typing,p50_ms,2.6901
1787523904,78c1217da,debug,styled-typing,p95_ms,3.4357
1787523936,78c1217da,debug,monster-search-scroll,paint_p50_ms,0.0000
1787523936,78c1217da,debug,monster-search-scroll,paint_max_ms,0.0000
1787523970,78c1217da,debug,monster-resize,sync_ms,3.1012
1787523970,78c1217da,debug,monster-resize,repair_effect_ms,56.2969
1787523973,78c1217da,debug,render-scroll,avg_ms,1.1949
1787523973,78c1217da,debug,render-scroll,p50_ms,1.1019
1787523973,78c1217da,debug,render-scroll,p95_ms,1.7065
1787524007,78c1217da,debug,monster-scroll,paint_p50_ms,2.2846
1787524007,78c1217da,debug,monster-scroll,paint_p95_ms,2.9405
1787524018,78c1217da,debug,wall,open_ms,85.1255
1787524018,78c1217da,debug,wall,typing_p50_ms,1.1338
1787524047,78c1217da,debug,burst-typing,p50_ms,4.6329
1787524047,78c1217da,debug,burst-typing,p95_ms,8.2519
1787524062,78c1217da,debug,code-typing,p50_ms,0.6003
1787524062,78c1217da,debug,code-typing,p95_ms,0.7523
1787524089,78c1217da,debug,typing,monster_p50_ms,2.7857
1787524089,78c1217da,debug,typing,scratch_p50_ms,0.6910
1787524104,78c1217da,debug,documents-list,refresh_ms,12.7138
1787524104,78c1217da,debug,documents-list,scroll_p50_ms,0.1196
1787524104,78c1217da,debug,documents-list,paint_p50_ms,0.3551
1787524118,78c1217da,debug,plain-typing,keystroke_p50_ms,0.2756
1787524120,78c1217da,debug,fold-toggle,monster_ms,1.7118
1787524149,78c1217da,debug,list-scroll,build_ms,4.0241
1787524149,78c1217da,debug,list-scroll,frame_p50_ms,0.0381
1787524149,78c1217da,debug,list-scroll,frame_p95_ms,0.0411
1787524149,78c1217da,debug,tree-ops,toggle_ms,0.0896
1787524149,78c1217da,debug,tree-ops,build_ms,312.8622
1787524204,78c1217da,debug,search-scroll,paint_p50_ms,0.2241
1787524204,78c1217da,debug,search-scroll,paint_p95_ms,0.4074
1787524204,78c1217da,debug,search-landing,worst_ms,29.9337
1787524219,78c1217da,debug,diff-open,open_ms,34.0275
1787524219,78c1217da,debug,diff-typing,p50_ms,1.3113
1787524220,78c1217da,debug,diff-resize,frame_p50_ms,24.1274
1787524220,78c1217da,debug,diff-resize,frame_worst_ms,24.3257
1787524320,78c1217da,debug,monster-resize,sync_ms,2.8336
1787524320,78c1217da,debug,monster-resize,repair_effect_ms,34.3907
1787524355,78c1217da,debug,code-typing,p50_ms,0.5896
1787524355,78c1217da,debug,code-typing,p95_ms,0.6208
1787524381,78c1217da,debug,list-scroll,build_ms,4.0264
1787524381,78c1217da,debug,list-scroll,frame_p50_ms,0.0381
1787524381,78c1217da,debug,list-scroll,frame_p95_ms,0.0410
1787524382,78c1217da,debug,tree-ops,toggle_ms,0.0884
1787524382,78c1217da,debug,tree-ops,build_ms,308.8563
1787524402,78c1217da,debug,search-landing,worst_ms,30.6864
1787524402,78c1217da,debug,search-scroll,paint_p50_ms,0.2276
1787524402,78c1217da,debug,search-scroll,paint_p95_ms,0.3670
1787564963,78c1217da,debug,tree-demo,toggle_ms,0.4188
1787564983,78c1217da,debug,monster-scroll,paint_p50_ms,2.4438
1787564983,78c1217da,debug,monster-scroll,paint_p95_ms,3.1767
1787565020,78c1217da,debug,render-scroll,avg_ms,1.1577
1787565020,78c1217da,debug,render-scroll,p50_ms,1.0659
1787565020,78c1217da,debug,render-scroll,p95_ms,1.6265
1787565060,78c1217da,debug,styled-typing,p50_ms,2.6395
1787565060,78c1217da,debug,styled-typing,p95_ms,3.5968
1787565089,78c1217da,debug,monster-search-scroll,paint_p50_ms,0.0000
1787565089,78c1217da,debug,monster-search-scroll,paint_max_ms,0.0000
1787565100,78c1217da,debug,wall,open_ms,80.3139
1787565100,78c1217da,debug,wall,typing_p50_ms,1.0953
1787565128,78c1217da,debug,burst-typing,p50_ms,4.7140
1787565128,78c1217da,debug,burst-typing,p95_ms,8.1730
1787565170,78c1217da,debug,typing,monster_p50_ms,2.8982
1787565170,78c1217da,debug,typing,scratch_p50_ms,0.8186
1787565186,78c1217da,debug,documents-list,refresh_ms,12.5765
1787565186,78c1217da,debug,documents-list,scroll_p50_ms,0.1246
1787565186,78c1217da,debug,documents-list,paint_p50_ms,0.3527
1787565207,78c1217da,debug,plain-typing,keystroke_p50_ms,0.2675
1787565209,78c1217da,debug,fold-toggle,monster_ms,1.6542
1787565338,78c1217da,debug,diff-open,open_ms,34.6637
1787565338,78c1217da,debug,diff-typing,p50_ms,1.3040
1787565339,78c1217da,debug,diff-resize,frame_p50_ms,24.2213
1787565339,78c1217da,debug,diff-resize,frame_worst_ms,24.5206
1787565542,78c1217da,debug,monster-resize,sync_ms,2.9202
1787565542,78c1217da,debug,monster-resize,repair_effect_ms,35.3017
1787565636,78c1217da,debug,code-typing,p50_ms,0.6283
1787565636,78c1217da,debug,code-typing,p95_ms,0.7556
1787565658,78c1217da,debug,tree-demo,toggle_ms,0.4341
1787565660,78c1217da,debug,monster-search-scroll,paint_p50_ms,0.0000
1787565660,78c1217da,debug,monster-search-scroll,paint_max_ms,0.0000
1787565701,78c1217da,debug,styled-typing,p50_ms,2.5787
1787565701,78c1217da,debug,styled-typing,p95_ms,3.4065
1787565707,78c1217da,debug,list-scroll,build_ms,4.0565
1787565707,78c1217da,debug,list-scroll,frame_p50_ms,0.0384
1787565707,78c1217da,debug,list-scroll,frame_p95_ms,0.0411
1787565708,78c1217da,debug,tree-ops,toggle_ms,0.0900
1787565708,78c1217da,debug,tree-ops,build_ms,315.4517
1787565739,78c1217da,debug,render-scroll,avg_ms,1.1884
1787565739,78c1217da,debug,render-scroll,p50_ms,1.0949
1787565739,78c1217da,debug,render-scroll,p95_ms,1.6743
1787565759,78c1217da,debug,search-landing,worst_ms,53.6600
1787565759,78c1217da,debug,search-scroll,paint_p50_ms,0.2667
1787565759,78c1217da,debug,search-scroll,paint_p95_ms,0.8918
1787565772,78c1217da,debug,monster-scroll,paint_p50_ms,2.2863
1787565772,78c1217da,debug,monster-scroll,paint_p95_ms,2.9367
1787565786,78c1217da,debug,wall,open_ms,82.5173
1787565786,78c1217da,debug,wall,typing_p50_ms,1.2497
1787565817,78c1217da,debug,burst-typing,p50_ms,5.1680
1787565817,78c1217da,debug,burst-typing,p95_ms,9.2644
1787565861,78c1217da,debug,typing,monster_p50_ms,3.0202
1787565861,78c1217da,debug,typing,scratch_p50_ms,0.8520
1787565865,78c1217da,debug,documents-list,refresh_ms,16.7297
1787565865,78c1217da,debug,documents-list,scroll_p50_ms,0.1190
1787565865,78c1217da,debug,documents-list,paint_p50_ms,0.3581
1787565874,78c1217da,debug,plain-typing,keystroke_p50_ms,0.2684
1787565875,78c1217da,debug,fold-toggle,monster_ms,1.6643
1787565940,78c1217da,debug,diff-open,open_ms,36.5605
1787565940,78c1217da,debug,diff-typing,p50_ms,1.3450
1787565941,78c1217da,debug,diff-resize,frame_p50_ms,24.4081
1787565941,78c1217da,debug,diff-resize,frame_worst_ms,25.1969
1787566029,78c1217da,debug,monster-resize,sync_ms,2.9671
1787566029,78c1217da,debug,monster-resize,repair_effect_ms,35.2913
1787566069,78c1217da,debug,code-typing,p50_ms,0.6001
1787566069,78c1217da,debug,code-typing,p95_ms,0.7897
1787566098,78c1217da,debug,list-scroll,build_ms,4.0385
1787566098,78c1217da,debug,list-scroll,frame_p50_ms,0.0383
1787566098,78c1217da,debug,list-scroll,frame_p95_ms,0.0419
1787566099,78c1217da,debug,tree-ops,toggle_ms,0.0895
1787566099,78c1217da,debug,tree-ops,build_ms,317.4298
1787566121,78c1217da,debug,search-landing,worst_ms,36.5243
1787566121,78c1217da,debug,search-scroll,paint_p50_ms,0.2464
1787566121,78c1217da,debug,search-scroll,paint_p95_ms,0.4845
1787572759,78c1217da,debug,tree-demo,toggle_ms,0.5531
1787572759,78c1217da,debug,monster-scroll,paint_p50_ms,2.6860
1787572759,78c1217da,debug,monster-scroll,paint_p95_ms,3.8177
1787572791,78c1217da,debug,monster-search-scroll,paint_p50_ms,0.0000
1787572791,78c1217da,debug,monster-search-scroll,paint_max_ms,0.0000
1787572832,78c1217da,debug,render-scroll,avg_ms,1.1773
1787572832,78c1217da,debug,render-scroll,p50_ms,1.0920
1787572832,78c1217da,debug,render-scroll,p95_ms,1.6508
1787572872,78c1217da,debug,styled-typing,p50_ms,2.7094
1787572872,78c1217da,debug,styled-typing,p95_ms,3.7417
1787572884,78c1217da,debug,wall,open_ms,82.8527
1787572884,78c1217da,debug,wall,typing_p50_ms,1.3535
1787572913,78c1217da,debug,burst-typing,p50_ms,4.9259
1787572913,78c1217da,debug,burst-typing,p95_ms,8.4223
1787572957,78c1217da,debug,typing,monster_p50_ms,3.1338
1787572957,78c1217da,debug,typing,scratch_p50_ms,0.8227
1787572961,78c1217da,debug,documents-list,refresh_ms,16.6394
1787572961,78c1217da,debug,documents-list,scroll_p50_ms,0.1289
1787572961,78c1217da,debug,documents-list,paint_p50_ms,0.3745
1787572974,78c1217da,debug,plain-typing,keystroke_p50_ms,0.2685
1787572975,78c1217da,debug,fold-toggle,monster_ms,1.6859
1787573082,78c1217da,debug,diff-open,open_ms,35.0542
1787573082,78c1217da,debug,diff-typing,p50_ms,1.3829
1787573083,78c1217da,debug,diff-resize,frame_p50_ms,24.5285
1787573083,78c1217da,debug,diff-resize,frame_worst_ms,25.0106
1787573270,78c1217da,debug,monster-resize,sync_ms,2.8657
1787573270,78c1217da,debug,monster-resize,repair_effect_ms,36.2269
1787573319,78c1217da,debug,code-typing,p50_ms,0.6003
1787573319,78c1217da,debug,code-typing,p95_ms,0.8240
1787573354,78c1217da,debug,list-scroll,build_ms,4.4973
1787573354,78c1217da,debug,list-scroll,frame_p50_ms,0.0383
1787573354,78c1217da,debug,list-scroll,frame_p95_ms,0.0426
1787573354,78c1217da,debug,tree-ops,toggle_ms,0.0911
1787573354,78c1217da,debug,tree-ops,build_ms,318.2841
1787573395,78c1217da,debug,search-landing,worst_ms,40.9346
1787573395,78c1217da,debug,search-scroll,paint_p50_ms,0.2592
1787573395,78c1217da,debug,search-scroll,paint_p95_ms,0.7449
1787577104,0f1818f16,debug,tree-demo,toggle_ms,0.4240
1787577125,0f1818f16,debug,render-scroll,avg_ms,1.3958
1787577125,0f1818f16,debug,render-scroll,p50_ms,1.3063
1787577125,0f1818f16,debug,render-scroll,p95_ms,1.9504
1787577164,0f1818f16,debug,monster-scroll,paint_p50_ms,2.4032
1787577164,0f1818f16,debug,monster-scroll,paint_p95_ms,3.2465
1787577195,0f1818f16,debug,monster-search-scroll,paint_p50_ms,0.0000
1787577195,0f1818f16,debug,monster-search-scroll,paint_max_ms,0.0000
1787577236,0f1818f16,debug,styled-typing,p50_ms,2.9010
1787577236,0f1818f16,debug,styled-typing,p95_ms,3.7730
1787577248,0f1818f16,debug,wall,open_ms,83.0696
1787577248,0f1818f16,debug,wall,typing_p50_ms,1.1633
1787577278,0f1818f16,debug,burst-typing,p50_ms,5.0615
1787577278,0f1818f16,debug,burst-typing,p95_ms,8.9887
1787577323,0f1818f16,debug,typing,monster_p50_ms,3.1105
1787577323,0f1818f16,debug,typing,scratch_p50_ms,0.8631
1787577332,0f1818f16,debug,documents-list,refresh_ms,20.6861
1787577332,0f1818f16,debug,documents-list,scroll_p50_ms,0.1228
1787577332,0f1818f16,debug,documents-list,paint_p50_ms,0.3643
1787577350,0f1818f16,debug,plain-typing,keystroke_p50_ms,0.2699
1787577352,0f1818f16,debug,fold-toggle,monster_ms,1.8059
1787577462,0f1818f16,debug,diff-open,open_ms,37.5288
1787577462,0f1818f16,debug,diff-typing,p50_ms,1.5237
1787577463,0f1818f16,debug,diff-resize,frame_p50_ms,25.5156
1787577463,0f1818f16,debug,diff-resize,frame_worst_ms,26.7112
1787577646,0f1818f16,debug,monster-resize,sync_ms,2.9773
1787577646,0f1818f16,debug,monster-resize,repair_effect_ms,36.2195
1787577740,0f1818f16,debug,code-typing,p50_ms,0.6102
1787577740,0f1818f16,debug,code-typing,p95_ms,1.2400
1787577816,0f1818f16,debug,list-scroll,build_ms,4.9760
1787577816,0f1818f16,debug,list-scroll,frame_p50_ms,0.0405
1787577816,0f1818f16,debug,list-scroll,frame_p95_ms,0.0690
1787577817,0f1818f16,debug,tree-ops,toggle_ms,0.0978
1787577817,0f1818f16,debug,tree-ops,build_ms,335.8706
1787577861,0f1818f16,debug,search-landing,worst_ms,33.1060
1787577861,0f1818f16,debug,search-scroll,paint_p50_ms,0.2522
1787577861,0f1818f16,debug,search-scroll,paint_p95_ms,0.4946
1787578892,9cad7a8ae,debug,monster-search-scroll,paint_p50_ms,0.0000
1787578892,9cad7a8ae,debug,monster-search-scroll,paint_max_ms,0.0000
1787578897,9cad7a8ae,debug,tree-demo,toggle_ms,0.4937
1787578937,9cad7a8ae,debug,monster-scroll,paint_p50_ms,2.3562
1787578937,9cad7a8ae,debug,monster-scroll,paint_p95_ms,3.0637
1787578974,9cad7a8ae,debug,render-scroll,avg_ms,1.1204
1787578974,9cad7a8ae,debug,render-scroll,p50_ms,1.0318
1787578974,9cad7a8ae,debug,render-scroll,p95_ms,1.5842
1787579014,9cad7a8ae,debug,styled-typing,p50_ms,2.4116
1787579014,9cad7a8ae,debug,styled-typing,p95_ms,3.1335
1787579025,9cad7a8ae,debug,wall,open_ms,79.8449
1787579025,9cad7a8ae,debug,wall,typing_p50_ms,1.0780
1787579053,9cad7a8ae,debug,burst-typing,p50_ms,4.7459
1787579053,9cad7a8ae,debug,burst-typing,p95_ms,8.1816
1787579096,9cad7a8ae,debug,typing,monster_p50_ms,2.9075
1787579096,9cad7a8ae,debug,typing,scratch_p50_ms,0.7732
1787579102,9cad7a8ae,debug,documents-list,refresh_ms,17.4227
1787579102,9cad7a8ae,debug,documents-list,scroll_p50_ms,0.1244
1787579102,9cad7a8ae,debug,documents-list,paint_p50_ms,0.3625
1787579114,9cad7a8ae,debug,plain-typing,keystroke_p50_ms,0.2772
1787579116,9cad7a8ae,debug,fold-toggle,monster_ms,1.7271
1787579225,9cad7a8ae,debug,diff-open,open_ms,34.5448
1787579225,9cad7a8ae,debug,diff-typing,p50_ms,1.3461
1787579226,9cad7a8ae,debug,diff-resize,frame_p50_ms,24.5037
1787579226,9cad7a8ae,debug,diff-resize,frame_worst_ms,24.9768
1787579448,9cad7a8ae,debug,monster-resize,sync_ms,2.9052
1787579448,9cad7a8ae,debug,monster-resize,repair_effect_ms,36.8160
1787579507,9cad7a8ae,debug,code-typing,p50_ms,0.6224
1787579507,9cad7a8ae,debug,code-typing,p95_ms,0.7193
1787579553,9cad7a8ae,debug,list-scroll,build_ms,4.0821
1787579553,9cad7a8ae,debug,list-scroll,frame_p50_ms,0.0387
1787579553,9cad7a8ae,debug,list-scroll,frame_p95_ms,0.0417
1787579554,9cad7a8ae,debug,tree-ops,toggle_ms,0.0889
1787579554,9cad7a8ae,debug,tree-ops,build_ms,315.5043
1787579587,9cad7a8ae,debug,search-scroll,paint_p50_ms,0.2267
1787579587,9cad7a8ae,debug,search-scroll,paint_p95_ms,0.4368
1787579587,9cad7a8ae,debug,search-landing,worst_ms,34.4084
1787581021,9cad7a8ae,debug,render-scroll,avg_ms,1.3099
1787581021,9cad7a8ae,debug,render-scroll,p50_ms,1.1887
1787581021,9cad7a8ae,debug,render-scroll,p95_ms,1.8131
1787581022,9cad7a8ae,debug,tree-demo,toggle_ms,0.4294
1787581049,9cad7a8ae,debug,monster-search-scroll,paint_p50_ms,0.0000
1787581049,9cad7a8ae,debug,monster-search-scroll,paint_max_ms,0.0000
1787581084,9cad7a8ae,debug,styled-typing,p50_ms,2.7579
1787581084,9cad7a8ae,debug,styled-typing,p95_ms,3.6201
1787581118,9cad7a8ae,debug,monster-scroll,paint_p50_ms,2.3188
1787581118,9cad7a8ae,debug,monster-scroll,paint_p95_ms,3.3025
1787581129,9cad7a8ae,debug,wall,open_ms,81.9156
1787581129,9cad7a8ae,debug,wall,typing_p50_ms,1.2467
1787581167,9cad7a8ae,debug,burst-typing,p50_ms,7.0546
1787581167,9cad7a8ae,debug,burst-typing,p95_ms,25.9961
1787581216,9cad7a8ae,debug,typing,monster_p50_ms,2.7001
1787581216,9cad7a8ae,debug,typing,scratch_p50_ms,0.6402
1787581229,9cad7a8ae,debug,documents-list,refresh_ms,26.8229
1787581229,9cad7a8ae,debug,documents-list,scroll_p50_ms,0.1233
1787581229,9cad7a8ae,debug,documents-list,paint_p50_ms,0.3533
1787581260,9cad7a8ae,debug,plain-typing,keystroke_p50_ms,1.0424
1787581264,9cad7a8ae,debug,fold-toggle,monster_ms,3.4820
1787581463,9cad7a8ae,debug,diff-open,open_ms,34.2917
1787581463,9cad7a8ae,debug,diff-typing,p50_ms,1.2957
1787581464,9cad7a8ae,debug,diff-resize,frame_p50_ms,24.2403
1787581464,9cad7a8ae,debug,diff-resize,frame_worst_ms,24.8513
1787581636,9cad7a8ae,debug,monster-resize,sync_ms,2.8396
1787581636,9cad7a8ae,debug,monster-resize,repair_effect_ms,35.1946
1787581734,9cad7a8ae,debug,code-typing,p50_ms,0.6039
1787581734,9cad7a8ae,debug,code-typing,p95_ms,0.7817
1787581821,9cad7a8ae,debug,list-scroll,build_ms,5.1275
1787581821,9cad7a8ae,debug,list-scroll,frame_p50_ms,0.0395
1787581821,9cad7a8ae,debug,list-scroll,frame_p95_ms,0.0645
1787581822,9cad7a8ae,debug,tree-ops,toggle_ms,0.0948
1787581822,9cad7a8ae,debug,tree-ops,build_ms,395.3216
1787581871,9cad7a8ae,debug,search-landing,worst_ms,28.2223
1787581871,9cad7a8ae,debug,search-scroll,paint_p50_ms,0.2105
1787581871,9cad7a8ae,debug,search-scroll,paint_p95_ms,0.3426
1787595918,0a5af7a19,debug,code-typing,p50_ms,0.6138
1787595918,0a5af7a19,debug,code-typing,p95_ms,0.6469
1787596283,0a5af7a19,debug,monster-search-scroll,paint_p50_ms,0.0000
1787596283,0a5af7a19,debug,monster-search-scroll,paint_max_ms,0.0000
1787596288,0a5af7a19,debug,tree-demo,toggle_ms,0.4280
1787596336,0a5af7a19,debug,render-scroll,avg_ms,1.4453
1787596336,0a5af7a19,debug,render-scroll,p50_ms,1.1553
1787596336,0a5af7a19,debug,render-scroll,p95_ms,1.9986
1787596364,0a5af7a19,debug,monster-scroll,paint_p50_ms,2.2180
1787596364,0a5af7a19,debug,monster-scroll,paint_p95_ms,2.8310
1787596404,0a5af7a19,debug,styled-typing,p50_ms,2.3269
1787596404,0a5af7a19,debug,styled-typing,p95_ms,3.0371
1787596415,0a5af7a19,debug,wall,open_ms,82.2415
1787596415,0a5af7a19,debug,wall,typing_p50_ms,1.2990
1787596443,0a5af7a19,debug,burst-typing,p50_ms,4.6248
1787596443,0a5af7a19,debug,burst-typing,p95_ms,8.0995
1787596484,0a5af7a19,debug,typing,monster_p50_ms,2.5068
1787596484,0a5af7a19,debug,typing,scratch_p50_ms,0.6070
1787596503,0a5af7a19,debug,documents-list,refresh_ms,12.2045
1787596503,0a5af7a19,debug,documents-list,scroll_p50_ms,0.1160
1787596503,0a5af7a19,debug,documents-list,paint_p50_ms,0.3372
1787596525,0a5af7a19,debug,plain-typing,keystroke_p50_ms,0.2915
1787596527,0a5af7a19,debug,fold-toggle,monster_ms,1.5932
1787596655,0a5af7a19,debug,diff-open,open_ms,34.5830
1787596655,0a5af7a19,debug,diff-typing,p50_ms,1.3578
1787596656,0a5af7a19,debug,diff-resize,frame_p50_ms,23.9966
1787596656,0a5af7a19,debug,diff-resize,frame_worst_ms,24.1685
1787596943,0a5af7a19,debug,monster-resize,sync_ms,3.0561
1787596943,0a5af7a19,debug,monster-resize,repair_effect_ms,36.3785
1787597072,0a5af7a19,debug,code-typing,p50_ms,0.5777
1787597072,0a5af7a19,debug,code-typing,p95_ms,0.6069
1787597177,0a5af7a19,debug,list-scroll,build_ms,8.8907
1787597177,0a5af7a19,debug,list-scroll,frame_p50_ms,0.0405
1787597177,0a5af7a19,debug,list-scroll,frame_p95_ms,0.0718
1787597178,0a5af7a19,debug,tree-ops,toggle_ms,0.0866
1787597178,0a5af7a19,debug,tree-ops,build_ms,327.9111
1787597233,0a5af7a19,debug,search-landing,worst_ms,37.5950
1787597233,0a5af7a19,debug,search-scroll,paint_p50_ms,0.2422
1787597233,0a5af7a19,debug,search-scroll,paint_p95_ms,0.4668
1787600293,97b74c1f5,debug,tree-demo,toggle_ms,0.4616
1787600297,97b74c1f5,debug,styled-typing,p50_ms,3.9490
1787600297,97b74c1f5,debug,styled-typing,p95_ms,22.0653
1787600348,97b74c1f5,debug,monster-scroll,paint_p50_ms,2.7122
1787600348,97b74c1f5,debug,monster-scroll,paint_p95_ms,12.8760
1787600380,97b74c1f5,debug,monster-search-scroll,paint_p50_ms,0.0000
1787600380,97b74c1f5,debug,monster-search-scroll,paint_max_ms,0.0000
1787600422,97b74c1f5,debug,render-scroll,avg_ms,1.2227
1787600422,97b74c1f5,debug,render-scroll,p50_ms,1.1039
1787600422,97b74c1f5,debug,render-scroll,p95_ms,1.6967
1787600433,97b74c1f5,debug,wall,open_ms,83.4237
1787600433,97b74c1f5,debug,wall,typing_p50_ms,1.2030
1787600462,97b74c1f5,debug,burst-typing,p50_ms,5.7985
1787600462,97b74c1f5,debug,burst-typing,p95_ms,10.0472
1787600507,97b74c1f5,debug,typing,monster_p50_ms,5.3675
1787600507,97b74c1f5,debug,typing,scratch_p50_ms,2.4227
1787600519,97b74c1f5,debug,documents-list,refresh_ms,13.4793
1787600519,97b74c1f5,debug,documents-list,scroll_p50_ms,0.1294
1787600519,97b74c1f5,debug,documents-list,paint_p50_ms,0.3691
1787600558,97b74c1f5,debug,plain-typing,keystroke_p50_ms,0.2770
1787600563,97b74c1f5,debug,fold-toggle,monster_ms,1.7340
1787600708,97b74c1f5,debug,diff-open,open_ms,34.4278
1787600708,97b74c1f5,debug,diff-typing,p50_ms,1.3834
1787600709,97b74c1f5,debug,diff-resize,frame_p50_ms,24.3067
1787600709,97b74c1f5,debug,diff-resize,frame_worst_ms,25.2698
1787601006,97b74c1f5,debug,monster-resize,sync_ms,3.0107
1787601006,97b74c1f5,debug,monster-resize,repair_effect_ms,36.8930
1787601139,97b74c1f5,debug,code-typing,p50_ms,0.7856
1787601139,97b74c1f5,debug,code-typing,p95_ms,1.2806
1787601228,97b74c1f5,debug,tree-demo,toggle_ms,0.4272
1787601234,97b74c1f5,debug,styled-typing,p50_ms,2.6274
1787601234,97b74c1f5,debug,styled-typing,p95_ms,3.4490
1787601241,97b74c1f5,debug,list-scroll,build_ms,4.2828
1787601241,97b74c1f5,debug,list-scroll,frame_p50_ms,0.0390
1787601241,97b74c1f5,debug,list-scroll,frame_p95_ms,0.0418
1787601242,97b74c1f5,debug,tree-ops,toggle_ms,0.0894
1787601242,97b74c1f5,debug,tree-ops,build_ms,322.8545
1787601266,97b74c1f5,debug,monster-scroll,paint_p50_ms,2.1977
1787601266,97b74c1f5,debug,monster-scroll,paint_p95_ms,2.7772
1787601287,97b74c1f5,debug,search-landing,worst_ms,32.0155
1787601288,97b74c1f5,debug,search-scroll,paint_p50_ms,0.2386
1787601288,97b74c1f5,debug,search-scroll,paint_p95_ms,0.4305
1787601302,97b74c1f5,debug,render-scroll,avg_ms,1.1106
1787601302,97b74c1f5,debug,render-scroll,p50_ms,1.0347
1787601302,97b74c1f5,debug,render-scroll,p95_ms,1.5567
1787601332,97b74c1f5,debug,monster-search-scroll,paint_p50_ms,0.0000
1787601332,97b74c1f5,debug,monster-search-scroll,paint_max_ms,0.0000
1787601342,97b74c1f5,debug,wall,open_ms,81.4177
1787601342,97b74c1f5,debug,wall,typing_p50_ms,1.1439
1787601369,97b74c1f5,debug,burst-typing,p50_ms,4.7510
1787601369,97b74c1f5,debug,burst-typing,p95_ms,8.1412
1787601411,97b74c1f5,debug,typing,monster_p50_ms,2.5226
1787601411,97b74c1f5,debug,typing,scratch_p50_ms,0.6110
1787601429,97b74c1f5,debug,documents-list,refresh_ms,12.3451
1787601429,97b74c1f5,debug,documents-list,scroll_p50_ms,0.1187
1787601429,97b74c1f5,debug,documents-list,paint_p50_ms,0.3404
1787601438,97b74c1f5,debug,plain-typing,keystroke_p50_ms,0.2689
1787601440,97b74c1f5,debug,fold-toggle,monster_ms,1.6127
1787601527,97b74c1f5,debug,diff-open,open_ms,33.9314
1787601527,97b74c1f5,debug,diff-typing,p50_ms,1.3133
1787601528,97b74c1f5,debug,diff-resize,frame_p50_ms,23.2500
1787601528,97b74c1f5,debug,diff-resize,frame_worst_ms,23.3398
1787601632,97b74c1f5,debug,monster-resize,sync_ms,2.7902
1787601632,97b74c1f5,debug,monster-resize,repair_effect_ms,33.8775
1787601698,97b74c1f5,debug,code-typing,p50_ms,0.5829
1787601698,97b74c1f5,debug,code-typing,p95_ms,0.5965
1787601728,97b74c1f5,debug,list-scroll,build_ms,3.9513
1787601728,97b74c1f5,debug,list-scroll,frame_p50_ms,0.0382
1787601728,97b74c1f5,debug,list-scroll,frame_p95_ms,0.0411
1787601728,97b74c1f5,debug,tree-ops,toggle_ms,0.0879
1787601728,97b74c1f5,debug,tree-ops,build_ms,311.0303
1787601750,97b74c1f5,debug,search-landing,worst_ms,31.9727
1787601750,97b74c1f5,debug,search-scroll,paint_p50_ms,0.2316
1787601750,97b74c1f5,debug,search-scroll,paint_p95_ms,0.4348
1787604040,97b74c1f5,debug,tree-demo,toggle_ms,0.4044
1787604044,97b74c1f5,debug,styled-typing,p50_ms,2.5226
1787604044,97b74c1f5,debug,styled-typing,p95_ms,3.3619
1787604080,97b74c1f5,debug,monster-scroll,paint_p50_ms,2.1307
1787604080,97b74c1f5,debug,monster-scroll,paint_p95_ms,2.6675
1787604115,97b74c1f5,debug,render-scroll,avg_ms,1.0857
1787604115,97b74c1f5,debug,render-scroll,p50_ms,1.0118
1787604115,97b74c1f5,debug,render-scroll,p95_ms,1.5159
1787604144,97b74c1f5,debug,monster-search-scroll,paint_p50_ms,0.0000
1787604144,97b74c1f5,debug,monster-search-scroll,paint_max_ms,0.0000
1787604155,97b74c1f5,debug,wall,open_ms,79.8579
1787604155,97b74c1f5,debug,wall,typing_p50_ms,1.1300
1787604182,97b74c1f5,debug,burst-typing,p50_ms,4.5816
1787604182,97b74c1f5,debug,burst-typing,p95_ms,8.1616
1787604224,97b74c1f5,debug,typing,monster_p50_ms,2.4958
1787604224,97b74c1f5,debug,typing,scratch_p50_ms,0.5803
1787604243,97b74c1f5,debug,documents-list,refresh_ms,12.3151
1787604243,97b74c1f5,debug,documents-list,scroll_p50_ms,0.1190
1787604243,97b74c1f5,debug,documents-list,paint_p50_ms,0.3426
1787604272,97b74c1f5,debug,plain-typing,keystroke_p50_ms,0.2675
1787604274,97b74c1f5,debug,fold-toggle,monster_ms,1.6319
1787604441,97b74c1f5,debug,diff-open,open_ms,34.0037
1787604442,97b74c1f5,debug,diff-typing,p50_ms,1.2718
1787604442,97b74c1f5,debug,diff-resize,frame_p50_ms,23.3522
1787604442,97b74c1f5,debug,diff-resize,frame_worst_ms,24.4185
1787604746,97b74c1f5,debug,monster-resize,sync_ms,2.8418
1787604746,97b74c1f5,debug,monster-resize,repair_effect_ms,34.6572
1787604907,97b74c1f5,debug,code-typing,p50_ms,0.5775
1787604907,97b74c1f5,debug,code-typing,p95_ms,0.5986
1787605007,97b74c1f5,debug,list-scroll,build_ms,4.1235
1787605007,97b74c1f5,debug,list-scroll,frame_p50_ms,0.0393
1787605007,97b74c1f5,debug,list-scroll,frame_p95_ms,0.0415
1787605007,97b74c1f5,debug,tree-ops,toggle_ms,0.1116
1787605007,97b74c1f5,debug,tree-ops,build_ms,357.3133
1787605047,97b74c1f5,debug,search-landing,worst_ms,32.8508
1787605048,97b74c1f5,debug,search-scroll,paint_p50_ms,0.2337
1787605048,97b74c1f5,debug,search-scroll,paint_p95_ms,0.4326
1787606464,97b74c1f5,debug,tree-demo,toggle_ms,0.4113
1787606470,97b74c1f5,debug,styled-typing,p50_ms,2.4332
1787606470,97b74c1f5,debug,styled-typing,p95_ms,3.2599
1787606500,97b74c1f5,debug,monster-scroll,paint_p50_ms,2.1433
1787606500,97b74c1f5,debug,monster-scroll,paint_p95_ms,2.6890
1787606529,97b74c1f5,debug,monster-search-scroll,paint_p50_ms,0.0000
1787606529,97b74c1f5,debug,monster-search-scroll,paint_max_ms,0.0000
1787606565,97b74c1f5,debug,render-scroll,avg_ms,1.0914
1787606565,97b74c1f5,debug,render-scroll,p50_ms,1.0154
1787606565,97b74c1f5,debug,render-scroll,p95_ms,1.5312
1787606576,97b74c1f5,debug,wall,open_ms,80.9663
1787606576,97b74c1f5,debug,wall,typing_p50_ms,1.0963
1787606603,97b74c1f5,debug,burst-typing,p50_ms,4.5894
1787606603,97b74c1f5,debug,burst-typing,p95_ms,8.1094
1787606646,97b74c1f5,debug,typing,monster_p50_ms,2.4231
1787606646,97b74c1f5,debug,typing,scratch_p50_ms,0.5805
1787606666,97b74c1f5,debug,documents-list,refresh_ms,12.6029
1787606666,97b74c1f5,debug,documents-list,scroll_p50_ms,0.1173
1787606666,97b74c1f5,debug,documents-list,paint_p50_ms,0.3408
1787606684,97b74c1f5,debug,plain-typing,keystroke_p50_ms,0.2667
1787606686,97b74c1f5,debug,fold-toggle,monster_ms,1.6289
1787606779,97b74c1f5,debug,diff-open,open_ms,34.0612
1787606779,97b74c1f5,debug,diff-typing,p50_ms,1.2651
1787606780,97b74c1f5,debug,diff-resize,frame_p50_ms,23.3215
1787606780,97b74c1f5,debug,diff-resize,frame_worst_ms,23.6549
1787606902,97b74c1f5,debug,monster-resize,sync_ms,2.7605
1787606902,97b74c1f5,debug,monster-resize,repair_effect_ms,33.7692
1787606985,97b74c1f5,debug,code-typing,p50_ms,0.5843
1787606985,97b74c1f5,debug,code-typing,p95_ms,0.6082
1787607018,97b74c1f5,debug,list-scroll,build_ms,3.9617
1787607018,97b74c1f5,debug,list-scroll,frame_p50_ms,0.0382
1787607018,97b74c1f5,debug,list-scroll,frame_p95_ms,0.0407
1787607018,97b74c1f5,debug,tree-ops,toggle_ms,0.0885
1787607018,97b74c1f5,debug,tree-ops,build_ms,309.5161
1787607072,97b74c1f5,debug,search-landing,worst_ms,29.8962
1787607072,97b74c1f5,debug,search-scroll,paint_p50_ms,0.2314
1787607072,97b74c1f5,debug,search-scroll,paint_p95_ms,0.4049
1787659755,97b74c1f5,debug,tree-demo,toggle_ms,0.3896
1787659759,97b74c1f5,debug,styled-typing,p50_ms,2.7241
1787659759,97b74c1f5,debug,styled-typing,p95_ms,3.8917
1787659795,97b74c1f5,debug,monster-scroll,paint_p50_ms,2.1430
1787659795,97b74c1f5,debug,monster-scroll,paint_p95_ms,2.7428
1787659824,97b74c1f5,debug,monster-search-scroll,paint_p50_ms,0.0000
1787659824,97b74c1f5,debug,monster-search-scroll,paint_max_ms,0.0000
1787659861,97b74c1f5,debug,render-scroll,avg_ms,1.1544
1787659861,97b74c1f5,debug,render-scroll,p50_ms,1.0690
1787659861,97b74c1f5,debug,render-scroll,p95_ms,1.6425
1787659872,481458af8,debug,wall,open_ms,79.8377
1787659872,481458af8,debug,wall,typing_p50_ms,1.1093
1787659900,481458af8,debug,burst-typing,p50_ms,4.6355
1787659900,481458af8,debug,burst-typing,p95_ms,8.3230
1787659942,481458af8,debug,typing,monster_p50_ms,2.7681
1787659942,481458af8,debug,typing,scratch_p50_ms,0.6654
1787659956,481458af8,debug,documents-list,refresh_ms,13.4117
1787659956,481458af8,debug,documents-list,scroll_p50_ms,0.1197
1787659956,481458af8,debug,documents-list,paint_p50_ms,0.3495
1787659977,481458af8,debug,plain-typing,keystroke_p50_ms,0.2671
1787659979,481458af8,debug,fold-toggle,monster_ms,1.5968
1787660122,481458af8,debug,diff-open,open_ms,34.2122
1787660122,481458af8,debug,diff-typing,p50_ms,1.3083
1787660123,481458af8,debug,diff-resize,frame_p50_ms,23.4047
1787660123,481458af8,debug,diff-resize,frame_worst_ms,25.3020
1787660362,481458af8,debug,monster-resize,sync_ms,2.7667
1787660362,481458af8,debug,monster-resize,repair_effect_ms,35.5346
1787660482,481458af8,debug,code-typing,p50_ms,0.5759
1787660482,481458af8,debug,code-typing,p95_ms,0.5925
1787660576,481458af8,debug,list-scroll,build_ms,6.4038
1787660576,481458af8,debug,list-scroll,frame_p50_ms,0.0396
1787660576,481458af8,debug,list-scroll,frame_p95_ms,0.0500
1787660576,481458af8,debug,tree-ops,toggle_ms,0.0865
1787660576,481458af8,debug,tree-ops,build_ms,318.0945
1787660632,481458af8,debug,search-landing,worst_ms,32.2207
1787660632,481458af8,debug,search-scroll,paint_p50_ms,0.2243
1787660632,481458af8,debug,search-scroll,paint_p95_ms,0.3990
1787663582,481458af8,debug,search-landing,worst_ms,29.7336
1787663582,481458af8,debug,search-scroll,paint_p50_ms,0.2649
1787663582,481458af8,debug,search-scroll,paint_p95_ms,0.4190
1787663589,481458af8,debug,search-landing,worst_ms,33.6200
1787663589,481458af8,debug,search-scroll,paint_p50_ms,0.2762
1787663589,481458af8,debug,search-scroll,paint_p95_ms,0.4893
1787663602,481458af8,debug,search-landing,worst_ms,28.8591
1787663602,481458af8,debug,search-scroll,paint_p50_ms,0.2653
1787663602,481458af8,debug,search-scroll,paint_p95_ms,0.4450
1787663702,481458af8,debug,search-landing,worst_ms,31.4264
1787663702,481458af8,debug,search-scroll,paint_p50_ms,0.2684
1787663702,481458af8,debug,search-scroll,paint_p95_ms,0.4531
1787664010,481458af8,debug,search-landing,worst_ms,31.5670
1787664011,481458af8,debug,search-scroll,paint_p50_ms,0.2799
1787664011,481458af8,debug,search-scroll,paint_p95_ms,0.4912
1787664562,481458af8,debug,diff-open,open_ms,34.2213
1787664562,481458af8,debug,diff-typing,p50_ms,1.3543
1787664563,481458af8,debug,diff-resize,frame_p50_ms,24.5804
1787664563,481458af8,debug,diff-resize,frame_worst_ms,25.0874
1787664704,481458af8,debug,search-landing,worst_ms,33.8913
1787664704,481458af8,debug,search-scroll,paint_p50_ms,0.2848
1787664704,481458af8,debug,search-scroll,paint_p95_ms,0.5693
1787665706,481458af8,debug,diff-open,open_ms,34.7541
1787665706,481458af8,debug,diff-typing,p50_ms,1.3702
1787665707,481458af8,debug,diff-resize,frame_p50_ms,24.7059
1787665707,481458af8,debug,diff-resize,frame_worst_ms,25.1121
1787665727,481458af8,debug,search-landing,worst_ms,31.8209
1787665727,481458af8,debug,search-scroll,paint_p50_ms,0.2979
1787665727,481458af8,debug,search-scroll,paint_p95_ms,0.4923
1787666027,481458af8,debug,search-landing,worst_ms,33.6318
1787666027,481458af8,debug,search-scroll,paint_p50_ms,0.2847
1787666027,481458af8,debug,search-scroll,paint_p95_ms,0.4696
1787666153,481458af8,debug,search-landing,worst_ms,31.6170
1787666153,481458af8,debug,search-scroll,paint_p50_ms,0.2785
1787666153,481458af8,debug,search-scroll,paint_p95_ms,0.4915
1787666580,481458af8,debug,tree-demo,toggle_ms,0.4582
1787666581,481458af8,debug,monster-scroll,paint_p50_ms,2.6847
1787666581,481458af8,debug,monster-scroll,paint_p95_ms,3.8632
1787666622,481458af8,debug,render-scroll,avg_ms,1.2355
1787666622,481458af8,debug,render-scroll,p50_ms,1.1390
1787666622,481458af8,debug,render-scroll,p95_ms,1.7175
1787666665,481458af8,debug,styled-typing,p50_ms,2.7912
1787666665,481458af8,debug,styled-typing,p95_ms,3.6720
1787666681,481458af8,debug,tree-demo,toggle_ms,0.5220
1787666684,481458af8,debug,render-scroll,avg_ms,1.4107
1787666684,481458af8,debug,render-scroll,p50_ms,1.2968
1787666684,481458af8,debug,render-scroll,p95_ms,2.1631
1787666692,481458af8,debug,monster-search-scroll,paint_p50_ms,0.0000
1787666692,481458af8,debug,monster-search-scroll,paint_max_ms,0.0000
1787666704,481458af8,debug,wall,open_ms,83.7594
1787666704,481458af8,debug,wall,typing_p50_ms,1.1609
1787666726,481458af8,debug,styled-typing,p50_ms,2.6349
1787666726,481458af8,debug,styled-typing,p95_ms,3.4343
1787666733,481458af8,debug,burst-typing,p50_ms,4.9200
1787666733,481458af8,debug,burst-typing,p95_ms,8.5942
1787666759,481458af8,debug,monster-search-scroll,paint_p50_ms,0.0000
1787666759,481458af8,debug,monster-search-scroll,paint_max_ms,0.0000
1787666777,481458af8,debug,typing,monster_p50_ms,2.9100
1787666777,481458af8,debug,typing,scratch_p50_ms,0.7154
1787666793,481458af8,debug,monster-scroll,paint_p50_ms,2.2807
1787666793,481458af8,debug,monster-scroll,paint_p95_ms,2.9089
1787666804,481458af8,debug,wall,open_ms,81.5549
1787666804,481458af8,debug,wall,typing_p50_ms,1.1782
1787666833,481458af8,debug,burst-typing,p50_ms,4.7877
1787666833,481458af8,debug,burst-typing,p95_ms,8.7212
1787666876,481458af8,debug,typing,monster_p50_ms,3.0494
1787666876,481458af8,debug,typing,scratch_p50_ms,0.7975
1787666912,481458af8,debug,plain-typing,keystroke_p50_ms,0.2658
1787666914,481458af8,debug,fold-toggle,monster_ms,1.6092
1787667088,481458af8,debug,diff-open,open_ms,34.3097
1787667088,481458af8,debug,diff-typing,p50_ms,1.4392
1787667089,481458af8,debug,diff-resize,frame_p50_ms,24.0715
1787667089,481458af8,debug,diff-resize,frame_worst_ms,24.3792
1787667422,481458af8,debug,monster-resize,sync_ms,3.0758
1787667422,481458af8,debug,monster-resize,repair_effect_ms,38.6960
1787667633,481458af8,debug,code-typing,p50_ms,0.6145
1787667633,481458af8,debug,code-typing,p95_ms,0.7263
1787667753,481458af8,debug,list-scroll,build_ms,4.3230
1787667753,481458af8,debug,list-scroll,frame_p50_ms,0.0391
1787667753,481458af8,debug,list-scroll,frame_p95_ms,0.0415
1787667753,481458af8,debug,tree-ops,toggle_ms,0.0988
1787667753,481458af8,debug,tree-ops,build_ms,332.0287
1787667754,481458af8,debug,diff-open,open_ms,35.5236
1787667754,481458af8,debug,diff-typing,p50_ms,1.3836
1787667755,481458af8,debug,diff-resize,frame_p50_ms,24.8843
1787667755,481458af8,debug,diff-resize,frame_worst_ms,61.2332
1787667825,481458af8,debug,search-landing,worst_ms,32.9759
1787667825,481458af8,debug,search-scroll,paint_p50_ms,0.2466
1787667825,481458af8,debug,search-scroll,paint_p95_ms,0.4524
1787667966,481458af8,debug,tree-demo,toggle_ms,0.4349
1787667971,481458af8,debug,styled-typing,p50_ms,2.7532
1787667971,481458af8,debug,styled-typing,p95_ms,3.9982
1787668009,481458af8,debug,monster-scroll,paint_p50_ms,2.1998
1787668009,481458af8,debug,monster-scroll,paint_p95_ms,2.8506
1787668045,481458af8,debug,render-scroll,avg_ms,1.1471
1787668045,481458af8,debug,render-scroll,p50_ms,1.0575
1787668045,481458af8,debug,render-scroll,p95_ms,1.6075
1787668075,481458af8,debug,monster-search-scroll,paint_p50_ms,0.0000
1787668075,481458af8,debug,monster-search-scroll,paint_max_ms,0.0000
1787668085,481458af8,debug,wall,open_ms,80.2032
1787668085,481458af8,debug,wall,typing_p50_ms,1.0853
1787668113,481458af8,debug,burst-typing,p50_ms,4.4966
1787668113,481458af8,debug,burst-typing,p95_ms,8.4119
1787668155,481458af8,debug,typing,monster_p50_ms,2.5765
1787668155,481458af8,debug,typing,scratch_p50_ms,0.6601
1787668183,481458af8,debug,plain-typing,keystroke_p50_ms,0.2752
1787668185,481458af8,debug,fold-toggle,monster_ms,1.6639
1787668379,481458af8,debug,diff-open,open_ms,34.3099
1787668379,481458af8,debug,diff-typing,p50_ms,1.3020
1787668380,481458af8,debug,diff-resize,frame_p50_ms,23.8992
1787668380,481458af8,debug,diff-resize,frame_worst_ms,24.1828
1787668538,481458af8,debug,monster-resize,sync_ms,2.8362
1787668538,481458af8,debug,monster-resize,repair_effect_ms,34.6944
1787668621,481458af8,debug,code-typing,p50_ms,0.5780
1787668621,481458af8,debug,code-typing,p95_ms,0.5943
1787668669,76a12551b,debug,list-scroll,build_ms,4.2765
1787668669,76a12551b,debug,list-scroll,frame_p50_ms,0.0405
1787668669,76a12551b,debug,list-scroll,frame_p95_ms,0.0482
1787668669,76a12551b,debug,tree-ops,toggle_ms,0.0885
1787668669,76a12551b,debug,tree-ops,build_ms,322.2917
1787668723,76a12551b,debug,search-landing,worst_ms,34.1725
1787668723,76a12551b,debug,search-scroll,paint_p50_ms,0.2305
1787668723,76a12551b,debug,search-scroll,paint_p95_ms,0.4539
1787671905,a26669eed,debug,plain-typing,keystroke_p50_ms,0.2502
1787671907,a26669eed,debug,fold-toggle,monster_ms,1.6511
1787672253,acad1c1f7,debug,plain-typing,keystroke_p50_ms,0.2513
1787672254,acad1c1f7,debug,fold-toggle,monster_ms,1.6411
1787672273,acad1c1f7,debug,list-scroll,build_ms,4.0783
1787672273,acad1c1f7,debug,list-scroll,frame_p50_ms,0.0387
1787672273,acad1c1f7,debug,list-scroll,frame_p95_ms,0.0415
1787672273,acad1c1f7,debug,tree-ops,toggle_ms,0.0952
1787672273,acad1c1f7,debug,tree-ops,build_ms,299.9831
1787673242,efa3d9d4b,debug,plain-typing,keystroke_p50_ms,0.2500
1787673244,efa3d9d4b,debug,fold-toggle,monster_ms,1.6702
1787673256,efa3d9d4b,debug,diff-open,open_ms,31.8530
1787673256,efa3d9d4b,debug,diff-typing,p50_ms,1.3068
1787673257,efa3d9d4b,debug,diff-resize,frame_p50_ms,22.5479
1787673257,efa3d9d4b,debug,diff-resize,frame_worst_ms,22.8830
1787674017,f39ff0fde,debug,plain-typing,keystroke_p50_ms,0.2524
1787674019,f39ff0fde,debug,fold-toggle,monster_ms,1.7223
1787674029,f39ff0fde,debug,diff-open,open_ms,32.1010
1787674029,f39ff0fde,debug,diff-typing,p50_ms,1.3566
1787674030,f39ff0fde,debug,diff-resize,frame_p50_ms,22.7725
1787674030,f39ff0fde,debug,diff-resize,frame_worst_ms,23.1375
1787674128,263ba4cd5,debug,plain-typing,keystroke_p50_ms,0.2523
1787674129,263ba4cd5,debug,fold-toggle,monster_ms,1.6996
1787674224,263ba4cd5,debug,plain-typing,keystroke_p50_ms,0.2524
1787674226,263ba4cd5,debug,fold-toggle,monster_ms,1.6355
1787674349,cbba6c4d0,debug,list-scroll,build_ms,4.0296
1787674349,cbba6c4d0,debug,list-scroll,frame_p50_ms,0.0383
1787674349,cbba6c4d0,debug,list-scroll,frame_p95_ms,0.0414
1787674349,cbba6c4d0,debug,tree-ops,toggle_ms,0.0945
1787674349,cbba6c4d0,debug,tree-ops,build_ms,304.8284
1787674639,0a95597f6,debug,plain-typing,keystroke_p50_ms,0.2604
1787674640,0a95597f6,debug,fold-toggle,monster_ms,1.6476
1787675065,c1bd26e01,debug,plain-typing,keystroke_p50_ms,0.2521
1787675067,c1bd26e01,debug,fold-toggle,monster_ms,1.8162
1787675190,6f327a085,debug,diff-open,open_ms,32.2204
1787675190,6f327a085,debug,diff-typing,p50_ms,1.2924
1787675191,6f327a085,debug,diff-resize,frame_p50_ms,22.8934
1787675191,6f327a085,debug,diff-resize,frame_worst_ms,23.4303
1787677049,1eec559af,debug,search-landing,worst_ms,26.3226
1787677049,1eec559af,debug,search-scroll,paint_p50_ms,0.2569
1787677049,1eec559af,debug,search-scroll,paint_p95_ms,0.3982
1787677720,823a6fd1c,debug,plain-typing,keystroke_p50_ms,0.2495
1787677722,823a6fd1c,debug,fold-toggle,monster_ms,1.6084
1787677855,2b9609233,debug,plain-typing,keystroke_p50_ms,0.2505
1787677856,2b9609233,debug,fold-toggle,monster_ms,1.6185
1787678759,1ca2027d2,debug,plain-typing,keystroke_p50_ms,0.2594
1787678761,1ca2027d2,debug,fold-toggle,monster_ms,1.7005
1787678881,1ca2027d2,debug,list-scroll,build_ms,4.0802
1787678881,1ca2027d2,debug,list-scroll,frame_p50_ms,0.0384
1787678881,1ca2027d2,debug,list-scroll,frame_p95_ms,0.0419
1787678881,1ca2027d2,debug,tree-ops,toggle_ms,0.0800
1787678881,1ca2027d2,debug,tree-ops,build_ms,298.2244
1787742113,4c6961f06,debug,list-scroll,build_ms,7.4174
1787742113,4c6961f06,debug,list-scroll,frame_p50_ms,0.0387
1787742113,4c6961f06,debug,list-scroll,frame_p95_ms,0.0415
1787742113,4c6961f06,debug,tree-ops,toggle_ms,0.0751
1787742113,4c6961f06,debug,tree-ops,build_ms,301.6628
1787742334,ae40779f8,debug,plain-typing,keystroke_p50_ms,0.2495
1787742336,ae40779f8,debug,fold-toggle,monster_ms,1.6310
1787743250,f29c29c2e,debug,plain-typing,keystroke_p50_ms,0.2597
1787743251,f29c29c2e,debug,fold-toggle,monster_ms,1.6254
1787743398,f29c29c2e,debug,plain-typing,keystroke_p50_ms,0.2512
1787743399,f29c29c2e,debug,fold-toggle,monster_ms,1.6620
1787743513,f29c29c2e,debug,plain-typing,keystroke_p50_ms,0.2697
1787743515,f29c29c2e,debug,fold-toggle,monster_ms,1.7721
1787743527,f29c29c2e,debug,diff-open,open_ms,31.7832
1787743527,f29c29c2e,debug,diff-typing,p50_ms,1.2137
1787743528,f29c29c2e,debug,diff-resize,frame_p50_ms,22.5578
1787743528,f29c29c2e,debug,diff-resize,frame_worst_ms,22.9448
1787744202,b29fa0cac,debug,search-landing,worst_ms,30.4455
1787744202,b29fa0cac,debug,search-scroll,paint_p50_ms,0.2928
1787744202,b29fa0cac,debug,search-scroll,paint_p95_ms,0.5974
1787744491,92d007a47,debug,tree-demo,toggle_ms,0.6124
1787744501,92d007a47,debug,styled-typing,p50_ms,2.8517
1787744501,92d007a47,debug,styled-typing,p95_ms,3.9032
1787744533,92d007a47,debug,monster-scroll,paint_p50_ms,2.0786
1787744533,92d007a47,debug,monster-scroll,paint_p95_ms,2.7740
1787744564,92d007a47,debug,render-scroll,avg_ms,1.1533
1787744564,92d007a47,debug,render-scroll,p50_ms,1.0758
1787744564,92d007a47,debug,render-scroll,p95_ms,1.6208
1787744589,92d007a47,debug,monster-search-scroll,paint_p50_ms,0.0000
1787744589,92d007a47,debug,monster-search-scroll,paint_max_ms,0.0000
1787744596,92d007a47,debug,wall,open_ms,115.0080
1787744596,92d007a47,debug,wall,typing_p50_ms,1.3850
1787744619,92d007a47,debug,burst-typing,p50_ms,4.4627
1787744619,92d007a47,debug,burst-typing,p95_ms,7.6454
1787744653,92d007a47,debug,typing,monster_p50_ms,2.5288
1787744653,92d007a47,debug,typing,scratch_p50_ms,0.9433
1787744691,92d007a47,debug,plain-typing,keystroke_p50_ms,0.2512
1787744692,92d007a47,debug,fold-toggle,monster_ms,1.6626
1787744878,92d007a47,debug,diff-open,open_ms,32.4042
1787744878,92d007a47,debug,diff-typing,p50_ms,1.2601
1787744879,92d007a47,debug,diff-resize,frame_p50_ms,22.5993
1787744879,92d007a47,debug,diff-resize,frame_worst_ms,23.0353
1787745283,92d007a47,debug,monster-resize,sync_ms,2.6002
1787745283,92d007a47,debug,monster-resize,repair_effect_ms,31.5538
1787745519,92d007a47,debug,code-typing,p50_ms,0.6355
1787745519,92d007a47,debug,code-typing,p95_ms,0.6577
1787745699,92d007a47,debug,list-scroll,build_ms,5.0062
1787745699,92d007a47,debug,list-scroll,frame_p50_ms,0.0388
1787745699,92d007a47,debug,list-scroll,frame_p95_ms,0.0490
1787745700,92d007a47,debug,tree-ops,toggle_ms,0.0742
1787745700,92d007a47,debug,tree-ops,build_ms,338.9551
1787745791,1606ffad0,debug,search-scroll,paint_p50_ms,0.2329
1787745791,1606ffad0,debug,search-scroll,paint_p95_ms,0.4036
1787745791,1606ffad0,debug,search-landing,worst_ms,27.3334
1787747822,1606ffad0,debug,plain-typing,keystroke_p50_ms,0.2634
1787747824,1606ffad0,debug,fold-toggle,monster_ms,1.6692
1787748444,601d87a62,debug,plain-typing,keystroke_p50_ms,0.2707
1787748446,601d87a62,debug,fold-toggle,monster_ms,1.6994
1787748772,601d87a62,debug,plain-typing,keystroke_p50_ms,0.2450
1787748774,601d87a62,debug,fold-toggle,monster_ms,1.7643
1787748967,601d87a62,debug,editor-scroll,build_p50_ms,0.1154
1787748967,601d87a62,debug,editor-scroll,build_p95_ms,0.2368
1787749053,601d87a62,debug,editor-scroll,build_p50_ms,0.1969
1787749053,601d87a62,debug,editor-scroll,build_p95_ms,0.5768
1787749055,601d87a62,debug,plain-typing,keystroke_p50_ms,0.2543
1787749057,601d87a62,debug,fold-toggle,monster_ms,1.6451
1787749270,33f844d6c,debug,editor-scroll,build_p50_ms,0.1148
1787749270,33f844d6c,debug,editor-scroll,build_p95_ms,0.2363
1787749401,33f844d6c,debug,editor-scroll,build_p50_ms,0.1723
1787749401,33f844d6c,debug,editor-scroll,build_p95_ms,0.4736
1787749403,33f844d6c,debug,plain-typing,keystroke_p50_ms,0.2584
1787749405,33f844d6c,debug,fold-toggle,monster_ms,1.7122
1787749487,33f844d6c,debug,monster-resize,sync_ms,2.5953
1787749487,33f844d6c,debug,monster-resize,repair_effect_ms,32.0594
1787749775,370d94aa0,release,editor-scroll,build_p50_ms,0.0147
1787749775,370d94aa0,release,editor-scroll,build_p95_ms,0.0274
1787750464,64bdd6db8,debug,editor-scroll,build_p50_ms,0.1806
1787750464,64bdd6db8,debug,editor-scroll,build_p95_ms,0.5311
1787750466,64bdd6db8,debug,plain-typing,keystroke_p50_ms,0.2445
1787750467,64bdd6db8,debug,fold-toggle,monster_ms,1.6233
1787750513,64bdd6db8,release,editor-scroll,build_p50_ms,0.0145
1787750513,64bdd6db8,release,editor-scroll,build_p95_ms,0.0269
1787752773,e5a4a38ec,debug,list-scroll,build_ms,5.2039
1787752773,e5a4a38ec,debug,list-scroll,frame_p50_ms,0.0400
1787752773,e5a4a38ec,debug,list-scroll,frame_p95_ms,0.0575
1787752773,e5a4a38ec,debug,tree-ops,toggle_ms,0.0762
1787752773,e5a4a38ec,debug,tree-ops,build_ms,315.1319
1787752780,e5a4a38ec,debug,list-scroll,build_ms,3.9738
1787752780,e5a4a38ec,debug,list-scroll,frame_p50_ms,0.0355
1787752780,e5a4a38ec,debug,list-scroll,frame_p95_ms,0.0387
1787752780,e5a4a38ec,debug,tree-ops,toggle_ms,0.0755
1787752780,e5a4a38ec,debug,tree-ops,build_ms,304.2708
1787753821,e5a4a38ec,debug,tree-demo,toggle_ms,0.5977
1787753831,e5a4a38ec,debug,styled-typing,p50_ms,2.7218
1787753831,e5a4a38ec,debug,styled-typing,p95_ms,3.6847
1787753880,e5a4a38ec,debug,render-scroll,avg_ms,1.5366
1787753880,e5a4a38ec,debug,render-scroll,p50_ms,1.3557
1787753880,e5a4a38ec,debug,render-scroll,p95_ms,2.2629
1787753914,e5a4a38ec,debug,monster-search-scroll,paint_p50_ms,0.0000
1787753914,e5a4a38ec,debug,monster-search-scroll,paint_max_ms,0.0000
1787753945,e5a4a38ec,debug,monster-scroll,paint_p50_ms,2.7297
1787753945,e5a4a38ec,debug,monster-scroll,paint_p95_ms,3.6372
1787753954,e5a4a38ec,debug,wall,open_ms,115.4141
1787753954,e5a4a38ec,debug,wall,typing_p50_ms,1.0496
1787753980,e5a4a38ec,debug,burst-typing,p50_ms,4.4176
1787753980,e5a4a38ec,debug,burst-typing,p95_ms,7.5927
1787754017,e5a4a38ec,debug,typing,monster_p50_ms,2.2051
1787754017,e5a4a38ec,debug,typing,scratch_p50_ms,0.7483
1787754064,e5a4a38ec,debug,editor-scroll,build_p50_ms,0.1856
1787754064,e5a4a38ec,debug,editor-scroll,build_p95_ms,0.5530
1787754065,e5a4a38ec,debug,plain-typing,keystroke_p50_ms,0.2584
1787754067,e5a4a38ec,debug,fold-toggle,monster_ms,1.6329
1787754359,e5a4a38ec,debug,diff-open,open_ms,31.4396
1787754359,e5a4a38ec,debug,diff-typing,p50_ms,1.2585
1787754360,e5a4a38ec,debug,diff-resize,frame_p50_ms,21.9078
1787754360,e5a4a38ec,debug,diff-resize,frame_worst_ms,22.7818
1787755249,e5a4a38ec,debug,monster-resize,sync_ms,2.7553
1787755249,e5a4a38ec,debug,monster-resize,repair_effect_ms,33.8128
1787755561,e5a4a38ec,debug,code-typing,p50_ms,0.6753
1787755561,e5a4a38ec,debug,code-typing,p95_ms,0.8093
1787755757,e5a4a38ec,debug,list-scroll,build_ms,6.8837
1787755757,e5a4a38ec,debug,list-scroll,frame_p50_ms,0.0373
1787755757,e5a4a38ec,debug,list-scroll,frame_p95_ms,0.0686
1787755757,e5a4a38ec,debug,tree-ops,toggle_ms,0.0791
1787755757,e5a4a38ec,debug,tree-ops,build_ms,326.8590
1787758234,1a7a1b135,release,list-scroll,build_ms,0.5466
1787758234,1a7a1b135,release,list-scroll,frame_p50_ms,0.0107
1787758234,1a7a1b135,release,list-scroll,frame_p95_ms,0.0138
1787758242,1a7a1b135,release,editor-scroll,build_p50_ms,0.0144
1787758242,1a7a1b135,release,editor-scroll,build_p95_ms,0.0274
1787763839,0e1721686,debug,code-typing,p50_ms,0.7505
1787763839,0e1721686,debug,code-typing,p95_ms,1.7675
1787763963,0e1721686,debug,list-scroll,build_ms,5.2793
1787763963,0e1721686,debug,list-scroll,frame_p50_ms,0.0367
1787763963,0e1721686,debug,list-scroll,frame_p95_ms,0.0403
1787763964,0e1721686,debug,tree-ops,toggle_ms,0.1654
1787763964,0e1721686,debug,tree-ops,build_ms,465.5154
1787764073,0e1721686,debug,search-landing,worst_ms,28.5949
1787764073,0e1721686,debug,search-scroll,paint_p50_ms,0.2005
1787764073,0e1721686,debug,search-scroll,paint_p95_ms,0.3261
1787777964,1e437c02b,release,diff-open,open_ms,17.2864
1787777964,1e437c02b,release,diff-typing,p50_ms,0.3208
1787777964,1e437c02b,release,diff-resize,frame_p50_ms,1.6872
1787777964,1e437c02b,release,diff-resize,frame_worst_ms,2.0884
1787818114,f11c877bf,debug,editor-scroll,build_p50_ms,0.1587
1787818114,f11c877bf,debug,editor-scroll,build_p95_ms,0.5090
1787818116,f11c877bf,debug,plain-typing,keystroke_p50_ms,0.2517
1787818117,f11c877bf,debug,fold-toggle,monster_ms,1.7399
1787818499,f11c877bf,debug,tree-demo,toggle_ms,0.8827
1787818526,f11c877bf,debug,styled-typing,p50_ms,2.3967
1787818526,f11c877bf,debug,styled-typing,p95_ms,3.1804
1787818553,f11c877bf,debug,monster-scroll,paint_p50_ms,1.9047
1787818553,f11c877bf,debug,monster-scroll,paint_p95_ms,2.3739
1787818582,f11c877bf,debug,render-scroll,avg_ms,1.0241
1787818582,f11c877bf,debug,render-scroll,p50_ms,0.9543
1787818582,f11c877bf,debug,render-scroll,p95_ms,1.4183
1787818606,f11c877bf,debug,monster-search-scroll,paint_p50_ms,0.0000
1787818606,f11c877bf,debug,monster-search-scroll,paint_max_ms,0.0000
1787818612,f11c877bf,debug,wall,open_ms,113.7643
1787818612,f11c877bf,debug,wall,typing_p50_ms,1.1034
1787818633,f11c877bf,debug,burst-typing,p50_ms,4.1699
1787818633,f11c877bf,debug,burst-typing,p95_ms,7.9070
1787818665,f11c877bf,debug,typing,monster_p50_ms,2.0741
1787818665,f11c877bf,debug,typing,scratch_p50_ms,0.6601
1787818717,f11c877bf,debug,editor-scroll,build_p50_ms,0.2011
1787818717,f11c877bf,debug,editor-scroll,build_p95_ms,0.5255
1787818718,f11c877bf,debug,plain-typing,keystroke_p50_ms,0.2483
1787818720,f11c877bf,debug,fold-toggle,monster_ms,1.8192
1787818987,f11c877bf,debug,diff-open,open_ms,17.8473
1787818987,f11c877bf,debug,diff-typing,p50_ms,0.2674
1787818987,f11c877bf,debug,diff-resize,frame_p50_ms,3.5086
1787818987,f11c877bf,debug,diff-resize,frame_worst_ms,3.8129
1787819548,f11c877bf,debug,monster-resize,sync_ms,2.8416
1787819548,f11c877bf,debug,monster-resize,repair_effect_ms,15.4112
1787822196,f11c877bf,debug,code-typing,p50_ms,1.0525
1787822196,f11c877bf,debug,code-typing,p95_ms,1.0938
1787865684,85c5993e4,release,sumtree,build200k_ms,0.3885
1787865684,85c5993e4,release,sumtree,rmq10k_ms,2.8110
1787865684,85c5993e4,release,sumtree,splice1k_ms,4.6385
1787865684,85c5993e4,release,sumtree,set10k_ms,6.8416
1787865684,85c5993e4,release,sumtree,find10k_ms,0.8139
1788199634,70271eee4,debug,editor-scroll,build_p50_ms,0.3736
1788199634,70271eee4,debug,editor-scroll,build_p95_ms,2.9543
1788199638,70271eee4,debug,plain-typing,keystroke_p50_ms,0.3810
1788199642,70271eee4,debug,fold-toggle,monster_ms,3.7319
1788199690,70271eee4,debug,list-scroll,build_ms,4.7382
1788199690,70271eee4,debug,list-scroll,frame_p50_ms,0.0408
1788199690,70271eee4,debug,list-scroll,frame_p95_ms,0.1071
1788199691,70271eee4,debug,tree-ops,toggle_ms,0.5426
1788199691,70271eee4,debug,tree-ops,build_ms,750.7906
1788444213,14eb1cfa7,debug,monster-resize,sync_ms,3.9140
1788444213,14eb1cfa7,debug,monster-resize,repair_effect_ms,18.0451
1788444409,14eb1cfa7,debug,monster-resize,sync_ms,2.6058
1788444409,14eb1cfa7,debug,monster-resize,repair_effect_ms,15.2232
1788444613,14eb1cfa7,debug,editor-scroll,build_p50_ms,0.1259
1788444613,14eb1cfa7,debug,editor-scroll,build_p95_ms,0.3035
1788444615,14eb1cfa7,debug,plain-typing,keystroke_p50_ms,0.3121
1788444617,14eb1cfa7,debug,fold-toggle,monster_ms,2.1793
1788444692,14eb1cfa7,debug,monster-resize,sync_ms,2.7817
1788444692,14eb1cfa7,debug,monster-resize,repair_effect_ms,15.9391
1788445271,14eb1cfa7,debug,tree-demo,toggle_ms,0.6370
1788445276,14eb1cfa7,debug,monster-scroll,paint_p50_ms,2.6471
1788445276,14eb1cfa7,debug,monster-scroll,paint_p95_ms,4.0685
1788445707,14eb1cfa7,debug,editor-scroll,build_p50_ms,0.1172
1788445707,14eb1cfa7,debug,editor-scroll,build_p95_ms,0.2421
1788445709,14eb1cfa7,debug,plain-typing,keystroke_p50_ms,0.2855
1788445710,14eb1cfa7,debug,fold-toggle,monster_ms,2.0416
1788445724,14eb1cfa7,debug,monster-resize,sync_ms,2.6089
1788445724,14eb1cfa7,debug,monster-resize,repair_effect_ms,15.2337
1788446547,14eb1cfa7,debug,editor-scroll,build_p50_ms,0.1140
1788446547,14eb1cfa7,debug,editor-scroll,build_p95_ms,0.2360
1788446549,14eb1cfa7,debug,plain-typing,keystroke_p50_ms,0.2882
1788446550,14eb1cfa7,debug,fold-toggle,monster_ms,2.2554
1788446566,14eb1cfa7,debug,monster-resize,sync_ms,2.7343
1788446566,14eb1cfa7,debug,monster-resize,repair_effect_ms,15.5647
1788447036,14eb1cfa7,debug,editor-scroll,build_p50_ms,0.1204
1788447036,14eb1cfa7,debug,editor-scroll,build_p95_ms,0.2415
1788447038,14eb1cfa7,debug,plain-typing,keystroke_p50_ms,0.2902
1788447039,14eb1cfa7,debug,fold-toggle,monster_ms,2.0367
1788447055,14eb1cfa7,debug,monster-resize,sync_ms,2.6261
1788447055,14eb1cfa7,debug,monster-resize,repair_effect_ms,15.3335
1788449032,861d89240,debug,editor-scroll,build_p50_ms,0.1210
1788449032,861d89240,debug,editor-scroll,build_p95_ms,0.2429
1788449034,861d89240,debug,plain-typing,keystroke_p50_ms,0.2905
1788449036,861d89240,debug,fold-toggle,monster_ms,2.0640
1788449051,861d89240,debug,monster-resize,sync_ms,2.6247
1788449051,861d89240,debug,monster-resize,repair_effect_ms,15.3697
1788451533,861d89240,debug,editor-scroll,build_p50_ms,0.1217
1788451533,861d89240,debug,editor-scroll,build_p95_ms,0.2358
1788451534,861d89240,debug,plain-typing,keystroke_p50_ms,0.2900
1788451536,861d89240,debug,fold-toggle,monster_ms,2.3230
1788451548,861d89240,debug,monster-resize,sync_ms,2.6133
1788451548,861d89240,debug,monster-resize,repair_effect_ms,15.2966
1788453040,861d89240,debug,editor-scroll,build_p50_ms,0.1221
1788453040,861d89240,debug,editor-scroll,build_p95_ms,0.2550
1788453042,861d89240,debug,plain-typing,keystroke_p50_ms,0.2966
1788453043,861d89240,debug,fold-toggle,monster_ms,2.0154
1788453061,861d89240,debug,monster-resize,sync_ms,2.7567
1788453061,861d89240,debug,monster-resize,repair_effect_ms,15.9725
1788476586,861d89240,debug,editor-scroll,build_p50_ms,0.1334
1788476586,861d89240,debug,editor-scroll,build_p95_ms,0.3442
1788476588,861d89240,debug,plain-typing,keystroke_p50_ms,0.3216
1788476589,861d89240,debug,fold-toggle,monster_ms,2.0845
1788476610,861d89240,debug,monster-resize,sync_ms,2.6450
1788476610,861d89240,debug,monster-resize,repair_effect_ms,15.7382
1788476648,861d89240,debug,monster-resize,sync_ms,2.7760
1788476648,861d89240,debug,monster-resize,repair_effect_ms,16.0876
1788476861,861d89240,debug,editor-scroll,build_p50_ms,0.1190
1788476861,861d89240,debug,editor-scroll,build_p95_ms,0.2362
1788476863,861d89240,debug,plain-typing,keystroke_p50_ms,0.2877
1788476865,861d89240,debug,fold-toggle,monster_ms,2.0981
1788476880,861d89240,debug,monster-resize,sync_ms,2.6293
1788476880,861d89240,debug,monster-resize,repair_effect_ms,15.4637
1788476909,861d89240,debug,monster-resize,sync_ms,2.6655
1788476909,861d89240,debug,monster-resize,repair_effect_ms,15.6781
1788476959,861d89240,debug,monster-resize,sync_ms,2.9108
1788476959,861d89240,debug,monster-resize,repair_effect_ms,15.9650
1788477788,861d89240,debug,editor-scroll,build_p50_ms,0.1172
1788477788,861d89240,debug,editor-scroll,build_p95_ms,0.2341
1788477789,861d89240,debug,plain-typing,keystroke_p50_ms,0.2852
1788477791,861d89240,debug,fold-toggle,monster_ms,2.0202
1788477804,861d89240,debug,monster-resize,sync_ms,2.6582
1788477804,861d89240,debug,monster-resize,repair_effect_ms,15.7240
1788477821,861d89240,debug,monster-resize,sync_ms,2.6725
1788477821,861d89240,debug,monster-resize,repair_effect_ms,16.1598
1788477867,861d89240,debug,monster-resize,sync_ms,2.6180
1788477867,861d89240,debug,monster-resize,repair_effect_ms,15.2905
1788480139,b5706d1f7,debug,monster-resize,sync_ms,2.7423
1788480139,b5706d1f7,debug,monster-resize,repair_effect_ms,15.8863
1788480248,b5706d1f7,debug,editor-scroll,build_p50_ms,0.1248
1788480248,b5706d1f7,debug,editor-scroll,build_p95_ms,0.2898
1788480250,b5706d1f7,debug,plain-typing,keystroke_p50_ms,0.3088
1788480251,b5706d1f7,debug,fold-toggle,monster_ms,2.0749
1788480269,b5706d1f7,debug,monster-resize,sync_ms,2.8851
1788480269,b5706d1f7,debug,monster-resize,repair_effect_ms,16.0020
1788541197,9d8647c7f,debug,monster-resize,sync_ms,2.8224
1788541197,9d8647c7f,debug,monster-resize,repair_effect_ms,16.7400
1788558811,ada7ca03c,debug,editor-scroll,build_p50_ms,0.1907
1788558811,ada7ca03c,debug,editor-scroll,build_p95_ms,3.3330
1788558814,ada7ca03c,debug,plain-typing,keystroke_p50_ms,0.3131
1788558816,ada7ca03c,debug,fold-toggle,monster_ms,2.3130
1788558831,ada7ca03c,debug,diff-open,open_ms,18.8498
1788558831,ada7ca03c,debug,diff-typing,p50_ms,0.3371
1788558831,ada7ca03c,debug,diff-resize,frame_p50_ms,4.1182
1788558831,ada7ca03c,debug,diff-resize,frame_worst_ms,4.7046
1788558848,ada7ca03c,debug,monster-resize,sync_ms,2.7292
1788558848,ada7ca03c,debug,monster-resize,repair_effect_ms,15.9729
1788560137,ada7ca03c,debug,editor-scroll,build_p50_ms,0.2331
1788560137,ada7ca03c,debug,editor-scroll,build_p95_ms,4.9828
1788560149,ada7ca03c,debug,plain-typing,keystroke_p50_ms,1.9972
1788560154,ada7ca03c,debug,fold-toggle,monster_ms,5.1428
1788560197,ada7ca03c,debug,diff-open,open_ms,26.6374
1788560197,ada7ca03c,debug,diff-typing,p50_ms,0.5803
1788560197,ada7ca03c,debug,diff-resize,frame_p50_ms,6.6554
1788560197,ada7ca03c,debug,diff-resize,frame_worst_ms,8.5055
1788560235,ada7ca03c,debug,monster-resize,sync_ms,3.1494
1788560235,ada7ca03c,debug,monster-resize,repair_effect_ms,18.6050
1788643441,74590a614,debug,editor-scroll,build_p50_ms,0.1262
1788643441,74590a614,debug,editor-scroll,build_p95_ms,0.2672
1788643443,74590a614,debug,plain-typing,keystroke_p50_ms,0.2911
1788643444,74590a614,debug,fold-toggle,monster_ms,1.9050
1788643486,74590a614,debug,editor-scroll,build_p50_ms,0.1222
1788643486,74590a614,debug,editor-scroll,build_p95_ms,0.2518
1788643488,74590a614,debug,plain-typing,keystroke_p50_ms,0.2893
1788643490,74590a614,debug,fold-toggle,monster_ms,2.1119
1788643500,74590a614,debug,editor-scroll,build_p50_ms,0.1233
1788643500,74590a614,debug,editor-scroll,build_p95_ms,0.2585
1788643503,74590a614,debug,plain-typing,keystroke_p50_ms,0.2995
1788643504,74590a614,debug,fold-toggle,monster_ms,2.0030
1788643709,74590a614,debug,editor-scroll,build_p50_ms,0.1248
1788643709,74590a614,debug,editor-scroll,build_p95_ms,0.2568
1788643711,74590a614,debug,plain-typing,keystroke_p50_ms,0.2950
1788643712,74590a614,debug,fold-toggle,monster_ms,2.2582
1788645468,d717c8507,debug,editor-scroll,build_p50_ms,0.1224
1788645468,d717c8507,debug,editor-scroll,build_p95_ms,0.2614
1788645470,d717c8507,debug,plain-typing,keystroke_p50_ms,0.3182
1788645472,d717c8507,debug,fold-toggle,monster_ms,1.9510
1788647210,fdde92f35,debug,editor-scroll,build_p50_ms,0.1232
1788647210,fdde92f35,debug,editor-scroll,build_p95_ms,0.2679
1788647212,fdde92f35,debug,plain-typing,keystroke_p50_ms,0.2938
1788647214,fdde92f35,debug,fold-toggle,monster_ms,2.0157
1788647299,fdde92f35,debug,typing,emptied_monster_p50_ms,3.9131
1788647436,fdde92f35,debug,editor-scroll,build_p50_ms,0.1193
1788647436,fdde92f35,debug,editor-scroll,build_p95_ms,0.2380
1788647438,fdde92f35,debug,plain-typing,keystroke_p50_ms,0.2868
1788647439,fdde92f35,debug,fold-toggle,monster_ms,2.0340
1788647777,fdde92f35,debug,tree-demo,toggle_ms,0.7086
1788647788,fdde92f35,debug,render-scroll,avg_ms,2.4332
1788647788,fdde92f35,debug,render-scroll,p50_ms,2.3500
1788647788,fdde92f35,debug,render-scroll,p95_ms,3.0343
1788647827,fdde92f35,debug,styled-typing,p50_ms,2.3360
1788647827,fdde92f35,debug,styled-typing,p95_ms,3.0595
1788647855,fdde92f35,debug,monster-search-scroll,paint_p50_ms,0.0000
1788647855,fdde92f35,debug,monster-search-scroll,paint_max_ms,0.0000
1788647891,fdde92f35,debug,monster-scroll,paint_p50_ms,3.1464
1788647891,fdde92f35,debug,monster-scroll,paint_p95_ms,4.0985
1788647901,fdde92f35,debug,wall,open_ms,113.6085
1788647901,fdde92f35,debug,wall,typing_p50_ms,1.0825
1788647926,fdde92f35,debug,burst-typing,p50_ms,4.2294
1788647926,fdde92f35,debug,burst-typing,p95_ms,8.0226
1788647959,fdde92f35,debug,typing,emptied_monster_p50_ms,3.3402
1788647997,fdde92f35,debug,typing,monster_p50_ms,2.2922
1788647997,fdde92f35,debug,typing,scratch_p50_ms,0.7298
1788648018,fdde92f35,debug,editor-scroll,build_p50_ms,0.1219
1788648018,fdde92f35,debug,editor-scroll,build_p95_ms,0.2441
1788648020,fdde92f35,debug,plain-typing,keystroke_p50_ms,0.3193
1788648022,fdde92f35,debug,fold-toggle,monster_ms,1.7449
1788648496,fdde92f35,debug,typing,emptied_monster_p50_ms,1.8828
1788648532,fdde92f35,debug,typing,emptied_monster_p50_ms,3.2432
1788648568,fdde92f35,debug,typing,emptied_monster_p50_ms,2.9525
1788648610,fdde92f35,debug,typing,emptied_monster_p50_ms,1.9603
1788648656,fdde92f35,debug,typing,emptied_monster_p50_ms,2.1587
1788648692,fdde92f35,debug,typing,emptied_monster_p50_ms,3.3727
1788648734,fdde92f35,debug,typing,emptied_monster_p50_ms,2.7562
1788648770,fdde92f35,debug,typing,emptied_monster_p50_ms,2.8012
1788692959,ace75994c,debug,monster-resize,sync_ms,2.7184
1788692959,ace75994c,debug,monster-resize,repair_effect_ms,15.6467
1788692961,ace75994c,debug,list-scroll,build_ms,4.0497
1788692961,ace75994c,debug,list-scroll,frame_p50_ms,0.0401
1788692961,ace75994c,debug,list-scroll,frame_p95_ms,0.0431
1788692961,ace75994c,debug,tree-ops,toggle_ms,0.0742
1788692961,ace75994c,debug,tree-ops,build_ms,301.7830
1788693122,ace75994c,debug,tree-demo,toggle_ms,0.5639
1788693126,ace75994c,debug,monster-scroll,paint_p50_ms,3.5722
1788693126,ace75994c,debug,monster-scroll,paint_p95_ms,4.7257
1788693157,ace75994c,debug,monster-search-scroll,paint_p50_ms,0.0000
1788693157,ace75994c,debug,monster-search-scroll,paint_max_ms,0.0000
1788693199,ace75994c,debug,render-scroll,avg_ms,2.2436
1788693199,ace75994c,debug,render-scroll,p50_ms,2.1543
1788693199,ace75994c,debug,render-scroll,p95_ms,2.8241
1788693236,ace75994c,debug,styled-typing,p50_ms,2.3337
1788693236,ace75994c,debug,styled-typing,p95_ms,2.9286
1788693247,ace75994c,debug,wall,open_ms,113.0568
1788693247,ace75994c,debug,wall,typing_p50_ms,1.0936
1788693272,ace75994c,debug,burst-typing,p50_ms,4.3291
1788693272,ace75994c,debug,burst-typing,p95_ms,7.7803
1788693306,ace75994c,debug,typing,emptied_monster_p50_ms,3.3414
1788693344,ace75994c,debug,typing,monster_p50_ms,2.1691
1788693344,ace75994c,debug,typing,scratch_p50_ms,0.7707
1788693353,ace75994c,debug,editor-scroll,build_p50_ms,0.1196
1788693353,ace75994c,debug,editor-scroll,build_p95_ms,0.2398
1788693355,ace75994c,debug,plain-typing,keystroke_p50_ms,0.2800
1788693357,ace75994c,debug,fold-toggle,monster_ms,1.7419
1788695567,ace75994c,debug,editor-scroll,build_p50_ms,0.1218
1788695567,ace75994c,debug,editor-scroll,build_p95_ms,0.2544
1788695569,ace75994c,debug,plain-typing,keystroke_p50_ms,0.3050
1788695571,ace75994c,debug,fold-toggle,monster_ms,2.0097
1788695588,ace75994c,debug,monster-resize,sync_ms,2.7696
1788695588,ace75994c,debug,monster-resize,repair_effect_ms,15.9711
1788695590,ace75994c,debug,list-scroll,build_ms,3.9505
1788695590,ace75994c,debug,list-scroll,frame_p50_ms,0.0396
1788695590,ace75994c,debug,list-scroll,frame_p95_ms,0.0477
1788695590,ace75994c,debug,tree-ops,toggle_ms,0.0762
1788695590,ace75994c,debug,tree-ops,build_ms,302.9500
1788818133,fcf440754,debug,list-scroll,build_ms,3.9597
1788818133,fcf440754,debug,list-scroll,frame_p50_ms,0.0537
1788818133,fcf440754,debug,list-scroll,frame_p95_ms,0.0591
1788818133,fcf440754,debug,tree-ops,toggle_ms,0.0773
1788818133,fcf440754,debug,tree-ops,build_ms,298.0599
1788818215,fcf440754,debug,list-scroll,build_ms,3.9999
1788818215,fcf440754,debug,list-scroll,frame_p50_ms,0.0529
1788818215,fcf440754,debug,list-scroll,frame_p95_ms,0.0582
1788818215,fcf440754,debug,tree-ops,toggle_ms,0.0731
1788818215,fcf440754,debug,tree-ops,build_ms,289.1892
1788818262,fcf440754,debug,list-scroll,build_ms,4.0186
1788818262,fcf440754,debug,list-scroll,frame_p50_ms,0.0540
1788818262,fcf440754,debug,list-scroll,frame_p95_ms,0.0588
1788818262,fcf440754,debug,tree-ops,toggle_ms,0.0753
1788818262,fcf440754,debug,tree-ops,build_ms,296.2637
1788818545,fcf440754,debug,tree-demo,toggle_ms,0.6651
1788818579,fcf440754,debug,monster-scroll,paint_p50_ms,2.0111
1788818579,fcf440754,debug,monster-scroll,paint_p95_ms,3.9543
1788818619,fcf440754,debug,styled-typing,p50_ms,2.4658
1788818619,fcf440754,debug,styled-typing,p95_ms,3.1610
1788818647,fcf440754,debug,monster-search-scroll,paint_p50_ms,0.0000
1788818647,fcf440754,debug,monster-search-scroll,paint_max_ms,0.0000
1788818712,fcf440754,debug,wall,open_ms,114.2300
1788818712,fcf440754,debug,wall,typing_p50_ms,1.0894
1788818737,fcf440754,debug,burst-typing,p50_ms,4.3040
1788818737,fcf440754,debug,burst-typing,p95_ms,7.8384
1788818771,fcf440754,debug,typing,emptied_monster_p50_ms,2.0072
1788818809,fcf440754,debug,typing,monster_p50_ms,2.4888
1788818809,fcf440754,debug,typing,scratch_p50_ms,0.9501
1788819100,fcf440754,debug,render-scroll,avg_ms,2.2513
1788819100,fcf440754,debug,render-scroll,p50_ms,2.1598
1788819100,fcf440754,debug,render-scroll,p95_ms,2.8344
1788819114,fcf440754,debug,editor-scroll,build_p50_ms,0.1182
1788819114,fcf440754,debug,editor-scroll,build_p95_ms,0.2392
1788819116,fcf440754,debug,plain-typing,keystroke_p50_ms,0.2808
1788819117,fcf440754,debug,fold-toggle,monster_ms,2.0432
1788819198,fcf440754,debug,list-scroll,build_ms,3.9111
1788819198,fcf440754,debug,list-scroll,frame_p50_ms,0.0544
1788819198,fcf440754,debug,list-scroll,frame_p95_ms,0.0605
1788819199,fcf440754,debug,tree-ops,toggle_ms,0.0746
1788819199,fcf440754,debug,tree-ops,build_ms,297.5079
1788819959,5abaae979,debug,list-scroll,build_ms,4.1328
1788819959,5abaae979,debug,list-scroll,frame_p50_ms,0.0543
1788819959,5abaae979,debug,list-scroll,frame_p95_ms,0.0599
1788819960,5abaae979,debug,tree-ops,toggle_ms,0.0790
1788819960,5abaae979,debug,tree-ops,build_ms,299.5025
1788819982,5abaae979,debug,editor-scroll,build_p50_ms,0.1182
1788819982,5abaae979,debug,editor-scroll,build_p95_ms,0.2366
1788819984,5abaae979,debug,plain-typing,keystroke_p50_ms,0.3049
1788819985,5abaae979,debug,fold-toggle,monster_ms,2.1940
1788821563,a2fd5b253,debug,list-scroll,build_ms,3.9473
1788821563,a2fd5b253,debug,list-scroll,frame_p50_ms,0.0545
1788821563,a2fd5b253,debug,list-scroll,frame_p95_ms,0.0616
1788821563,a2fd5b253,debug,tree-ops,toggle_ms,0.0748
1788821563,a2fd5b253,debug,tree-ops,build_ms,303.2021
1788821600,a2fd5b253,debug,editor-scroll,build_p50_ms,0.1183
1788821600,a2fd5b253,debug,editor-scroll,build_p95_ms,0.2388
1788821602,a2fd5b253,debug,plain-typing,keystroke_p50_ms,0.2828
1788821604,a2fd5b253,debug,fold-toggle,monster_ms,2.2491
1788821609,a2fd5b253,debug,diff-open,open_ms,18.3122
1788821609,a2fd5b253,debug,diff-typing,p50_ms,0.3119
1788821610,a2fd5b253,debug,diff-resize,frame_p50_ms,3.9083
1788821610,a2fd5b253,debug,diff-resize,frame_worst_ms,4.2104
1788821627,a2fd5b253,debug,search-landing,worst_ms,24.9764
1788821627,a2fd5b253,debug,search-scroll,paint_p50_ms,0.3297
1788821627,a2fd5b253,debug,search-scroll,paint_p95_ms,0.4401
1788823050,517051c22,debug,editor-scroll,build_p50_ms,0.1197
1788823050,517051c22,debug,editor-scroll,build_p95_ms,0.2410
1788823052,517051c22,debug,plain-typing,keystroke_p50_ms,0.3001
1788823053,517051c22,debug,fold-toggle,monster_ms,1.9972
1788823059,517051c22,debug,list-scroll,build_ms,3.9927
1788823059,517051c22,debug,list-scroll,frame_p50_ms,0.0539
1788823059,517051c22,debug,list-scroll,frame_p95_ms,0.0595
1788823059,517051c22,debug,tree-ops,toggle_ms,0.0789
1788823059,517051c22,debug,tree-ops,build_ms,308.7468
1788870522,1f9fd7865,debug,editor-scroll,build_p50_ms,0.1237
1788870522,1f9fd7865,debug,editor-scroll,build_p95_ms,0.2651
1788870524,1f9fd7865,debug,plain-typing,keystroke_p50_ms,0.3129
1788870526,1f9fd7865,debug,fold-toggle,monster_ms,2.2492
1788882137,4f2ae767a,debug,editor-scroll,build_p50_ms,0.1232
1788882137,4f2ae767a,debug,editor-scroll,build_p95_ms,0.2509
1788882139,4f2ae767a,debug,plain-typing,keystroke_p50_ms,0.3013
1788882140,4f2ae767a,debug,fold-toggle,monster_ms,2.0401
1788882150,4f2ae767a,debug,list-scroll,build_ms,4.0030
1788882150,4f2ae767a,debug,list-scroll,frame_p50_ms,0.0540
1788882150,4f2ae767a,debug,list-scroll,frame_p95_ms,0.0590
1788882151,4f2ae767a,debug,tree-ops,toggle_ms,0.0760
1788882151,4f2ae767a,debug,tree-ops,build_ms,301.1388
1788883923,e616034b9,debug,editor-scroll,build_p50_ms,0.5689
1788883923,e616034b9,debug,editor-scroll,build_p95_ms,2.3487
1788883933,e616034b9,debug,plain-typing,keystroke_p50_ms,1.5664
1788883940,e616034b9,debug,fold-toggle,monster_ms,9.8218
1788884327,e616034b9,debug,list-scroll,build_ms,4.0555
1788884327,e616034b9,debug,list-scroll,frame_p50_ms,0.0536
1788884327,e616034b9,debug,list-scroll,frame_p95_ms,0.0596
1788884327,e616034b9,debug,tree-ops,toggle_ms,0.0732
1788884327,e616034b9,debug,tree-ops,build_ms,319.9853
1788908001,6fdd0cdd9,debug,list-scroll,build_ms,3.9641
1788908001,6fdd0cdd9,debug,list-scroll,frame_p50_ms,0.0539
1788908001,6fdd0cdd9,debug,list-scroll,frame_p95_ms,0.0598
1788908002,6fdd0cdd9,debug,tree-ops,toggle_ms,0.0762
1788908002,6fdd0cdd9,debug,tree-ops,build_ms,317.1450
1788908097,6fdd0cdd9,debug,editor-scroll,build_p50_ms,0.1278
1788908097,6fdd0cdd9,debug,editor-scroll,build_p95_ms,0.2887
1788908099,6fdd0cdd9,debug,plain-typing,keystroke_p50_ms,0.2885
1788908101,6fdd0cdd9,debug,fold-toggle,monster_ms,2.2459
1788911511,6fdd0cdd9,debug,editor-scroll,build_p50_ms,0.1223
1788911511,6fdd0cdd9,debug,editor-scroll,build_p95_ms,0.2419
1788911513,6fdd0cdd9,debug,plain-typing,keystroke_p50_ms,0.2896
1788911515,6fdd0cdd9,debug,fold-toggle,monster_ms,2.0111
1788911523,6fdd0cdd9,debug,list-scroll,build_ms,10.7899
1788911523,6fdd0cdd9,debug,list-scroll,frame_p50_ms,0.0573
1788911523,6fdd0cdd9,debug,list-scroll,frame_p95_ms,0.0717
1788911524,6fdd0cdd9,debug,tree-ops,toggle_ms,0.0732
1788911524,6fdd0cdd9,debug,tree-ops,build_ms,300.6130
1788953510,38b706476,debug,editor-scroll,build_p50_ms,0.1236
1788953510,38b706476,debug,editor-scroll,build_p95_ms,0.2645
1788953512,38b706476,debug,plain-typing,keystroke_p50_ms,0.2947
1788953513,38b706476,debug,fold-toggle,monster_ms,1.7011
1788994732,707599eb1,debug,editor-scroll,build_p50_ms,0.1249
1788994732,707599eb1,debug,editor-scroll,build_p95_ms,0.2725
1788994734,707599eb1,debug,plain-typing,keystroke_p50_ms,0.2805
1788994736,707599eb1,debug,fold-toggle,monster_ms,1.8579
1788996110,707599eb1,debug,editor-scroll,build_p50_ms,0.1216
1788996110,707599eb1,debug,editor-scroll,build_p95_ms,0.2388
1788996112,707599eb1,debug,plain-typing,keystroke_p50_ms,0.2934
1788996114,707599eb1,debug,fold-toggle,monster_ms,1.7641
1788997079,707599eb1,debug,editor-scroll,build_p50_ms,0.1213
1788997079,707599eb1,debug,editor-scroll,build_p95_ms,0.2450
1788997081,707599eb1,debug,plain-typing,keystroke_p50_ms,0.2994
1788997082,707599eb1,debug,fold-toggle,monster_ms,1.8878
1789048824,78ad484cc,debug,editor-scroll,build_p50_ms,0.1206
1789048824,78ad484cc,debug,editor-scroll,build_p95_ms,0.2473
1789048826,78ad484cc,debug,plain-typing,keystroke_p50_ms,0.2894
1789048827,78ad484cc,debug,fold-toggle,monster_ms,2.2894
